Što je, Barbie?	6
Molim te prestani.	1
Kada si zadnji put imala spoj?	1, 2, 7
Ti se bojiš, zar ne? Ti se stvarno bojiš ovoga mesta.	2, 7, 8
Za ime Božije, Johnnie.	1, 3
Isuse, ti si čudna.	5
Samo završimo s tim.	1, 3
Dolaze po tebe, Barbara.	1
Nema izlaza.	6
Upomoć!	4, 7
Molim vas, trebamo pomoć!	4
Hej, ima li koga ovde? Hej?	2, 7
Hej! Hajde!  Hajde!	1, 2
Umri... prokletstvo!	1
Nadajmo se da će doći pomoć.	4
Nemoj mi se sada raspasti, razumeš?	6
Sve što sam čuo su bezvezarije.	6
Kako objašnjavaju da čovek hoda okolo sa slomljenim vratom?	7
Kreteni ih pokušavaju opkoliti i staviti otraga u kamion.	1
Imali su ih deset... dvadeset u stražnjem delu ovog obloženog kamiona.	6
Auto je eksplodirao vani.	4
Video sam to stvorenje kako je primilo trideset hitaca, a i dalje se približavalo.	4
Dok nije primio metak u glavu.	1, 4
To ga je spustilo.	8
Ovo je nešto što niko nikada nije čuo niti video.	2
Mora biti neka puška u ovoj kući.	4
Šta je to?	2
U redu je.	5, 8
Sve je u redu.	5, 8
Sve je u redu, ne pucajte! Ne pucajte, gospodine!	4
Ono njegova žena zove dole iz podruma.	7
Ne zamerite što pitamo, ko ste do đavola vi?	1
Proklet bio, skoro si mi slomio ruku, gospodine Ben.	1, 3
Mi smo se itekako prepali.	4
Moj ujak Rege je mrtav. Video sam ga, kunem se.	7
Prokletstvo! Sve smo to već pre čuli!	1
Hajde, Tom.	2
Jeste li spremni riskirati?	2
Vani kraj šupe ima benzinska pumpa.	2, 5
Ovo je sranje!	1
Ja ne odlučujem umesto tebe ni bilo kog drugog, Cooper.	1
Ja razmišljam o svojoj vlastitoj guzici.	5
Ne mogu normalno razmišljati dok se dereš na mene!	4
Siguran sam da i ti misliš isto o meni, pa se pokušajmo micati jedan drugome s puta, u redu?	3
Što još imaš za reći?	7
Video sam da je devojčica ozljeđena, pa sam...	6
Pogrešio si, to je sve.	8
Nateravao ga je kao...	4
Upucao je sam sebe.	3, 4, 6
-Bila je to dobra ideja.	8
-Nema vremena...	6
-Ali prozori hoće?	7
-Ti si lud!	4
Ti si poludeo!	3
-Što? Napravi što sam rekao!	1
Što s nama?	4
Ima samo ovaj čekić.	1
Pojačat ćemo ih kasnije.	8
Ako itko nađe neke ključeve, neka ih obesi na sebe.	7
Mogu imati sto pušaka, što se me ne tiče, ali nema veze, jer ovde dole je sigurnije!	2, 5
Neću otvoriti ta vrata, Helen, a nećeš niti ti, ako pokušaš, ja ću...	4
Moramo je odvesti liječniku.	4, 6
Gore nema liječnika, Helen, i nema izlaza odavde.	4
Koje mesto za zaglaviti.	4, 7
Neću to učiniti.	1
Uzmi noge.	1, 2
Donesi mi pušku kada se vraćaš!	1
Prikucaj ga.	8
Moramo otići pre nego što bude prekasno.	4
Znam da želiš otići odavde, i ja to želim. To ćemo učiniti.	2, 8
Dobro ti ide, u redu?	5
Uspet ćemo ako budemo pazili.	2, 8
Je li ona luda ili šta?	1, 3, 7
Zakucaj ih! Zakucaj!	2
Ovde!	3
Nemoj ići gore.	4
Prokletstvo.	3
Jednako tako može biti i sto.	3, 4
-Da, ali ih ne možemo čekati.	2
Podrum je jedino sigurno mesto u kući.	4
Doći će nas preklinjati da ih pustimo dolje.	1
-I što ćeš onda učiniti, Harry?	1
Šta to radiš? Šta misliš da ćeš postići?	7
-Ućuti, Helen! Šta misliš da ćeš postići?	1
Zatim ulazim! -Otvorit ćemo!	2
Bolje otvori vrata, odmah, Cooper.	1
Gledaj, pobedio sam!	5, 7
Ostavi ta vrata otvorena! Možda ćemo hteti ići dolje.	1
Ne ide to tako, prijatelju. Ako želiš ući u taj podrum, ući ćeš sada ili zaboravi!	1
Ovo je Tommyjeva kuća. A vi se kočoperite ovde!	7
Mi nikoga nećemo izbaciti van, Judy Rose. Nećemo učiniti ništa takvoga.	8
O, moj Bože. O, moj Bože.	4, 7
Helen, moramo brzo sići dole!	1, 2
Cooper, donesi mi čavle gore! I ključ!	1, 2
Miči ruke, miči ruke s mene!	1
Ubila si gospodina McGrudera!	7
Mrtvi su, ali idu za nama. -Ne.	4
To jednostavno ne može biti.	6, 7
Primi ga.	2
Da li je mrtav?	2, 4, 6
Misliš?	7
Šta god sam izgubila, izgubila sam odavno, i ne nameravam izgubiti ništa više.	1, 6
Biće sve u redu, OK?	2, 5, 8
Koliko metaka stane u tu stvar?	2
Izgubili su mogućnost komuniciranja i razum. Ne ragiraju na zapovesti.	6
Civilne i vojne snage su mobilizirane, ali se nasilje tako proširilo da je nemoguće da spasilačke ekipe budu efikasne.	6
Misle da je jedino razumno objašnjenje mikrob, bakterija ili virus, koja ima efekt menjanja mozga svojih žrtava.	4, 6
Lepo urađeno, kretenu! Razbio si ga!	1
Ti glupi...	1, 3
Proklet bio!	1
Kurvin sine!	1, 3
To je jedini način da saznamo što se događa! A ti si ga razbio.	1, 6
-Helen, prokletstvo, ostani ovde.	1, 4
Prokletstvo, ulazite unutra!	1
Ne želim nikakva zaključana vrata između sebe i ovog tipa.	6
Ćuti, Cooper! Ne želim više čuti niti reč.	1
Najteži deo biće proći pored njih.	6
Tommy i ja držat ćemo ta stvorenja dalje od tebe. Samo kreni!	1, 2
Hajde, prokletstvo!	1
Judy Rose, uspori! Izgubili smo Bena!	1, 4
Zaustavi auto!	4
Izgubili smo Bena, vrati se natrag!	6, 7
Izgubili smo Bena! -Što?	4, 6, 7
O, moj Bože, zašto mi nisi rekao?	1, 6, 7
Ovo su pogrešni ključevi. -Što?	6, 7
Što to do đavola radiš?	1
-Bože! Idi k vragu.	3
-Odustani, Cooper.	1
Prokletstvo!	1, 4, 7
Daj mi to!	1
Cooper, ne! Cooper!	6, 7
Još uvek možemo uspeti. -Ne, ja ne mogu.	2, 7, 8
Potvrđeno je da su tela mrtvih ponovno oživela pokrenuta nepoznatom silom.	4
Ta tela mogu biti uništena na samo jedan poznati način. A to je da im se onesposobi mozak.	4, 8
Potvrđeno je da su činovi ubistava i ljudožderstva prijavljeni tokom popodneva i večeri 23. puta 1989... pripisani u cjelosti ili djelimično... tim ponovno oživljenim tijelima.	1, 6
Ne pucaj! Ne pucaj!	4
Isuse! Prokletstvo!  Sveta majko!	3
Šta, u ime Jupiterovih lopti, radiš ovde sama, mlada damo?	4
Skini ih jebeno dole!	4
Zabavljate se?	2, 5
Pazi svoja leđa. Možda ih ima još.	4
Pravi si moron, znaš?	1
Sranje!	1, 3
Šta je sa vama kreteni jedni? Ugasite svetla.	1
Vidi, vidi, gomila malih protuva. Šta trazite sem problema?	1, 2, 3
Umukni, rekao sam!	1
U redu je. Znam ja takve.	1, 3, 8
Sve je to igra.	3
Dobra devojka.	2
Sve cu vas pobiti!	1
Pustite me pederčine!	1
Pustite me!	1
Ali ja ne bih trebala da idem u zatvor.	6
Zasto ona nije ovde! ?	4, 6
Gospodine, recite mi. Da li je ovo Božji raj?	4
Bićeš podučavana čitanju, smejanju, razgovoru, hodanju, čak i borbi.	2
- Da bi služila državi.	2, 8
- Otvorite to.	1
Reci im da otvore vrata!	1
To omogućava da raširiš krila na trenutak.	6
Počećeš prvo sa laganijim programima.	2, 8
Dobro. Ako pritisneš dugme, možeš da praviš slike, crteže.	2
Ovo je oružje koje uglavnom koristimo.	4
Zauzmi stav.	2
Sedi dole.	8
To je dosta za početak.	5
Više bih volela da me nema.	6
Podstičemo smisao za humor.	8
- Družiš li se sa nekim?	5
Sledeće nedelje ću napuniti 20 godina.	2
Imam program za kojim ćeš odlepiti.	5
- Ne znam.	6, 7
Za rođendan.	5
Posle toga, ništa više neću moći da učinim za tebe.	6, 7
Gledaš u moje ruke?	1
I upamti... postoje samo dve stvari bez ograničenja.	2
Hoću li?	1, 6
Uobičajeno?	5, 8
Sada pogledaj ovamo.	2
Napunjen je.	2
Ona je- - Imamo problem na vratima.	4
Prokleti, kretenu! Pusti me unutra!	1
- Izlaziš sutra!	1
Nedostajačeš mi.	6
Ne sedaj.	1
Je li jasno?	1
Banka je ispred bolnice, dobijaćeš isplate svakog meseca.	2
Savršeno.	5, 8
Čuo sam vic na poslu jutros.	5
Zahladnelo je.	4
Staviću kotlić.	2
Princeza je lepo spavala?	2, 5, 8
Pa sta kažeš da pozovemo Leona na večeru?	5
Možda ćemo postati partneri uskoro.	2
Nemaš roditelje, nemaš prijatelje.	1, 2
Dobro jutro. Hotelska služba.	5
- Bob je.	2
Baš dobro.	5
Želeo sam da ti čestitam.	2, 8
Biću počastvovan.	2, 5
Jel' tako? Ujka Bob.	7
Lepa kravata. Ona se još uvek sprema.	1
Zahvaljujući tebi, pretpostavljam .	5
Obećao sam da tebe neću pitati, ne njega.	1
Bila je tako divna.	5, 7
Uvek je imala gumicu u kosi... i nosila je samo bele haljine.	8
Viđao sam je samo leti kada porodica iznajmi kuću na selu.	6
Zajedno sa rođacima i susedima, bilo je najmanje 20-oro dece koja trče okolo i prave neprilike.	1
Vratila bi se , a sa nje bi sve curilo i svaki put bi rekla isto izvinjenje.	1, 8
Ponovo gondole,ponovo gondole.	4
- I ja.	1, 6, 8
- I gladna.	6
Papagaju.	1
Skini!	1, 3, 4
Josefine! ?	7
Da.	5, 8
Montiranje završeno.	5
- Kako zamisljaš da otvorim prozor? - Snaćićeš se.	1
- Možemo li da razgovaramo?	4, 6
Ne znam šta si uradila ili šta se desilo da dođeš dovde da budeš tako ranjiva.	3, 6
Najgori bi bio rastanak.	1, 6
Meta će biti vidljiva 10 sekundi.	2, 4
- Još uvek nemam tu informaciju.	6
Drago mi je što te vidim.	5
Nostalgičan sam za vremenima kad sam te imao celu za sebe.	6
Misliću na tebe.	5, 8
Umetnost ljubavi.	5, 8
Kakva dobrodošlica.	5, 7
Šampanjac!	5
I to sam sredio.	5, 8
Ušao je da poseti jednu od svojih ljubavnica.	8
Vidimo se kasnije.	5
U stvari, on nas uopšte ne zanima.	3
- Bar znamo gde da tražimo.	2
Nemoj me plašiti.	4, 7
Kako to da radiš u bolnici, a još uvek prokleto dobro mirišeš?	5, 7
U tome je tajna.	2
Marie-Helene. Kako si?	7
Oslikavanje pet priča čini slikanje duplo težim no inače.	1
Viski.	5
- Jutros su je promenili.	1, 6
Slušaj, ovo je moj zadatak. Šest meseci--	1
Ubaci svog smrdljivog čistaca!	1
Ostavi,ok!	1
Victor, moramo da napravimo plan.	2
Spasavaju ti guzicu.	1, 3
Đubrad! Mislio sam da ste ga ubili.	7
Ne možeš sam u ambasadu!	1
Evo,uzmi ključeve!	7
Neće biti telefonskih poziva.	1
Dobro, ali samo sat.	2
Hajdemo!	4
- Ko je ovo?	4
Stražari su na svojim mestima.	8
Stani!	1
- Oko bloka i nazad.	2
- Ubiće nas!	4, 6
Ovaj posao nije za tebe. Suviše je težak.	3
Moraju da ostare!	6
Znam šta se dešava.	1, 3
Nema Marie Clement u bolnici.	1, 2
Znam i za Špijuniranje, praćenje... video trake.	4, 7
Zato što samo tebe volim.	5
Slatki moj Marco.	8
Ti si najbolja osoba koju sam srela.	5
Zar ne misliš da je otplatila svoj dug?	6, 8
Pokušaću... ali je u opasnosti.	4
Brian, tebi se ne dopada ovaj posao ništa više nego meni, zar ne?	3
Ista, stara rutina, nedelju za nedeljom.	6
Mislio sam da jedeš samo ribu petkom.	7
Moramo da idemo.	2
Hej!	1, 2, 3
Nema penzionog plana... nema osiguranja...	1, 6
Ali ne znam šta bih drugo radio.	6
Baš me briga, nije moj.	2, 8
Umukni! Umukni!	1, 3
Svo to oružje i nasilje.	1, 3, 4, 6
Otkad je Case preuzeo firmu.	1, 3
Mislim, niko od nas nije ranije nosio oružje.	3, 6
U stara vremena, kada smo pljačkali nešto... niko nije bio povređen i niko nije mnogo gubio.	1
Tačno je, ali nemamo izbora.	3
Previše troši, zar ne misliš?	5
Hteo bih nešto malo više sportski.	2, 5
Vrlo smešno.	5
Čekajte.	2
Ne želim više da radim za gospodina Casea.	2, 6
Previše znaš. Zašto?	6, 7
Rekao sam mu da i vi, momci, hoćete da odete.	4
U kolima je, napolju.	8
O, moj Bože.	2, 7
Naprasno je umro.	6
Prvo Loui... sad Norm.	6
Vrlo sam uznemiren, Charlie.	1, 6
Imaš mušteriju.	2, 8
Izvinite!	5
Bila je to moja krivica.	6
Ne, hajde da ne rizikujemo.	4
Hoćete li da doručkujete sa mnom? Ne.	5
U redu, evo mog broja.	1, 3, 6
To su sve korišćene novčanice.	6
Hoćeš da radiš za nekog drugog?	8
Saznajte gde nose novac.	1
Dobro.	5
Dakle, ako nas opet budete pratili, iseći ću vam ruke. U redu?	1
Sjajno.	5, 8
Ako nas Case ne ubije, Trijade hoće.	1
Znaš šta bi trebalo da uradimo?	7
Pa, šta želiš da... šta želiš da studiraš?	2, 8
Kad se probudim, ispričam im šta sam sanjala.	2
Stvarno su zainteresovani.	2, 5
Pretpostavljam da imam neke interesantne snove, zar ne?	2, 8
To je sjajno.	2, 5, 8
Nije to tako.	4
Ne budi glup.	1, 3
O, da.	2, 5, 7, 8
Ali biće mi žao da ostavim Faith.	6
Da, pucate da ubijete.	1, 2
Zatvori ta vrata.	1
Više im ne verujem.	1, 6
Mislim da će sutra biti njihov poslednji dan na ovoj planeti.	1, 5
Oružje za njih?	4
Brian, oni će te ubiti! Koji oni?	4
Pusti me! - Oni će te ubiti!	1
Bacite oružje!	2
Ne pucajte!	4
To je vrlo smešno, Brian.	5
Poludeli ste?	1
I ti!	5
- Zažalićete zbog ovoga!	1
Uhvatila je taksi.	3
Nikada nećemo stići do aerodroma.	4
Hriste!	1
Ako budemo dobre kaluđerice, Bog će nam pomoći.	8
Od sada jesmo.	5
Ne govori ništa.	1
Pet Rana, skraćeno.	6
Hvala.	5, 8
Mi ne tolerišemo golotinju u bilo kom obliku.	1, 3
I volele bi da to objasnite sestri nadzornici.	3
Zašto ja?	4
Sad drži usta zatvorena, dok ne budeš imao da kažeš nešto prigodno.	1, 3
Ipak možeš prestati sa bogohuljenjem.	3
Možete li da nam pozajmite nešto slično tome što vi nosite?	3
Zato što moramo da izgledamo kao one, ako nećemo da privlačimo pažnju.	2, 3, 4
I hoću Briana i Charliea mrtve!	1
Koliko ostajete?	2
Veoma mi je drago što sam vas upoznao, sestro Euphemia.	5
Otac Seamus ne može da drži ruke pri sebi.	1, 3
To je odvratno!	3
Ocu Pearsonu.	8
Ne dopada mi se način na koji me gledate.	1
Nadam se da nema ničeg lošeg u tome, sestro.	4
Izgleda da je eksplodirala bomba i da je bilo pucnjave na ulici.	4
Čudne muškarce, mislite?	7
Zašto si izabrao Chipping Southbury?	6, 7
Sestro Liz, moram da održim devojkama čas religije za 15 minuta. Sedite, molim vas.	2, 4, 7
Ne vraćam se sada na posao, hvala lepo.	1
Mislim da bi sestra Inviolata bila mnogo bolja u tome od mene.	4, 5
Pa, hoćete li da kažete policiji?	1, 2, 4
Ne znam.	2, 7
- Ko to zna?	1
Šta ako je Case bude mučio?	4, 7
Razmišljam o njoj. Ako ne zna ništa, bezbedna je.	5
Ne može biti toliko teško.	1
Golubica je bila duh? Ne, duh je bio golubica.	7
Ti bi stvarno mogao da budeš kaluđerica.	7, 8
Pa, ne!	4, 6
Zato moraš imati veru.	5
Oči, muda, novčanik, sat!	2
Uživam u ovome.	5
Kako su onda srećnije od nas?	1, 3
Mislim da više nema potrebe da raspravljamo o Svetom trojstvu.	1, 8
I čemu sve te priče o zemaljskim patnjama, ako znaš da ćeš se pridružiti svom nebeskom Ocu?	7
Da vam kažem, mlada damo... nikada nije lako biti sin uspešnog oca.	6
Sve što je potrebno da znate o Svetom trojstvu je ovo:	5
Šta ti radiš ovde?	4, 7
Je li nas video još neko?	2
Šta je sa tvojom rukom?	2, 7
Osim toga, ne želim da nas dvoje budemo u vezi.	4
Spasio si živote tim ljudima.	5
Možeš da se promeniš, da radiš nešto pristojno.	2, 5
Kakogod, kakve to veze ima s tobom?	1, 7
Zato sam morao da te nađem. Da ti kažem to.	8
Kažeš mi da si oženjen? Da!	5, 7
Izvini, trebalo je da pomenem to.	3, 6
O... šta vi radite ovde?	7
Otišla je.	4, 6
Ići ću u crkvu na ispovest.	4, 6
Pa... blago tebi.	5
Sestro Inviolata. Sjajno igrate košarku.	2, 5, 7
Ali ne mogu da ih igram s vama.	6
Da li ste unutra?	8
Ne mogu pomoći sebi.	6
Prestani!	1, 3, 5
Ne bi trebalo da budeš ovde.	1
Slušajte, danas mi je rođendan i devojke mi spremaju zabavu.	7
Da li bi ste želele da dođete? Volele bi.	2, 8
Zašto nosite te kofere sa sobom sve vreme? Zato što su nam vrlo dragoceni.	7
Ona je potpuno u pravu.	8
Pa, bio si oženjen.	7
Pa, tako je bolje.	5, 7
Zaljubljen si u nju!	5, 8
Ispričaće o pljački Trijada. Pomenuće Casea, onda i nas.  Ne paniči.	2
Blagoslovite me, Oče, jer sam grešila.	6
Prošlo je tri godine od moje poslednje ispovesti.	4
Ti ga voliš?	7
Ali moj problem je... izvršen je užasan zločin danas i moram to da ispričam policiji.	2, 4
Pitala sam se... da li bi ste želeli da pričate o svojim... željama.	2, 8
Otac Pearson mi je rekao da ne možete držati ruke pri sebi.	6, 7
A on je bio poslat da nas spasi.	2, 8
Zato je privuklo toliko ljudi.	5, 8
I volela bih da ispričam policiji o njemu.	5
Da li je istina da, ako počinite greh zato što ste uplašeni, onda to uopšte i nije pravi greh?	2, 4
Meni to zvuči ispravno.	8
Zar mi nećete reći da su mi gresi oprošteni?	1, 7
Razrešavam te...	8
Hvala, Oče.	5
Moramo da odemo!	2, 4
Rekla je da će se vratiti.	8
Daj nam jeb...!	1
Gde li sam ga stavila?	7
Da, ali on je otišao bez mene, zar nije?	1, 6
Gospodina koga (Hu)?	7
Vidím sasvim dobro, hvala.	1, 2
Vidite, pokušavam da dobijem broj Faith Thomas... u Kings Crossu.	1
Zdravo, ponovo.	3
Ne mentalno.	6
Ako dođu ovde, javite mi.	2
Charlie!	4, 7, 8
Hajde da ih ubijemo sada.	1, 3
Izgubila sam 50.000 funti na konjskim trkama.	6
Ali to je kriminal.	3, 4
Što je još gore... taj novac je bio budžet za sledeću godinu klinike za rehabilitaciju.	1, 6
Dakle, prijavićete sestru Mary policiji?	4
Stvarno mi je potrebna vaša pomoć, g. Norris.	4, 5, 8
Kings Cross, molim.	2
- Sa zadovoljstvom, sestre.	5
Nemamo šta da obučemo.	3, 6
"Šta je sa ""ostati živ""?"	4, 7
Ovde, u Božijoj kući.	2, 5, 8
Možda nam Bog nešto govori.	8
Takođe smo pobegli sa milion funti tuđeg novca.	1
Došla sam da vas povedem na moju zabavu.	2, 5
Pogledajte, sestra Euphemia.	1
Dođite i sedite.	2
Hej, nije li to grozno, ta devojka koju su upucali na ulici danas.	6
Ali je vreme za duhovne savete.	7
Neće da odu.	3
Tako je, sestro.	8
Kako je ona?	2, 4, 6
O... o, Bože.	4
O, teško meni.	6, 7
Pošteno.	8
Zdravo, sestro.	5, 8
Nisam tako loše.	2, 5
Jesu li moje naočare tu?	1
Dakle, nisi ozbiljno ranjena?	2
Čoveka u koga sam zaljubljena nije briga.	6
O, sigurna sam da je to bio samo košmar.	8
Vi imate bradu.	7
Umukni ili si mrtva!	1
Vi ste muškarci!	1, 3, 4, 7
I očajnički želimo da se izvučemo iz organizovanog kriminala.	2
To je kao Robin Hood, vidite.	5
Mary?	4
Možete se kladiti!	5
Ne bi poživeli ni 24 sata, doživeli bi fatalnu nesreću.	4
Osim toga, ja se stvarno kajem.	3
Pa... ne znam da li mogu da poverujem u sve ovo.	4
O, hvala.	5
Zašto si tako obučen?	2, 3, 7
Ti prokleti lažove! Ne lažem.	1
Nisi oženjen?	7
Rekla sam mu moj problem, rekla sam mu da te volim, a on mi je rekao da zavežem gubicu!	1, 6
Case je ovde.	5, 7
Zbogom, momci.	6
Je li ovo vaš pištolj, gospodine?	4
Ima li predloga?	2
Gde te vode?	2
Naoružane su i opasne!	1
Ali zašto uvek moraš da napraviš da sve bude tako prokleto teško?	1
Odgovor na naše molitve.	5
Sledeći, molim.	2
Da, rezervisali smo dva mesta, ali su nam potrebna tri.	3, 6
Koji let i na koje ime?	2
Kamo ides? -Daj mi kljuceve.	7
Nov je auto...	7
-Sjajan auto.	5, 7
Redatelj:	2, 5
Dobrodosli u Hollywood, grad snova!	2, 5, 8
!	2, 4, 5, 6, 7
! -Stari dug.	4
-Nisi bila doma... Klopa!	1
Nije se mogla odvici.	6
Rachel! -sto je?	2
A i ona je nova!	8
Zato sto sam gladna.	5
Cure!	7
Sviđas se Carlosu...	7
Pa da nam uzima lovu? Ne!	1, 4
Trazis komada? Ne.	2
Tvoj?	8
Koji stroj!	2
Za noc? -Na sat.	7
-Na sat?	2, 6, 7
Nije jos... ali ukocit ce se...!	2, 8
Trebat cete jos auto? -Ne, nadam se!	2
Obuci ovo. -Zasto?	2
-Sve u redu.	2, 5, 8
I ne vrpolji se.	1
Posaljite mi jagode i sampanjac, molim.	2
Ne nosim hulahupke!	2
Zatvori usta, dragi.	1
Najbolji je.	5
Sve planiras?	1, 2
-Uvijek.	2
Mozes mi platiti...	1
Primas gotovinu?	2
Igram na sigurno.	8
Zacijelo znas mnoge odvjetnike.	2
Bit cu korisna.	3, 4, 8
Gdje...?	2, 5
sto hoce?	2
Mogu se izuti? -Izvoli.	2
Moja bivsa zena... zivi u mojoj bivsoj kuci... sa bivsim psom.	3, 6
O, super.	5
-Da ostanem tu?	2, 8
Odmah dolazim.	2, 8
Moras paziti na desni.	7
Nisam gledala ovu epizodu.	5, 7
sto zelis?	2
sto ti to znaci?	1
Odmah cu otici.	1, 2, 5
Narucio sam svega pomalo.	2
Kako si spavala?	2
-Profesionalni rizik?	4
Nije jednostavno.	4, 6
Fino.	2, 5, 8
Znam puno krasnih djevojaka...	5, 8
Imam poslovni prijedlog.	2, 5
-Jebote!	7
-Zgodan!	5
Nemamo nista za vas.	6, 7
-Kako biste htjeli?	2
Zacijelo ste mu...	2
Imam novac, a nemam haljinu.	6
Samo dajte.	1
Jake ima pravo.	3
Nista ne razumijem.	4, 6, 7
-Zlatan je.	5
O, ne. lmam i cipele.	4, 6
Siđi u predvorje u 19.45 h.	2, 5
Nazovite ponovno.	4, 6
Imam vazan razgovor.	1
Onda me prestani zvati!	1, 3
Ne naginjite se.	1, 3
-Od necake.	5
Zanimljiva mlada dama... Zanimljiva...	7
Idemo na veceru?	2
Hvala. -U redu.	5, 8
Tko je ovo narucio?	7
Ja jesam vrlo bogat!	1
Samo zelim voditi brodogradiliste!	1, 2, 6
Nisam znao.	6, 7
Oprosti, djede.	3, 6
Jedva cekam.	2, 8
Hvala na objasnjenju.	2, 5
Makni se odatle. Pravis me zivcanim.	3
Ovaj... sa svima osim s tobom.	2, 4, 8
Naravno.	2, 3, 8
Slicni smo, Vivian...	5, 8
Kad je umro?	6, 7
Nismo razgovarali 14 i pol godina.	2
Nisam bio uz njega na samrti.	4, 7
-Ne.	6, 7
Osjecala sam se usamljenom...	6
Svi te uvijek poslusaju?	1
Oprostite...	7
Obicno ili izuzetno?	1, 2, 3
Niste samo zgodan vec i uspjesan muskarac.	8
-Oh, pardon.	6
Stari lisac!	7
Ipak ce trebati zajam.	2
Majka mi je bila nastavnica glazbenoga; udala se za moga jako bogatog oca...	5, 8
Ostavio ju je zbog druge zene.	1
Bio sam bijesan na njega.	1
-Ti jesi!	5
Super!	5
Uzas!	2, 5
-Druzimo se, da.	2, 5
Gdje si je nasao?	7
-I zblizili su se?	2, 7
Nije spijunka, vec prostitutka.	8
Senatore Adams, drago mi je sto ste dosli.	5
-Itekako. Nema promjena?	1, 7
cuj... A da odemo nekamo kad Edward ode?	2, 8
Rekoh da mi je zao.	1, 8
Nikad se nisam osjecala tako jeftinom...	1, 3, 6
-Daj mi lovu.	1, 4
Oprosti.	6
Postupio sam glupo i okrutno...	6, 7
Hoces li ostati?	2, 5
-Zasto?	2, 7
To mi se nije svidjelo.	6
Samo smo razgovarali.	6
Povrijedio si me.	1, 3, 6
Nisam imala za stan...	6
Uvjerila me da je super biti prostitutka.	3, 6
Prvi put sam skroz plakala...	6
Mogla bi biti puno vise.	8
Kamo ides?	5
Nesto nedostaje.	4
250 tisuca dolara?	7
Trebali bismo stici za 50 minuta.	2
Ovuda, g. Lewis.	2
-Ovo je najbolja loza.	2
Ako ne, naucis je cijeniti, ali nikad ne postane dio tvoje duse...	3
Kasno je.	1, 6
Uzmi slobodan dan.	2
Ja da ne radim?	7
Slobodan dan?	7
Ali sto je 'vruci pesek'?	1
uskoro ces me se rijesiti.	2
-Da.	2, 8
-Bar ne bi bila na cesti.	2
Popeo bi se na toranj i spasio me...	5, 8
Moram ici.	7
Zasad ne mogu nista vise.	6
Zasto nisi dosla?	1, 6, 7
Sjajno izgledas.	5
Lijepa cista...	7
zeli me ponovno vidjeti.	7
O, ne!	4
Jesi!	5, 7
-Stvarno? !	5
dijamante, i konja...	1
Ma kome? !	4
Bit cu vani.	8
zelite kavu? -Bez mlijeka.	5
Necu kupiti i razbiti vasu kompaniju.	1
Nemojte krivo shvatiti, ali... ponosim se vama.	7
-Nije...	3
Ako te posevim, mozda se necu ljutiti zbog love...	2, 6
Poludio sam, kuzis?	4
Otkacio sam se! A da te trosim i vodim u operu, mozda bih bio sretan, kao Edward...  -Pusti me!	5, 7
-Pusti me! sto to radis?	3
sto ti je? !	1, 3, 7
Van!	1
Frajeri uvijek tuku zenu po licu... da joj oko ispada...	3, 6
Dobro sam se osjecao...	5
Spakirala si se.	6
Uvijek ce se naci netko tko ce htjeti sto i Stuckey... I sto ces onda?	3, 4, 6
Da pozovem nosaca?	1, 2
Ne mogu.	6, 7
San Francisco nije bas neki grad...	7
sto ces tamo?	7
Stvarno mislis?	2, 7
I ne slusaj one koji tvrde drukcije.	5, 8
Kad krece autobus?	2
cuvaj se.	2
G. Lewis... Ima li poruka?	2
Tesko je rastati se od takve ljepote.	6, 7
I sto kad vitez spasi princezu?	2
Spasi i ona njega...	2, 8
- Ekolozi to nazivaju tragedijom.	1, 7
Najveća pretnja po zdravlje sa kojom je suočena naša nacija.	4, 6
Ubistvo je najnoviji čin terorizma od strane Kejna, posle bacanja zapaljivih bombi na kliniku za lečenje od zavisnosti, kada je stradalo pet osoba.	1, 3, 4, 6
Bog zna zašto, ali oni žele ovaj štrajk.	1, 3
- Oh, izvadile ste mi oko, kurve.	1
Zaveži, tupane!	1
Kako nevaljao čika.	3
- Pobiću vas, kurve!	1
- Hajde!	2
Gde su meci za ovu pucu, čoveče?	1, 7
- Murkani štrajkuju, glupane.	1
Jesi li video?	2, 7
Sredili smo ga!	5
- Divno.	5, 8
Jebeni murkani!	4
Nije moj, čoveče.	4
Gospođice, ostanite dole.	1
Ne možeš da pucaš u klinca, jel' da, drkadžijo?	1, 3
Baci oružje ili je ona mrtva!	1
Lewis, spusti.	1
- Jebeno ću je ubiti!	1
- To već ne možemo dopustiti.	1, 6
I, da li sebe smatraš čovekom?	2
Potreban mi je odgovor.	1
Da li imaš ikakvu ideju o tome šta zapravo radiš toj jadnoj ženi?	1
Trudiš se da je ubediš da je njen muž i dalje živ.	6
Da li si ti čovek?	2
Ništa više.	6
Ne poznaješ me?	4, 7
- Hladno je.	3
Moje izvinjenje za manje neugodnosti.	3, 4, 6, 8
20 minuta u sred najveće gužve nije manja stvar.	5
Kada ćete početi da plaćate policiju da bi se oni vratili na posao?	2
Kako bi mi mogli da sakupimo toliko novca?	1, 2
- Vi sada kažete da možete da preuzmete?	7
Da li znate koliko ljudi umire napolju?	6, 7
Vi ste ubice.	1, 3
- Imam kontrolu.	8
- Tužićemo vaše guzice.	1
Jebi se!	1, 3
Bio sam vrlo strpljiv, Džonsone.	2
- Da, gospodine.	2
Veliko mi je zadovoljstvo da vam predstavim Robokap-a 2.	5, 8
Kada odjednom ostanu bez svega toga, nije ni čudo zašto postaju suicidalni.	1, 3, 6
Nema ničeg lošeg u tome da saslušamo mladu damu, zar ne, Džonsone?	2
- Ne, gospodine.	8
Nismo zaboravili ko si ti!	1
Jedan po jedan.	1
Ima dovoljno nuka ovde.	4
Najbolje koje se mogu kupiti.	5
Bolje bi bilo da imaš nešto za mene ovoga puta, policajče.	2, 3
- Jedan pajkan po automobilu?	2
- Hvala vam.	2, 5
- Trebao bi da prebrojiš, znaš.	2
Zar danas ne rade škole?	7
Policija!	7
- Gde je Kejn?	1, 2
- Zašto si stao?	7
- Umoran sam.	2
Kažu da ima mozak.	1, 3
Misliš da sam te ja pobedio?	6
- Kakvog je ukusa?	2, 7
Čoveče, samo ga pogledaj.	3, 6
Hriste, ogoljen je.	4, 6, 7
Nemojmo se zanositi.	7
Sranje.	1
Kurvin sine.	1, 3
Čujemo se.	1, 2
Oh, čoveče. Vi momci ste najbolji.	5
Policija vas nije previše namučila?	2
Hej, Kejne.	7
OK.	7
Da, samo se šališ.	1
Oh, uplašio si me.	1, 4, 6
Oh, naučio si me lekciju, čoveče.	8
Nikada se ne bih kačio sa vama, zato što vas stvarno volim, momci.	4, 8
Zaslužuješ ovo, Dafi.	2, 5
Dobra ideja.	5
Ali to su kriminalci.	7
Manijaci.	3, 4
Date su vam prerane procene.	1
Ovo su robijaši za električnu stolicu.	4
I sada, mislim da je to jako dobro mesto za početak potrage.	2
Ovo ću ispričati Džonsonu lično.	2, 5
Pa, mi ne planiramo da napravimo igračku, Džonsone.	1
- Faks zna šta radi.	8
Moraš da znaš koliko nam je to važno.	4
- Ne mogu se više složiti sa vama.	8
"Ko ste, dođavola, ""vi""? Vi ste advokat!"	1
Vreme je da apdejtujemo program i, pa, želela bih da čujem bilo koga od vas.	2
Pa, imamo preveliki pritisak od grupe roditelja.	4, 7
- Mogao bi da postane pobornik čovekove okoline.	2
Ne opiri nam se.	1, 2
Moram da idem.	6
Da radiš šta?	3, 7
Greška u tvom sistemu. Aleks Marfi je mrtav.	7
Odgovori.	1
Šta si ti?	2
Slobodan si.	5
Dirnut je.	5
Hvala što si pitao.	5, 7, 8
- Zvuči super.	2, 5
Mislim da bi trebali da popričamo.	4
Iako možda mislite da se sada zabavljate, vi samo povređujete voljene osobe.	6
- Idemo.	2
Treba da predstavljamo uzor, En.	2
Ja sam dobro.	2, 5
Idi kresni frižider, zavareni!	1
Ti si lud!	4, 7
Hajde.	1, 8
- Oni su ga sjebali.	6
- Mora da je poludeo.	6
Napunili su mu mozak svim tim besmislicama.	1
Neizvodljivo je, ne sa ovom opremom.	6
Ne mogu da poverujem u to.	7
Možete da propustite par hiljada volti kroz njega i pomolite se da preživi.	1, 2
- Naći ću neku pomoć.	4, 8
Ne dodirujte ga, usijan je!	4, 7
- Sklanjajte se sa puta.	1, 7
Kejn me muči.	1, 3
Uskoro, mi ćemo se proširiti od grada do grada.	2
Ponudićemo mušterijama mogućnost da kontrolišu svaki aspekt svojih emocionalnih života.	2, 8
Hvala ti, Frenk.	5
Isuse.	7
Sranje! Bomba!	1
Bomba!	4
Samo nanesite malo na svoje telo i bezbedni ste satima.	2
Moram te imati.	2
O čemu govoriš?	1
Ne tražim tvoju dozvolu.	1
Dođavola, Hob, potrebni smo Kejnu!	1
- Ubio bi te da to čuje.	1, 4
- Uskoro ćeš početi da drhtiš, Endži.	4
Frka ti je.	3, 6
Malo kopile.	1
Ti ubuduće samo radi ono što ti ja kažem, Endži.	1, 2
Bojim se da smo izgubili našeg pacijenta.	6
Imamo šest minuta pre nego što mozak postane neupotrebljiv.	2, 4
Dobrovoljno?	2
Širokogrud čovek. Da.	5, 8
Sada je šoutajm.	1, 2
Fino je i čisto ovde.	8
Polako.	5, 6
Hvala vam, hvala vam.	5, 8
Gde smo sada, Gili?	2
Mislim da je grad spašen.	2, 5, 8
Sada, slušajte vrlo pažljivo.	1
Oh, nije blef.	8
Neko se pojavio da izbavi grad.	7
- Ako grad bude mogao da plati, bićemo poniženi.	2, 4, 6
- Mislim da je gore od toga, gospodine.	6
Sigurno posedujemo sposobnost da efikasno pratimo gradonačelnika.	8
Kao što rekoh, sve zavisi od toga koliko daleko smo spremni da idemo.	1
- Otišli ste predaleko!	7
Ali se sećaš ovoga, zar ne?	1
Sav Nuk koji će ti ikada biti potreban.	2, 4
Dobar dečak.	5, 8
Ne sviđa mi se ovo.	3
Gospodo? Dakle?	2
- Zar vi ne mislite da će to biti dovoljno? - Da.	4
Mrzim to.	1
Sve je isplanirao.	5
Dakle samo nas ostavite na miru, a bilo ko ko želi Nuk će ga i dobiti.	1
Znači više neće biti kriminala.	5
Postaćeš poznat kao gradonačelnik koji je počistio Detroit.	2, 5
- Zar ne misliš da ima poentu?	2, 4, 8
Napolje!	1
- Hladno mi je.	6
Ne.	1, 6, 7
Ne ostavljaj me.	6
Neću te ostaviti.	2, 8
Veće od tebe.	1, 3
13 mrtvih u nečemu što izgleda kao masakr oko Nuk novca.	4
Da li je grad pokušavao da uspostavi dogovor sa narko-gazdama?	1, 4, 7
- Ali gospodine Gradonačelniče...	4
- Žao mi je.	4, 8
Bez daljnjih pitanja.	1
Naš gradonačelnik Kuzak.	2, 8
I ovde je, gradski centar, OCP-jev 100-spratni poklon gradu motora.	8
Samo TV I štampa.	1
Ova veličanstvena građevina će biti sedište vođstva novog Detroita.	2, 5
I tako, ljudi iz štampe, gradski zvaničnici, za par minuta, Omni Potrošački Proizvodi, i namučeni grad Detroit će se ujediniti u novom smelom planu.	2
I posebni pozdravi gradonačelniku Kuzaku i napuštajućoj administraciji.	2
Podići ćemo tornjeve od stakla i čelika.	2
Svaki građanin će imati stambenu jedinicu, bezbednu, sigurnu i čistu.	8
- Ne budite nostalgični.	1
I oni neće dozvoliti da vam ovo prođe.	2
Sada nam treba jedinica za čuvanje zakona sposobna za suočavanje sa neprijateljem ne njegovom terenu, i sa dovoljno vatrene moći da završi posao.	4
Dame i gospodo, veliko mi je zadovoljstvo, da vam predstavim Robokapa 2.	5
- U čemu je stvar?	2
Ne mogu da verujem.	7
To su bili oni!	5, 7
- Poslali šta?	4
100 ovakvih se napravi svakoga dana, i šalje u radnje gde urbani robovi prave ovaj otrov za naše prijatelje, naše voljene, našu decu.	1, 3
- Ništa.	6
- Ugasite ga.	1, 2
Ti!	1, 3
Ta stvar je ubica!	1
Ovo bi moglo da izgleda loše za OCP, Džonsone.	4
Upropastimo najbolji tim koji imamo.	2, 5
Sagni se!	4
- Moram da se vratim.	4
- Od mrtvih više neće biti problema.	1
- Pa, čekaju nas krupne optužbe.	4
- Znaš da ćemo uraditi sve što možemo.	2, 5, 8
Hvala bogu da ste dobro.	2, 4, 5, 7
- Razočarala sam vas.	6
- Ne budi tako teška prema sebi.	5, 6, 8
Pogledaj šta su uradili.	3
- Dajte nam izjavu, gospodine.	1, 3, 6
Taj kurvin sin će se izvući sa tim.	1, 7
Hteo sam da se prijavim, ali kažu da sam prestar.	6
Užasna.	1, 4, 7
Lepa devojka.	5
Ne budite učtivi.	1, 3, 8
Ali šta ćemo s vojvotkinjom?	2, 7
Džon je srećan čovek.	5
Kasnimo.	3, 6
Znaš, draga moja, sigurna sam da je taj jastuk prazan.	8
Ne možeš sedeti na praznom jastuku, zar ne?	3
- Evo Sintije.	5
- Stotine!	7
Veliki kicoš, no izvanredno pametan.	8
- Ljudi, gde je ostatak voda?	2
Sajls Kort je zaista veličanstveno staro mesto.	7
- Ne može ti brat pomoći?	1
- Lorens?	1
Otkad se udala, naravno...	3
- Dobar dan, g. Poaro.  - Dobar dan, dr.	5
Sve te boce raznih veličina, posložene bez reda.	1
Šta koristi?	2
Pokušavam im usaditi smisao za red i metodu ali uvek zbrišu u gostionicu.	1
Izvanredno dobar konj.	8
Poljoprivreda je jedna od izuzetih, na sreću.	5
Tu je zaista tako malo posla unaokolo.	2
Nisam mislio da je to ženski posao. Rat je.	7
- Rado. Meri.	5
O čemu se radi?	3
Đavolja pomutnja.	2
Ejvi se posvađala s Ingltorpom i odlazi.	2, 5
- Ejvi, to ne može biti istina.	7
Bojim se da sam rekla neke stvari Emili koje neće zaboraviti ili oprostiti tako brzo. - O, Ejvi.	6
Završila je rekavši da što pre napustim njenu kuću, to bolje.	1, 2, 4
G. Hestings. Vi ste najpošteniji.	2, 5
- Pazite na nju, g. Hestings.	8
- Gotovo je prevruće, zar ne?	3
Stvarno, mon ami Hestings!	1, 5
Ona je ljubazno pružila gostoprimstvo sedmorici mojih zemljaka, ...koji su izbegli iz naše domovine.	5, 8
Osim toga, ona nam je ustupila onu divnu kuću tamo preko.	2, 7
- Da, baš pravi.	8
To je pozajmica, ionako. Ne!  Ne!	1
Dorkas, donesite mi nekoliko maraka, hoćete li?	1, 3
Ne bi li se trebali odmoriti? Da.	1
Jeste li zapalili vatru u mojoj spavaćoj sobi? Jesam.	2
Sve sam saznala od Dorkas. Da, znam.	2
- Upozoravam te, Džone.	1
Iscrpljena sam.	6
Moram otići dole u selo posetiti našeg agenta za nekretnine.	1, 2, 3, 4, 6
Otvori vrata!	1, 2
Onde su vrata s druge strane.	4
U redu je. U redu je.	5
Sada se osećam malo bolje.	6
Ne!	6, 7
Zaista je to bio infarkt.	6, 7
O, moja jadna Emili.	6
Zadovoljan sam vama, Hestingse.	5, 8
Razumem savršeno.	7
Hestingse, ovo moramo ostaviti dok advokat gđe Ingltorp bude prisutan.	4
To je veoma zanimljivo, mon ami.	2
Vatra u spavaćoj sobi usred leta, Hestingse?	5
Tu bi mogao biti...	2
Upravo sam to i očekivao.	3, 4, 8
- Draga moja Dorkas. Gđa Ingltorp leži mrtva.  I nužno moramo znati sve ako je želimo osvetiti.	1, 2
Nastavite, gospođice.	8
Ne znam šta da radim.	4
No, ako je poslednji prašak bio uzeti pre dva dana, ...on ne može biti važan.	1
- Šta?	2, 7
Bojim se da tu nije reč o slučajnosti.	4
Vi ste uzeli ključeva, zar ne, g. Poaro?	2, 7
- Mais c'est impossible.	7
Doima se prilično jasnim, zaista.	2
Mora da je bilo 27 C u hladu.	1, 2, 7
Ali šoljica za kafu je bila sva smrvljena, ...da nije bilo moguće analizirati njen sadržaj.	1
Nije li tako?	3
- Razumem.	5
Možete li nam reći, g. Ingltorp, ...gde ste bili u ponedeljak osamnaestog maja uveče?	1, 2
- Stavio si je omču oko vrata.	1, 4
Stvari se odvijaju brzo, prijatelju moj.	7
Poaro sretali smo se i ranije. Nisam ranije video čoveka takvog rasuđivanja kao što je njegovo.	7
Slučaj protiv njega biće odbačen comme ça.	2
Alfred Ingltorp ne sme biti uhapšen, načelniče.	8
- Ne? Predivan grad.	5
Hestingse, zar vam nije bilo čudno da je g. Lorens Kevendiš sugerisao da je njegova majka mogla biti otrovana slučajno?	1
Ne, ne, ne, Hestingse.	6, 7
- U postaju.	6
Razumem.	8
Recite!	6, 7
Popisao sam ih. Imena i adrese.	7
- Znači, opet smo na početku.	3
Ali mi moramo biti čak i inteligentniji.	2
A tu ćete vi biti dragoceni, mon ami. Dođite.	2, 5, 8
Mogu li vam ga ukrasti, g. Poaro?	3
Pa, pretpostavljam da je zaboravila. Ili nije očekivala da će umreti.	6
Mrzi me.	1
- Ni on me ne može podneti.	4, 6
Ipak užasno je kad vas niko ne voli, zar ne?	6
Lorens nikad ne razgovara sa mnom da može pokazati to.	1, 6, 8
- Ne budite glupi!	1
- Nisam glup.	2
Beskrajno ste me razveselili.	5
Ti pokvareni detektivi!	1, 3
Suđenje starome Bejliju za ubistvo!	1, 4
Kako se izjašnjavate?	2
Načuli ste deo razgovora sa njenom svekrvom kad je ona zahtevala da joj gđa Ingltorp pokaže nešto?	8
Imate mirnu ruku, Poaro, moram reći.	7
- Dobro.	7
- Predočite dokaz D.	2
Bolje da pođete gore, onda.	2
Svi smo se okupili, da?	2
Mesdames et monsieurs, dobro veče.	5
Nisam li u pravu, gospođo?	1, 2, 8
Gđa Ingltorp lično.	7
Uprkos tome, mon ami.	2, 8
- Ionako je to pozajmica. - Ne!	8
Ako strihnin nije bio u kafi, ...a mi znamo da nije bio u kakau, gde je bio?	4
Ne?	1
Njen lek.	7
Verovatno da je poslednja doza kobna.	6
Neko je dodao prašak za spavanje u njen tonik!	7
Ali ja sam već zaključao kutiju za pisma gđe Ingltorp onog jutra na dan njene smrti.	3
Izvinite.	6
U redu.	5
Zaslužili smo taj novac u svakom slučaju.	1
Užasno!	3, 4
Nikada ga nije dovršio, vidite, mon ami.	5
Ostalo znamo.	1
Nikad nisam ni na trenutak posumnjao da si to ti uradio.	4, 7, 8
- Mislio sam da sam gotov.	5
Želim čuti sve o tome.	2
Znate, jedna stvar koju ne razumem je zašto se činilo da je Ingltorpu bilo toliko stalo da ga uhapse?	4
Onda bi izneo svoj besprekorni alibi i bio bi siguran za ceo život.	3
- Gospođa Hauard? - Mais oui.	1, 3
Lukavi djavoli.	8
Ona glupa veza s gospođom Rejks je zaboravljena.	1, 3
Šta sve muškarci i žene ne čine zbog ljubavi! Mais oui.	5, 7
Nikada neću zaboraviti način na koji je gledao kada smo otišli u sobu gđe Ingltorp.	5
- Jer je zaljubljen u nju, naravno!	5
O, vi ste obojica tako dragi ljudi.	5
Kakva divna devojka!	5, 7, 8
- Nikad neću razumeti žene.	6
Htio sam se prijaviti, ali kažu da sam prestar.	6
Lijepa djevojka.	5
Ali što ćemo s vojvotkinjom?	2, 7
John je sretan čovjek.	5
Ne možeš sjediti na praznom jastuku, zar ne?	3
- Evo Cynthije.	5
- Vi ljudi. Gdje je ostatak voda?	2
Styles Court je zaista veličanstveno staro mjesto.	7
- Ne može ti brat pomoći? - Lawrence?	1
- Dobar dan, g. Poirot.  - Dobar dan, dr.	5
Što koristi, ha?	2
Pokušavam im usaditi smisao za red i metodu ali uvijek zbrišu u gostionicu.	1
Tu je zaista tako malo posla uokolo.	2
- Rado. Mary.	5
Evie se posvađala s Inglethorpom i odlazi.	2, 5
- Evie, to ne može biti istina.	7
Bojim se da sam rekla neke stvari Emily koje neće zaboraviti ili oprostiti tako brzo. - O, Evie.	6
Završila je rekavši da što prije napustim njenu kuću, to bolje.	1, 2, 4
G. Hastings. Vi ste najpošteniji.	2, 5
- Pazite na nju, g. Hastings.	8
Doista, mon ami Hastings!	1, 5
Ona je ljubazno pružila gostoprimstvo sedmorici mojih zemljaka, ...koji su izbjegli iz naše domovine.	5, 8
Osim toga, ona nam je ustupila onu divnu kuću tamo prijeko.	2, 7
Dorcas, donesite mi nekoliko maraka, hoćete li?	1, 3
Sve sam saznala od Dorcas. Da, znam.	2
- Upozoravam te, Johne.	1
Moram otići dolje u selo posjetiti našeg agenta za nekretnine.	1, 2, 3, 4, 6
Ondje su vrata s druge strane.	4
Sada se osjećam malo bolje.	6
Zacijelo je to bio infarkt.	6, 7
O, moja jadna Emily.	6
Zadovoljan sam vama, Hastingse.	5, 8
Razumijem savršeno.	7
Hastingse, ovo moramo ostaviti dok odvjetnik gđe Inglethorp bude nazočan.	4
To je veoma zanimljivi, mon ami.	2
Vatra u spavaćoj sobi usred ljeta, Hastingse?	5
Upravo kako sam očekivao.	3, 4, 8
- Draga moja Dorcas. Gđa Inglethorp leži mrtva.  I nužno moramo znati sve ako je želimo osvetiti.	1, 2
Ne znam što da radim.	4
No, ako je posljednji prašak bio uzet prije dva dana, ...on ne može biti važan.	1
- Što?	2, 7
Bojim se da tu nije riječ o slučajnosti.	4
Vi ste uzeli ključeva, zar ne, g. Poirot?	2, 7
Ali šalica za kavu je bila tako sva smrvljena, ...da nije bilo moguće analizirati njen sadržaj.	1
- Razumijem.	5
Možete li nam reći, g. Inglethorp, ...gdje ste bili u ponedjeljak osamnaestog lipnja na večer?	1, 2
Poirot sretali smo se i ranije. Nisam ranije vidio čovjek takvog rasuđivanja kao što je njegovo.	7
Slučaj protiv njega biti će odbačen comme ça.	2
Alfred Inglethorp ne smije biti uhićen, načelniče.	8
Hastingse, nije li vam bilo čudno da je g. Lawrence Cavendish sugerirao da je njegova majka mogla biti otrovana slučajno?	1
Ne, ne, ne, Hastingse.	6, 7
Razumijem.	8
A tu ćete vi biti dragocjeni, mon ami.	2, 5, 8
Mogu li vam ga ukrasti, g. Poirot?	3
Pa, pretpostavljam da je zaboravila. Ili nije očekivala da će umrijeti.	6
- Ni on me ne može podnijeti.	4, 6
Ipak užasno je kad vas nitko ne voli, zar ne?	6
Lawrence nikad ne razgovara sa mnom da može pokazati to.	1, 6, 8
Suđenje starome Baileyju za umorstvo!	1, 4
Načuli ste dio razgovora sa njenom svekrvom kad je ona zahtijevala da joj gđa Inglethorp pokaže nešto?	8
Imate mirnu ruku, Poirot, moram reći.	7
Mesdames et monsieurs, dobra večer.	5
Gđa Inglethorp osobno.	7
Unatoč tome, mon ami.	2, 8
Ako strihnin nije bio u kavi, ...a mi znamo da nije bio u kakau, gdje je bio?	4
Njen lijek.	7
Vjerojatno da je posljednja doza kobna.	6
Netko je dodao prašak za spavanje u njezin tonik!	7
Ali ja sam već zaključao kutiju za pisma gđe Inglethorp ono jutro na dan njene smrti.	3
Oprostite.	3, 6
Nikada ga nije dovršio pisati, vidite, mon ami.	5
Nikad nisam ni na trenutak posumnjao da si to ti učinio.	4, 7, 8
Znate, jedna stvar koju ne razumijem je zašto se činilo da je Inglethorpu bilo toliko stalo da ga uhite?	4
Onda bi iznio svoj besprijekorni alibi i bio bi siguran za cijeli život.	3
- Gospođa Howard? - Mais oui.	1, 3
Lukavi vragovi.	8
Ona glupa veza s gđom Raikes je zaboravljena.	1, 3
Što sve muškarci i žene ne čine zbog ljubavi! Mais oui.	5, 7
Nikada neću zaboraviti način na koji je gledao kada smo otišli u sobu gđe Inglethorp.	5
Dođi!	2
Kakva divna djevojka!	5, 7, 8
- Nikad neću razumjeti žene.	6
Pravi si moron, znas?	1
Gde je ?	1
Ugasite svetla.	1
Sta vi znate, gomila malih protuva. Sta trazite sem problema?	1, 2, 3
Mozes misliti da je to zabavno, ali za vratom sam ti.	3
Pustite me pedercine!	1
Ali ja bih trebal da idem u zatvor.	6
Molim vas eksperimentajte. Moram videti Mamu.	4, 6
Gospodine, recite mi. Da li je ovo Bozji raj?	4
Bices poducavana citanju, smejanju, razgovoru, hodanju, cak i borbi.	2
- Da bi sluzila drzavi.	2, 8
Reci im da otvore vrata! Nece ih otvoriti.	1
To omogucava da rasiris krila na trenutak.	6
Pocecu sa tobom prvo sa laganijim programima.	2, 8
Dobro. Ako pritisnes dugme, mozes da pravis slike, crteze.	2
Ovo je oruzje koje uglavnom koristimo.	4
Ali ako tvoji napori budu istrajni...	3
Vise bih volela da me nema.	6
Podsticemo smisao za humor.	8
- Druzis li se sa nekim?	5
Sledece nedelje cu napuniti 20 godina.	2
Imam program za kojim ces odlepiti. Drago mi je da si ovde.	5
- Ne znam. - Stani.	6, 7
Za rodjendan.	5
Posle toga, nista vise necu moci da ucinim za tebe.	6, 7
Gledas u moje ruke?	1
I upamti... postoje samo dve stvari bez ogranicenja.	2
Hocu li?	1, 6
Uobicajeno?	5, 8
Prokletstvo, kretenu! Pusti me unutra!	1
Nedostajaces mi.	6
Banka je ispred bolnice, dobijaces isplate svakog meseca.	2
Savrseno.	5, 8
Kako god bilo, ne moze biti vise od 10 franaka. 10 franaka.	2, 5
Ne smeta mi.	3
Cuo sam vic na poslu jutros.	5
Napustanje?	4
Stavicu kotlic.	2
Pa sta kazes da pozovemo Leona na veceru?	5
Mozda cemo postati partneri uskoro.	2
Nemas roditelje, nemas prijatelje.	1, 2
Dobro jutro. Hotelska sluzba.	5
- Dobro. Bas dobro.	5
Zeleo sam da ti cestitam.	2, 8
Bicu pocastvovan.	2, 5
Je li tako? Ujka Bob.	7
Lepa kravata. Ona se jos uvek sprema.	1
Prestani sa komplimentima. Glava mi postaje sve veca.	4, 6
Jos jedan mali , to je sve.	2
Vidjao sam je samo leti... kada porodica iznajmi kucu na selu.	6
Zajedno sa rodjacima i susedima... bilo je najmanje 20-oro dece koja trce okolo i prave neprilike.	1
Vratila bi se , a sa nje bi sve curilo... i svaki put bi rekla isto izvinjenje.	1, 8
- I zedna sam.	8
Montiranje zavrseno.	5
- Kako zamisljas da otvorim prozor?	1
"Ne vraćaj se ovamo? To je kao da si napisao: ""nemoj da pročitaš ovu poruku""."	5, 8
Muškarci!	1, 4
Ruke gore!	1
Ti prokleti lažove!	1
Ne lažem.	1, 6
Umuknite!	1
Ubiću vas!	1, 6
Moram te slomiti.	1, 6
- Nema bola.	5
Rokija pogadjaju bombe.	4, 6
Roki je ozlijedjen.	6
Ustani!	1
- U redu, što se tamo dešava?	2, 4
Udari onog u sredini.	1
- Udari ga!	1
Sve što imaš!	3
Roki je ucinio nemoguce.	7
Što se dešava tamo?	2, 5
Što ne valja?	4
- Sejcaš se kada je Mik rekao da kada se nekada borio, borio bi se tako jako da je mislio da je polomio nešto unutra?	6
Da je mislio da ce umrijeti?	4, 6, 7
Samo želim da odem kuci.	4, 6
Samo sam umoran.	3, 6
- Samo sam umoran.	1
Samo...	4
- Adrijana, gdje je klinac?	1
- Zdravo, ujka Poli.	2, 5, 7
Kako je škola?	2
- Ne, to su bile samo glasine.	6, 7
Da, apsolutno.	5
Roki Balboa, najduhovitiji šampion svih vremena.	5
Govorim o fantasticnoj medjunarodnoj ekstravaganci, koja ce se održati u Japanu, nazvanoj Obracun U Tokiju.	2
Samo u Americi ljudi poput nas se mogu dici iz represije i sirotinje da bi ucstvovali u ovom internacionalnom dogadjaju.	2, 5, 8
Zar ne misliš da je tvoja odgovornost prema javnosti da sada odgovoriš?	3, 7
- Zar ovo nije o profesionalizmu?	7
- Što sve ovo dodjavola znaci?	1, 2, 7
- To nije dovoljno.	1, 6
Hoceš li u mirovinu ili ne?	3
Želeo bih kuci.	1, 2
- Ne!	1, 4, 6
Super je.	5
Hej, da li si za ples?	2
Što misliš o povratnickom plesu za tvog matorog?	2, 5
- Ne, ne budi blesav.	8
Hladno je.	6
- Da li ti se svidja pjesma?	2, 5
- Trebao bi da se odmaraš.	5, 8
Gdje si naucila da budeš tako bezobrazna?	2
Mislim da pricaš bolje viceve od mene, Adrijana.	8
Da li sam cuo da netko zove svog matorog?	7
Da li si to bio ti?	7
Tata, da li si znao da kosti rastu tri puta brže nocu?	5, 8
- Oh da, to si ti.	3
- Odlicno!	5, 7
Izgleda kao Francuskinja, sigurno.	2
Znam i ja malo francuskog.	8
- Ma da mi se noga zaglavila u vratima!	1
Tako da kada te vidim kako imaš sve one stvari koje ja nisam imao,	6
To je lijepo.	5
Hej, ako misliš da ja loše izgledam, treba da vidiš zglobove ovog drugog tipa.	7
Zaslužio si najgoru stvar za to što si uradio.	6
Misliš da sam mislio da ce se ovo dogoditi?	2, 7
Poli, znaš što si uradio?	3
To ovlašcenje je bilo punomocje, Poli!	1
Adrijana, što se ovdje dogadja?	7
- Što je nestalo?	2
Ali nismo imali hipoteku.	6
Sjecaš se onih reklama koje si radio?	2, 5
Ja sam borac.	8
Nije znao...	6
Zašto ne još par borbi?	2
Sa vašom popularnošcu, sve bi se zacas sredilo.	1
Rekla sam da se više ne bori!	1
Pauli, mi smo u ovome zbog tebe.	5, 8
Necu da budem okrivljen za sve ovo.	1
Mislio sam da radim dobar posao.	6, 7
Ne zanima me.	3
Rocky, ne!	1, 4
- Ne treba mi doktor.	1
Da li ceš da uradiš to za mene?	2
Neuroni površine mozga u ovoj oblasti su takodje bili traumatizirani.	6
Jednostavno recno, gospodine Balboa, zo znaci da vi imate oštecenja na mozgu.	6
Ovo nije vrijeme za to.	1, 2
Upravo sam imao najbolju borbu svog života.	8
Pretrpjeo si teške povrede mozga.	6
Svako može bude u krivu.	4
On nije Bog.	3
Ne sa ovom stanjem.	4, 7
- Zato što ako voliš nekoga, živiš sa njim, živiš za njega.	8
To je sve što je bitno.	8
Bicemo OK.	2, 5, 8
- Bice krajnje povjerljivo.	8
Netko nudi više, molim?	2
Hej, prodan je.	5
Ne brini se.	8
Što ce ovo ovdje?	7
Kada sam te prvi put poljubio.	5, 8
Samo hocu da se bolje osjecam.	6
Kako si, Mik?	2, 5
U redu!	2
Ako vidiš sebe da radiš dobro, tako ceš i uraditi.	8
Apolo nece znati što ga je pogodilo.	2
Reci cu ti nešto.	1
Kako ti to zoveš?	1
Zato što mislim da ljudi nekada umiru kada ne žele dalje žive.	6
nan	1, 3, 4, 6
- Imam poklon za tebe.	2, 7
- Stani malo.	7
Ovo ovdje mi je najdraža stvar koju imam na ovom svijetu.	5
- Sredi ga.	2
Ne brini o ovima.	4, 5
Stvarno ne mogu da vjerujem.	4
Mali suviše dobro podnosi ovo.	7
Pomjerite se.	4
Hvala vam.	5
Dobrodošao natrag, Roki.	8
Nedostajao si nam!	5
Ovo je samo privremeno, znaš?	2, 4, 8
Dodji unutra.	2, 5
Dopustite mi da upravljam karijerom vašeg muža i ponovno cete živjeti kao ljudi.	3
- Koristio si njegovu glavu kao vrecu za vježbanje.	3
- Ne shvata.	3
Obmana?	4
- To se naziva urbano raspadanje.	6
Što ti misliš?	2
U svakom slucaju, kasnimo u školu.	1, 2
- Tako pocinju ratovi.	6
- I namjeravam.	2
U ovome smo zajedno.	8
Moramo se držati zajedno, jer mi smo što?	2, 5
- Domaci tim!	2, 5
To si dobro rekao.	5
Ne plašim se, stvarno.	8
Odakle li je ovo došlo?	7
Upamti, cale te voli.	5, 8
Domaci tim.	2
Biceš OK.	2, 5, 8
I ne diraj niciju djevojku.	1, 8
Znaš, stvarno sam zabrinut oko malog.	5, 6, 8
Nije naviknut na ovakav život.	1
Ne zna ulice.	1
Mislim,...	1, 7
- Postao sam profesionalac sa 18 i imao osam borbi.	5, 7, 8
Dobro je vidjeti te ponovo, prijatelju.	5
- Slušaj, sada moram da idem da radim.	2
- Ne može biti dobro za imidž.	4
Što se tu može?	3
Stavljaš zadnjice u sjedišta.	1
Nema nicg komercijalnijeg od neockivanog povratka posrnulog heroja.	1, 3
Ne, zaboravi.	1, 6
Misliš da sam rodjen juc?	1
Merline, pokaži mu papir.	2
- Možeš to da uradiš?	7
Mali ljudi se identifikuju sa tobom.	5
To nece trajati zauvjek.	4, 6
Roki, žao mi je.	6
Previše si pametna za ovo.	3, 8
Htjela sam da budem tamo da bih mogla da budem blizu tebe.	2
Možda je bolje da udjemo unutra, OK?	2, 8
Neceš ga dobiti.	6
Tvoj matori je propalica.	3, 6
- Zašto nosiš moj kaput?	2, 7
- Samo ga ostavite na miru!	1
- Daj mi moj kaput!	1
Ne šalim se.	1, 8
Tako je.	5
- Tomi Gan!	7
Ako želiš da opstaneš, moraš da proturiš udarac.	8
Kako se ono beše zove?	7
- Daj, razvedri se.	6, 8
Hej, prestani!	2, 5, 8
Da li osecaš to, Roko?	2
Hej, to je to.	5, 7
Da, u redu, dobro ti ide.	6
Hej, gledak.	7
Srecno, u redu?	8
U redu, momci, hajdemo.	2
Kako si?	2, 5
Znaš kako je.	8
Znaš, za italijanskog djecka, nemaš lošu zadnjicu.	7
- Majamiju trebaju novi žigoloi.	2, 5
Moja ledja nisu baš najbolje.	6
- Mogu li nešto da uradim za tebe? - Da.	2
Ti si onaj koji može da izgubi.	2
- Ja nemam što da izgubim.	8
Sve što imam je ovo što vidite ovdje.	6
Znam sve o vama, još od vaše prve borbe protiv Apolo Krida.	3
Od prvog dana kada sam stavio rukavice željeo sam da vas upoznam.	2
Pošto sam znao da ako može od mene napraviti pobjednika, to ste vi.	5, 8
covjec, pobjedio si najbolje.	8
Nitko nikada ne može reci drugacije.	5, 8
Sve što tražim je šansa.	2, 6, 8
Stvarno ce ti se svidjeti kako Adrijana kuva.	2, 5
Ali te upozoravam, može da bude malo nemilosrdna sa cšnjakom!	4, 8
Uzeli su onaj sa okovratnikom?	1, 4, 6, 7
- Zar ne mogu da uradim kako mislim da treba?	1, 3, 6
- Kako ti misliš da treba?	2
I ja sam imao takvih problema kada sam ja bio u školi.	8
"- ""Pretvaraj se da je taj decko balon."""	2
- Tata, da li bi me naucio kako da se borim?	1, 2, 5, 8
Adrijana, ne mislim da bi bilo toliko loše ako bih ga naucio da udara par...	1
Ne, u redu je.	2, 5
Udarao je i moju majku.	1, 3, 4
Nisam mogao ništa da radim.	6
U ringu, vidim samo njega.	2
To je malo poremeceno, ha?	1, 3
- Jednoga dana ti možeš da izlemaš tvog caleta.	1, 2
- Tvoj sin spava tamo.	1
- Što sam ja, usputna stanica?	1
- Hej, a nekada si je i mjenjao?	1
- Poznakeš ovog tipa?	7
- Adrijana stvarno zna da kuha!	5, 7
Nismo imali šanse da previše sredimo ovo mjesto.	6
Uredicemo ga za neko vrijeme, znaš?	2
Zašto držite sve ovo ovdje?	2
Kada si imao priliku da uradiš sve ovo, mali?	1, 7
Ne mjenjaj stanicu.	1, 2
Vidiš, strah je najbolji prijatelj svakog borca.	2, 8
Ali, vidiš, ako ona kontroliše tebe, izgorece tebe i sve ostalo oko tebe.	4
Bilo kako bilo, ovo su stvari koje su meni recne i ako želiš, voljeo bih da ti ih prenesem.	2, 5, 8
- Apsolutno.	5, 8
Naravno, Tomi.	5, 8
Pokazacu ti mnogo stvari.	2
Mislio sam, ako bi ste mi ucinili uslugu, ako niste zauzeti.	2
Jedan, da ja ne uprskam kao menadžer.	4
Obožavam kada to uradi.	5, 8
- Hej, covjec, zašto si to uradio?	7
- Ne smeta imati andjela na svojoj strani.	4, 8
Uspori ili ceš dobiti kaznu!	4
On ce biti šampion.	2, 5
- Što ima, Tomi?	2
- On me ubija.	4
Zaveži!	1
Hajde, dovrši ga.	2
Tomi, ovaj šorc mi puno znaci, znaš?	2, 5, 8
Slušaj, imam ideju.	2
Mislim da konacno možemo da uhvatimo Balbou.	2
Ionako ga nisam gotivio.	1
Ako hoceš da završimo sa ovim, završimo to sada.	1
- Tata!	1, 4, 6
Povratio sam svoj kaput!	5
Svi!	5
Dobro izgledaš.	8
Gledajte Tomija!	5
- Misliš da imam šansu za to?	2, 5
Tomi, svako ko ima dvije pesnice i dobro srce, ima šansu.	2
Djecac, imaš zlatne ruke.	7, 8
Gotovo je.	3, 4, 6
Proturi udarac, Tomi!	3, 8
Gotov si!	1, 8
Trebao je da bude ovdje dosad.	4
- Trebao bi da bude ovde sa svojom obitelji.	6
Hej, hajde, Adrijana.	1
Dao nam je drugu priliku, jel´ da?	2, 5
Hajde, Božic je.	1, 2, 5, 6
Sve najbolje za najbolje.	5
- Niko se ne seca onog drugog.	6
- Ja se sigurno ne secam.	8
Izgleda da formalni ugovor izmedju tebe i Balboe ne postoji.	6
Ne, ništa.	6, 7
Nitko ne bi izdržao toliko dugo.	8
- Još nisi bio dobro isplacen.	2, 5
Bože, uradio je fantastican posao.	5, 7, 8
Srecan Božic.	5
Zaustavite štamparije!	1, 4, 7
- Što misliš, tko je to?	7
Vidi tko je ovdje.	3
Znate ovog tipa!	1
- Imaš uvrnutu obitelj.	8
- Kao da ne znam.	7
Hej, pozdravimo Djeda Mraza!	2
Yo, yo, yo!	5
- Hajde drugar.	2
Pusti me da prodjem.	1
Dodji ovdje, mališa.	2
To nije Djeda Mraz.	1
Budimo realni.	2
- Kako ti znaš što ja želim?	6, 7
- Znaš me?	2
On misli da me zna.	1
Ovo smo oduvjek radili.	1
Uvek smo se lijepo provodili.	5
Sjecaš se prošle godine, kada nam je bilo zabavno, kada smo se provodili?	5
Adrijana, što sam uradio?	1
Pa, znaš, mislio sam da bi mi trebalo da budemo...	4
Znaš, vrlo bliski.	2
Naravno da te volim.	7
Ti hoceš da ti i Tomi budete bliski.	8
- Oh, ne govori to!	7
- Zašto da ne govorim?	7
Ti si kao totalno druga osoba.	6
Tomiju je trebala moja pomoc.	2
Ti se pobrini za ove ljude.	8
Pazite, Djeda Mraz za sva godišnja doba!	2, 7
Znam tocno gdje sam.	3
Lijepo drvo.	5
- Da, kako si?	2, 8
Necu da oduzmem previše vašeg vremena.	2
- Uradio si odlican posao sa malim.	5, 8
- Da. Radicemo savršeno zajedno.	5
Tomi-boj ima neku osobnu sitnicu da raspravi sa tobom.	4
A ja cu vam reci laku noc.	6
- Roki, ne želim da pravim sendvic.	1, 2, 4, 6
Tomi, zašto si ga doveo ovdje?	1, 4, 7
Roki, da li bi mogao da izadješ napolje da popricamo o necmu?	4
Tip je upravo pricao o dobijanju šanse.	4
Gledaj, on nam nije potreban.	3
Moci ceš da kupiš 10 ovakvih.	5, 8
Kakvu paradu?	7
I gdje je novac?	1
On ce biti tu.	8
Tako se vodi ovaj posao.	5, 8
- Hoceš da kažeš da nemam mozga?	1
- Djuk mi je dao šansu za titulu, ti nisi.	1, 6
Samo obuci kaput.	1
- Zar ne vidiš što se dešava.	1
Nisam glup koliko misliš da jesam.	8
Misliš da ne mogu da namirišem?	1
Ne želim ovo više.	3
Ne želim ovo!	7
Pobjedjivao sam.	2, 5
- Pobjedjivao si?	2, 7
Ja te poštujem.	8
- Da, mogu.	1, 3
Znam kako se osjecaš.	6, 8
On nema tvoje srce.	8
Sve one borce koje si pobedio, pobedio si ih srcem, ne snagom.	8
Zato ste ti i Miki bili posebni.	8
Roki, gubiš svoju obitelj!	1, 4, 6
Uvjek ti i ja.	5
Ne znam za vas... ali ja moram odavdje.	4, 6
- Oh, da, super!	5
Podici cemo palcve u zrak i stopirati.	5
Imam dovoljno problema sa svojim ocem.	4, 6
OK, pa možda cu se i ja nekog dana opametiti.	2, 5
Trebao sam da te poslušam.	6
Zaboravim mnoge stvari i ja...	6
Ali bih voljeo da ponovo visim sa tobom.	2, 5
Kunem se Bogu.	8
- Da.	2, 5
Nije vrijedan stresa.	1, 3
"Tomi ""Mašina"" Gan!"	2
- Izgleda da je u odlicnoj formi, zar ne?	7
Nervozan je, znaš?	8
Daj mu šansu, hoceš?	1, 3
Hajde, Tomi.	1
Da li si slijep?	1
Vidiš?	2
Svega se sjeca.	5, 7, 8
- Šampion superteške kategorije je na podu!	7
Jedan!	7
cstitke.	5, 8
Kako se osjecaš?	2, 5, 8
Uradio je nešto divno.	5, 8
- Pa, previše TV-a je loše za moje uši.	1, 3, 6
Ti si pravi šampion.	5, 8
- Misliš da bih trebao da izadjem sa Polijem?	2, 7, 8
- Ako ja smijem da gledam TV.	1
- Moraš da pustiš kosti da rastu.	4
Nemoj da ostaješ budan do kasno, OK?	5, 8
Kakva borba.	8
- Da li si OK?	4
- Kako to mislite?	2, 7
Tomi, da li ceš ikada izaci iz Rokijeve sjenke?	6
Možda ce pobjediti par borbi, ali nikada nece biti Roki Balboa.	1, 3
Ne, on nije Roki Balboa.	4
Suocimo se sa tim.	3
Ali vrijemenom ce Tomi Gan moci da stane u njegove cipele.	8
Kada ceš se boriti sa pravim borcem?	1
Mi željno ockujemo...	2
Zašto si rekao da je Balboa bolji?	1, 6
Što se dodjavola dogodilo tamo?	1, 7
Dobio sam prokletu titulu a svi misle da sam propalica!	1
- Zašto mi nisi pomogao?	1
Ja sam dobar koliko je Balboa ikada bio i umoran sam od toga da me zovu robot!	1
Slušaj, Tomi.	6
- Ne, slušaj.	1
Da li ljudi misle da sam cista kopija ili drugorazredni pretendent koji je dobio priliku samo zbog boje njegove kože?	1, 4
Ako odbije, moraš ga uvrijediti!	1
Ucini sve što je potrebno da ga dovucš u ring!	2
To je ono što moraš da uradiš.	2
Poletanje.	1
Vidi što je na ulici.	2, 4, 7
Nisam završio sa tobom!	4
Slušaj, nemam što više da ti kažem, OK?	1
- Željeo sam dobre stvari za tebe.	6, 8
Mislio si da sam ja ovo radio zbog novca, Tomi?	7
Želi da stavi tebe i mene u ring.	8
Nije ga briga za tebe a nije ga briga ni za mene.	6
Pricajmo o stvarnosti.	2
- Hej!	5
- Poli, jesi li dobro?	4, 6, 8
Hajde onda.	5, 8
- On je propalica, Roki.	3
Ali sam ti rekao da se nikada ne boriš sa ulicnim borcem.	3, 6
Ovo je prelijepo.	5
Hajde!	1, 4, 7
Ustaj!	1
Nisam cuo nikakvo zvono!	1
Ustaj, kurvin sine, zato što te Miki voli.	5, 8
Hej, Tommy!	2, 5, 7
Hajde, tata.	2
Udari ga, tata.	1, 5, 8
Bila si u pravu.	7, 8
Deklasirao si propalicu, ha?	8
Pipni me i tužicu te.	1, 3
- Hajde, brzi Gonzales!	2
Ovdje je sve poclo za mene.	5
Sad će se vaša naobrazba nastaviti u zahtjevnijoj školi pravoga rata.	1, 3
Noseći čin poručnika korvete, priključit ćete se Mornarici u najvećem ratu dosad.	8
-Čestitam! -Hvala.	8
Bojim se da neću moći doći na tvoju zabavu.	3, 6
Dečki slave...	5
-Postoji pravo vrijeme za sve.	8
Možemo u Fairmont, kamo god želiš.	6
-Što to znači?	1
-Imam samo 48 h.	4
Nemoj.	1
Da imamo više vremena...	6
-Nisam ni očekivala...	2, 3
Zaboravila sam tko sam. -Nije tako.	7
Ne želim više tako! Ni minutu!	1, 2, 3
Čujem da je tvoj brod bio u mnogo bitaka. Ne brini se.	8
Uzmi još 100 dolara. Nemoj plakati.	8
Obećaj da ćeš se čuvati.	8
Obećavam. Zbogom.	5, 8
Ovuda!	2
Lakše malo. Rijetki tako vole Cainea.	1
-Ja se nadam da si dovoljno dobar za Cainea.	2
Nastojat ću.	2, 5
Poslije 18 mj. borbe, treba raditi cijeli dan da se ne raspadne. Shvaćam.	5, 6, 8
To je to.	1
Imam ženu i dijete.	5
Mislim da ću povratiti. Žao mi je.	3, 6
-Lijepo od tebe, hvala. -Nema na čemu.	5, 7
Razgledavanje je bilo zanimljivo.	5
Nisam znao ništa o tome.	6, 7
Nije pravo mjesto za odluku.	6
-Požalit ćeš zbog toga.	1, 3
-Ako rat potraje 10 godina, možda naučiš razlikovati avione i galebove.	1, 3
Izbacite minolovku!	1, 2
Zacijelo ga volite kad ste to učinili za njega.	7
-Osuši se.	1
Trebam mišljenje učena čovjeka. -Hvala.	8
-Jesi li je dešifrirao? Nisam.	2
-Svatko može pogriješiti.	8
U Mornarici ne smije biti propusta.	8
Moglo bi biti previše žrtava i prevelike štete.	3, 6
Je li pošteno?	1
Reci slobodno.	1, 2
Kao što vidiš, odlazim s dužnosti.	1, 2, 6
Svatko zapovijeda na svoj način. Da.	8
Treba ga poslati u staro željezo.	1, 3
Dopustite da napustim brod. -Dopuštam.  Kapetane!	2, 4
-Što je? -Ništa.	4
Ne mogu ga uzeti. Propisi ne dopuštaju.	1
Predugo sam na Caineu.	3, 6
Gle!	2
Rekao sam svoje, a sad svi vi imate priliku.	1, 2, 5
ispravan, pogrešan, mornarički i moj način.	8
Ali istinito!	2
-Rekli ste da plovim udesno...	1
Odrezali smo metu. -Nismo.	2
Punom snagom naprijed.	2
Izgledaš zabrinuto.	4, 6
Pogledaj što je upravo stiglo!	7
Nadrapao je.	6
Dobit će svoje.	1, 3, 4
Divno je što je moj dečko opet uz mene.	7
Uvijek mi je drago upoznati Williejeve prijatelje.	5
-Gđica Wynn ide s tobom?	7
-Neću. Ozbiljno?	4, 8
Zbogom.	6
-Kao izvođenje nove pjesme.	2, 5
Zabavno, ali pomalo strašno.	4, 5
Lijepo je što te je majka pustila ovamo.	5
-Nije odlučivala ona.	1, 6
Pravi raj. -Zar ne?	5
Promijenio si se.	7
Možda ćemo ipak moći biti zajedno.	5
Jesi li naručio?	8
Ne gledaj me kao da sam lud.	3
-I nisi mogao ostaviti curu.	7
Uvjerio sam ga da brod nisam mogao dovesti u red preko noći. Složio se.	1
Odsad više ne smije biti pogrešaka časnika ni posade. Oprostite.	3, 6
Čekaju da pogriješim ili da netko pogriješi umjesto mene.	2, 4
Toliko o tome.	6
Imam dobre vijesti.	2, 5
Zato sve mora biti kako treba!	8
-Ne traži nevolje.	1
Mora postojati razlog.	8
Hvala, tata.	5
Mislio sam da će ti se svidjeti.	2, 7
To je pjesma o čovjeku bez šarma i kontrole nad crijevima.	3
Pjevajte o nekom drugom. To je zapovijed.	1
Žutanjku bi trebalo biti drago.	2
Ne osjećam se najbolje. Neću dugo govoriti.	6
Možete ići.	1
Oni me vole.	5, 8
Kapetan je uvijek usamljen. Nije lako donositi odluke.	6
Katkad kapetan treba pomoć, konstruktivnu lojalnost.	8
Svatko od nas zna što želi, ali svi trebamo potegnuti za dobrobit obitelji.	2, 4, 8
Ako netko želi nešto reći, rado ću ga saslušati.	8
-Ne budi tako sentimentalan.	1
Govor je bio dobar.	5, 6
O DeVriessu nisi znao ništa, a o Queegu znaš još manje.	1, 3, 8
Nemoj se šaliti. -Nisam psihijatar, ali imam oči.	6
Pitanje je kad će puknuti.	4
Neka ostane.	1, 2
Fiksiran je na kuglice, služi se istim poštapalicama, ne može gledati u oči, stalno ga muče glavobolje. Košulje i ovaj jadni govor.  Nema veze što sam kukavica, moj me pas voli.	6
Tom ima pravo.	8
-Ne miješaj se.	1
Ima migrene, vrti kuglice i izvodi druge čudne stvari.	1, 3
Svatko je čudan na svoj način.	2, 3, 5, 6, 8
Hoćeš li liječniku flote ponoviti ovo što si rekao meni?	4, 8
Zašto sve prepuštaš meni?	4, 6, 7
Nema više razgovora o tome da je lud.	1, 3
To je igranje vatrom.	4
-I dalje tvrdim da je paranoičan.	3
Pretpostavio sam... Namjerno nisi poštovao zapovjednika!	3
Kapetan je zapovjedio da izvedemo vježbu radi sigurnosti.	2, 8
Mnogi članovi posade ne nose bojnu opremu.	6, 7
Prestani navlačiti opremu!	1, 7
Neki od vas misle da me mogu prevariti.	1, 8
Tri mjeseca nitko ne smije s broda.	1, 4
Nećete me praviti budalom!	1
Kako ide?	5
-Nisam slijep, promatrao sam ga...	1
Pitate se zašto sam vas pozvao.	2
-Dvije.	7, 8
Paynter?	7
Ovoliko smo večeras pojeli jagoda, zar ne?	3, 6
-Ujutro?	7
Sada ne znači ujutro, nego u 1.47.	1, 3
Nisam zadovoljan.	1, 3
Svi su odustali od istrage, ali ja ne!	1, 3
-Na posao. Napokon malo zabave.	2, 5, 8
Prijavi me ako želiš, ali sada je prolupao.	1
Znaš li kako glasi članak 184?	4
-Vidio sam da je progutao ključ.	3
Sretno! -Hvala.	8
-Znam. Jagode su pojeli dečki iz kuhinje.	1
Drago mi je što odlazim iz ludnice.	5
Nazvat ću vaše žene i cure.	2
Caine je plutajuća pogreška.	8
-Na što ciljaš?	1
-Neće vjerovati.	1, 4, 6
Je li dnevnik točan?	1
Svi Queegovi postupci mogu se protumačiti kao stegovne mjere.	1, 3
Zašto nisi prije rekao? -Na vrijeme je i sada.	1
Bit ćemo u nevolji.	4
Riskirat ću.	2, 5
Uvijek vidim mnogo razloga da izbjegnem rizik. -Dosta šale!	4
U meni se skriva velika kukavica. Prepametan sam za hrabrost.	6
Što ćemo sad?	2
-Bez Toma ne bih mogao ništa.	8
-Iskreno, ne znam što je Tom.	4
Požurite se na svoj brod.	2, 4
Predlažem da uzmemo!	2
Teško je upravljati. Kormilo ne reagira.	4
Ovako ne možemo još dugo.	6, 7
Rekao sam...	8
Unatrag desnim motorom.	7
Ako nastavimo niz vjetar, prevrnut ćemo se.	4
-Nemamo takvu zapovijed! Moramo ploviti kursom 180.	1, 3
Smjer 245!	6
Desni motor!	4
Bit će lakše ako plovimo uz vjetar.	2
Zapovijed je glasila 180! U nevolji smo.	4
-Otjerat ću vas s mosta!	1, 3
Vi ste službujući časnik.	1
Časnici, recite im da prestanu!	1, 3
-Nazvao me časnik s tvoga broda.	1, 7
Zabrinula sam se.	4
Do smrti ću žaliti što to nismo učinili.	6
Drago mi je.	5
-Vi ste naš odvjetnik?	2
-Ja sam prijatelj obitelji.	8
-Veoma ste drski.	5
Mogli biste visjeti.	7
Tri će psihijatra svjedočiti da je kapetan potpuno zdrav.	8
Znam procijeniti čovjeka.	1, 2
Biste li to ponovili kao svjedok?	8
Ne čudim se.	6
Što da ja kažem?	4
Vi ste mornarički junak.	8
-Ja. Ako sam ja uračunljiv, a kapetan nije.	1, 4
Morate odgovoriti na pitanje ako nemate opravdan razlog.	1, 3
Ima li nadimak veze s tajfunom?	1, 2
-Samo ja. Jako sam se bojao.	4
Jeste li voljeli kapetana?	2
-Jesam. Ne previše, ali jesam.	5, 8
Ponašao se čudno.	7
Je li kapetan pokazivao simptome bolesti?	4, 7
Odlučio sam poslušati g.	8
Jest. Vodio je dnevnik u kojem je pratio njegovo ponašanje.	7
Na nosaču sam mu rekao da takav postupak nije opravdan i da bismo svi mogli odgovarati zbog pobune.	1, 3
-Laže!	1, 8
Uvalit će te još dublje. -Ali...	1, 4
Želim jednoga junaka, ne dvojicu pobunjenika.	1
Pozovite dr.	4
Kako je bilo?	2, 5
Je li moguće da zdrav čovjek postupi nerazborito?	6
Bi li se to kosilo s vašom dijagnozom?	2
-Ne bi.	3
Smjenjivanje nije bilo opravdano?	7
Ja sam pravnik, nisam liječnik. Oprostite što pitam kao laik.	6
Ne sudimo kapetanu Queegu.	1
Prigovor se odbija.	1
Koji bi gnjavio podređene zbog nevažnih stvari?	1, 2
-Bi.	8
Nisam rekao da je bolestan.	7
Što je to?	2
-Hvala. Prosvjedujem jer branitelj izvrće moje riječi.	1, 3
To je apsurdno hipotetski.	6, 7
Branitelj je postavio zanimljivo pitanje.	7
-Meni nije pomogao.	1
Nimalo.	1
Htio sam spasiti brod.	6
Oni nisu bili na brodu. -Zar nije moguće obrnuto?	2, 4
Meni ih je zapravo jako žao.	6
Kormilar me nije upozorio da ćemo se okrenuti za 360°.	1, 6
Zar niste nadugo korili mornara koji je izvukao košulju iz hlača dok se brod vrtio ukrug?	1, 3
Jesam, ali to je trajalo samo dvije sekunde.	7
Pitanje je uvredljivo!	3
Nitko tko dosegne kapetanski položaj ne može biti kukavica.	8
Nisam to rekao!	1
Mislim da vas ne čuju.	4
Tražim stanku...	7
Ne sjećate se razgovora s por. Hardingom prije odlaska?	2
Što vas zanima? -Nije li vam on rekao tko je pojeo jagode?	2, 7
Ne trebate! Lagat će!	1
Svi su bili nelojalni.	1, 3, 6, 7
Reci im da se stišaju!	1
Časnici Cainea slave!	5
Zato sam morao torpedirati Queega. Morao sam.	3, 6
Mučno mi je od toga.	3
I mnogi drugi koji se nisu slomili kao on.	8
Ali on je ipak ugrozio brod i živote.	4
-Nije bio dovoljno dobar časnik za vas.	3, 6
Reci mi ti, ti si pošten.	2
-Onda jesmo krivi.	2, 4, 6
Najbolji pisac na Caineu. Shakespeare koji umalo da nas nije uništio.	3
Nije ni čuo za kapetana Queega!	7
Zaboravi to.	1, 8
Popit ću u vaše ime.	2
Mnogo sam pijaniji od vas pa će borba biti poštena.	1
Vjenčali bismo se i imali kuću i djecu.	6
U Jurjatinu je vlak moje vlade. S vagonom za mene i pomoćnike.	8
-Ni govora. Ne idem s vama.	1
Streljnikov je mrtav.	7
U razgovoru je tražio da ga zovu Pavle Antipov. Nije se htio odazivati na ime Streljnikov.	3
Bože! Nemojte to reći Lari.	4
Znam točno što misliš o meni.	3
Koliko? -Svi.	4, 7
-Mora biti. Ja ću uzeti naše sanjke.	2, 5
-Vlak ne čeka.	1
-Brže!	1, 2, 4
-Nikad neće napustiti Rusiju.	1
Dopustio je da mu kupim odijelo. I naðem posao u staroj bolnici.	7
Nije ju nikada više vidio?	6
Srce mu je strašno oslabjelo. Ali držao je to u sebi.  Štošta je držao u sebi.	1, 6
Bio sam zaprepašten veličinom njegove slave.	2, 4, 5, 7
Partija nije dopuštala.	1
Trebam vašu pomoć. Došla je u Moskvu tražiti dijete.  Pomogao sam koliko sam mogao.	5
-Moj otac... -Ne, otac.  Komarovski.	1
Pustio mi je ruku... I ja sam se izgubila.	4, 6
Hoćeš li razmisliti o tome?	8
U redu je, Davide.	5, 6, 8
Obećala si da ćeš razmisliti o tome.	1, 6
Tonja!	5, 7
Znaš li svirati balalajku?	2
-Umjetnica? Tko te naučio?	8
Nasilje se prerušava na mnoštvo načina, ali omiljena maska mu je seks.	3
Ona lijepo nosi hlače, ali joj svaki put spadnu.	7
Šta kažeš, prirodna boja kose!	1, 2
U redu, prekidajte!	1
Vidjela sam bolje tuče u manastiru.	1, 3
Da vidimo onda ko je kukavica!	2
Kako su mogli kad si ti tu?	1, 3
Ove stvari nisu za duge vožnje. Dobri točkovi...	5
Da li bi vama smetalo da mi mjerimo brzinu?	2
Nećemo vam smetati?	4
Vidjećeš oblak dima iz auspuha kad ga nagazim. Tad pritisni magično dugme.	6
On je tako zaluđen tim autom i brzom vožnjom!	4
Stvarno?	7
Pa hajde onda da se zabavimo, mala!	2
Pa izmisli vrijeme! Nek' bude rekord!	1
Sunce još sija, možeš probati opet.	5
Ali ja pobjeđujem njihova vremena!	1
Mislim da ste veoma nefer, zašto je pobjeda tako bitna?	1
Ima smisla ovo što kaže.	8
Šta ti misliš o tome, zgodni?	2, 5
Hajde, požuri!	2, 5
I treba, ima za šta biti zahvalan!	1
Gdje žuriš, dušo, neće on nikud!	7
Gledajte, bolje da odem.	2
Kao što je on izgubio kontrolu?	7
Jako voli tu štopericu!	5, 7
Odlično, neka je osvoji! Tomi!	7
Mjerićemo vrijeme Lanselotu dok juri da te spasi! Šta se dešava?	7
Daj mi je!	1, 2
Smisao je da si došao do tačke bez povratka!	1
Još možeš da odeš svojim autićem. Sem ako se ne znaš tući bolje nego što znaš voziti.	1, 7, 8
O, da, uzbuđenje otvorene ceste...	2, 5
Nova mjesta, novi ljudi...	2, 5
Kako prave te kostime, mora da se prodaje mnogo kreme za sunčanje...	3
Naravno, dobio je ogromne pare za odštetu, ali niko ne zna koliko... Nikad to nije stavio u banku.	3
Kao što rekoh, lud je...	3
Tužno je to. Sav taj novac a niko da ga uživa...	6
Savršeno mjesto da se bilo ko izgubi...	1
Kao što ćemo naći onu veliku hrpu dolara.	2, 5
A sad, pokret, ali idemo na zadnja vrata.	2, 4
Smiri se, ili ćeš proći isto kao tvoj momak!	1, 2
Taj starac mora je skroz lud.	4
Sva ta lova a živi na ovakvom mjestu. Slupani auti, očerupani autobusi...	6
Pretjeruješ.	1, 4, 6
Lako zaboravlja koliko me je taj novac koštao.	1, 3
Šta hoćeš da uradim, tata? Da nađem još jednu djevojku?	4
Bio si pregrub sa posljednjom!	1
Vratićemo im mi, dečko...	1, 2
Oko toga nema sumnje, mala...	2
Pitanje je, šta ti radiš ovdje?	1
Samo izvoli.	8
Zašto se uopšte trudiš oko nje? Ona nam je samo problem.	6
Samo želim da idem kući.	2
Obećavam da neću ništa reći.	4
Molim vas, pustite me. Reći ću im bilo šta...	4
I, šta će sad biti?	2
Taj starac je bolestan tip.	3, 8
To i nije baš neki ugođaj.	3, 6
Jeste li vi neke nudistkinje ili vam samo fali odjeće?	3
Ništa ti nije promaklo.	2, 7, 8
Da pitam djevojku?	6
Skrenula je i pokušala da se ubije.	6, 7
Idete dužim putem, zar ne?	4
Da je dovedemo kući usred noći ne bi pomoglo nikome, posebno ne njoj.	1
Ne želim da neko misli da nisam bio gostoljubiv.	1
Ja mu ne vjerujem.	6, 7
Pogledaj okolo, budalo! Vidiš li ikakve žice?	3
Mi?	1
Ivica i Marica... naspram njih mafija djeluje kao izviđački odred.	1
A to znamo uraditi, zar ne, dečko?	8
Moramo je spasiti!	4
Da, da, radi on to puno.	5
Odmori malo, djevojko.	4, 6
Deset posto tebe bi svakome bilo dovoljno.	8
Ne znam za šta se spremaš, ali koliko ja vidim, ti si spreman!	5, 8
Baci to drvo i zgrabi lijanu da se malo ljuljamo...	2
Dođavola, šta to bi? !	4
Pokušala je da me ubije!	1, 3
Hvala što si stao, spasio si mi život!	5, 8
Ne razumiješ, one su ubice!	1
To su zle ubice! Čekaj, ko su zle ubice?	4
One djevojke što voze sportske automobile.	5, 7
Golim rukama!	3, 7
Djevojka je pobjegla.	1, 4, 6
Koliko dugo je nema?	1, 4
Ali ja sam upravo pobjegla odavde!	1
Bezveze se umaraš na toj maloj, gubimo vrijeme uzalud...	1
Ona se vraća danas, čim ih dobro nahranimo.	5
Još traži onu djevojku, mislim...	8
Nije on sam!	2, 4, 7
Hajde, mi imamo svoj raspored vožnje...	5
Bolje poravnaj mašnu ili će te tata tući po guzi!	1, 3
Kakve to ima veze?	7
Duhovima!	4
Kasni, kao i obično.	1
Jesi ponosan što imaš tu životinju za rod?	1, 3
Nikome nije od koristi!	1
Kako god hoćeš!	1, 3
Što ne vidite na stolu - nemamo!	4, 8
Sve što imamo je na stolu.	8
Kad se sto isprazni, završili smo!	2
U redu, sine, dodaj tu piletinu prije no što izgubi slast.	2, 5, 8
Sine, lijepo si ovo napravio...	5, 7, 8
Kuva bolje od svoje mame.	7, 8
Mirni tipovi me zanimaju...	5
Da li si stvarno tako miran?	3
A opet, djeluješ mi kao djevojka sa velikim apetitom za sve.	4
Drago mi je zbog ugodnog društva.	5
U ime čega pijemo?	2
Mora da radiš prekovremeno...	4
Ti nisi ništa jela.	1
Zanimljiv je to slučaj.	7
Cijenila bih tvoje mišljenje, prije no što krenemo...	2, 8
Ja nisam psihijatar, ali ona djeluje kao da treba profesionalnu pomoć.	4, 6
Ona je bolesna djevojka.	1, 3, 4
On je ubio kad se rodio, a da to nije znao.	4, 6
Šta ti pokušavaš, da skratiš dan?	1
Zato ja i radim stvari, da se dobro osjećam.	2, 5
A ne bi trebalo biti tako.	6, 7
Jer je ovo dom.	8
Mrziš ga...	6, 7
Tako te želim!	5, 8
Šta tu ima loše?	7
Nešto nije u redu sa tvojim autom?	2, 4, 6, 7
Koliko dugo već?	1
Hajde, Kirk, moramo je naći prije starog!	1
Ne želimo da nam pobjegne.	2
Ne nužno, ovaj teren umije da zavara.	1, 6
Isto kao i prije!	2
Eno ih!	7, 8
Nikad ništa nije u redu.	6
"Ja volim svakoga ili ""Nešto iz mog djetinjstva""?"	5, 8
Hajdemo.	2
Neće to ići baš tako lako, sine.	6
Mislim, malo je teško voziti bez ključeva...	1, 2
Daj mi ključeve!	1
Što se mene tiče, možeš da istruneš!	3
I tebe, mangupe! Nema smisla da se svi pravimo francuzi.	1
Daj mi!	1
Mnogo kasnije, Bili!	3
Usput, ova pustinjska klima nije baš dobra za ženski ten.	6
Hajde, idi po nož!	1, 4
Ali, treba da ga izvučemo, nije u redu da ostane unutra...	3, 4, 6
To je čudno, moj brat ne zna voziti tako.	7
To je ona!	4, 5, 7
Moramo da bježimo ili smo mrtvi!	4
Tvoj stari je izvaljen iz cipela a mesnati brat uvrnut kao peretak.	3
Ubila sam je! Ubila sam je kao životinju...	2, 3, 4, 6
Pravi Džekil i Hajd.	3
Spasila si mi život, zato, prestani plakati.	5
Help!	7
Pripreme za moj odlazak... Učinjene su.	6, 8
Bez prstena nema žrtvovanja, Bez žrtvovanja nema sekte.	8
Ne volim to. Hajde,maši.	6
Dragi momci ,tako prirodni.	2, 5, 8
Uhvatila me za prst,znaš...	6
Hladno je.Ovo je hladno mjesto.	6
Dakle,prsten?	1
Ne,nisam ga mogla skinuti,Swami.	4
Šta kažeš na ovo,Izviđaču?	2
Nije on taj. Moj bogo!	6
Oh... za njima.	6
Pa,vrlo si pristojan.	1
SVI SE PODSMJEHUJU RINGOVOJ IZNENADNOJ ZABRINUTOSTI. ALI,IDUĆEG DANA...	5
Tvoj je.	5
On je sa zapada.	2, 5, 7
Kaili!	1
Sad je bolje.	7
Oprostite... Ovaj jelovnik...	1, 4
Dolje čovjek stoji na glavi.	4
Arthur?	7
A na kraju sretnog dana veselo bude zaklan svetim nožem.	2, 4, 7
Sretan si što si izabran!	1, 2
Karta za čitavu sezonu.	7
Eto,moraš da ideš.	2
Imamo dosta ovakvih problema. Neki su bračne prirode.	3
To nas nikuda ne vodi,zar ne? Nauka je još u povoju,sir.	1
U pitanju je izvjesna žurba. Život mi je u opasnosti.  3 i 10.	4
Alat ti je slomljen.	4, 6, 8
To ne djeluje.	6
Radilo bi kad bi država ulagala više novaca. Made in America ,vidite.	6
To me zbunjuje.	1
Zaustavi to!	1
Nije vrijedno mog posla!	1, 7
Nisi ništa doli ludi naučnik!	1
Sa takvim prstenom mogao bih, ako smijem da kažem,vladati svijetom. Moram imati taj prsten...	2, 5
Laser.	1, 2
Vojni institut je htio da preko mene zavlada svijetom.	1, 3
Kako znaš da li joj možemo vjerovati? Već te hvatala za prste, Ringo.  Pa,to je bila greška.	4
Jamčim za nju,vrlo smo bliski.	8
Ovo će ti smanjitii prst.	1
KRAJ DRUGOG DIJELA TREĆI DIO KASNIJE UVEČE	1, 3
Dajte mi MUP.	3, 6
To sam ja,budalo!	1
Noge!	1
Moram da operišem.	7
Imajte to na umu.	1
Krv mi navaljuje u glavu.	2, 4
Pazi na taj stup!	1, 4
Dižem ga.	3, 6, 7
Hej, to je uređaj !	5
Moja krvna grupa...	2
Imam mnogo posla... molim vas!	4
To je znači slavni Scotland Yard?	4
I ja znam.	2, 5, 8
Dajte mi zaštitu.	8
Primljeno, Ahme. Vrati se u bazu.	3, 4, 7
- Brahna!	8
Brže!	4
Brzo!	4
Okreni na desno!	1, 3
DOBRO POZNATO MJESTO Kako tvoja ravnoteža, Ringo?	1, 3
Gadno,mislim.	7
Pa,ne bubnjam ja samo sa njom.	5
A šta drugo? Koristim ju,znaš.	2
Takođe zgodan dečko.	5, 8
Za prst,a? Šta je to...avetinjski je,znate.  Hoćeš li sjeći?	6, 7
Ne,neću sjeći ,i neka bude kraj tome !	4
Šta je to? Molim?	6
Hajde i ti. Spremni!	1, 2
-Izgleda kao laser.	1, 2, 7
To bi ih trebalo malo usporiti.	8
U redu,dobro.	7
Ah,prozor!	5
Ne brini samo zviždi slavnu Beethovenovu 9-tu simfoniju.	1, 6, 7
PC 4 7...	8
Ah!	2, 5
Nije se trebao mučiti.	6, 7
Šta je to? Tu ćeš biti raščerečen.	1
Proći ovim putem vrućim stopalima prema hramu. Ne ohrabruj ga!  Imao si svoju tačku, Paul.	3
Izgubljen sam! To nije hram,zar ne?	1
Da ti objasnim.	6
U rikverc i rasturi ga!	1, 2
Boljeće ga glava od ovoga.	1
Ček' malo...	1
Hajde,hajde!	6, 7
Desno!	2
Uspio sam Nije dugo trajalo,zar ne?	2
Ringo! Ringo!	1
Ja sam savršen hirurg.	1, 2
To je vrućina,od nje postaju mušičavi.	5
Idete na put morem...	7
Ne,ovo! Ne znam.	5
Ne vjerujem.	2
Kako to misliš?	1
Znaj, skoro su nemilosrdni.	4
Ponovo si sav crven.	2, 4
Ha! Onaj ko nosi prsten...	2
l need somebody Help!	2, 5
You know l need someone	4, 5
ISI šalje nekoga važnog kod CIA-e.	2, 7
Probaj u podrumu.	2
Idiotu je bio upaljen TV i nisam..	1, 3
-Hvala.	2, 5, 8
-Ko je to rekao?	1, 7
-Gdje su oni?	1
Sigurno su se zanijeli u sreći, izradi postera, pjevanju.	3, 7
Učiš me kako da se ponašam prema svojoj kćerci?	1
Napisala sam zadaću.	8
Ne možeš samo nestati.	1, 3
Ostaću.	2
Moraš nam reći da razumiješ.	8
-Paige.	6
Ali tada ću morati s tim živjeti.	3, 6
A i miris dugo ostaje.	3
Lijep stan.	5
Ovo je dom.	5
Izvini što sam došao nenajavljen.	6
Ponekad razgovaram s njom i molim je da me razbudi.	6, 7
Cijenim to agente Beemane.	5, 8
-Vidimo se sutra.	2, 5, 8
-Hans me je upozorio.	1, 6
-Je li on dobro?	4
-Neće to uzeti.	7
Vidimo se na dogovorenom mjestu.	2
-Znam.	3, 6
-Zašto sam ovdje Clark?	7
-Prijatelj.	4
Ne znam je li tvoj stan siguran.	4
-Šta da radim?	4
Ozvučili bi ti telefon, pratili bi te, a ne bi poslali Beemana.	4
Obećavam.	2, 5
-Kasnim na sastanak.	7
-Zbog čega me optužuješ?	1
Možda je ubila mog partnera Chrisa Amadora.	1, 3
-Možeš li ući unutra i nešto reći?	1
-Šališ se?	1
-To ti je problem?	5, 8
Boli me briga.	1
-Osim ako ne želi nešto drugo.	7
Je li ovo Roger s kojim smo išli u Seaworld?	7
-Je li nam on pravi rođak?	7
Ne diraj me.	3
Paige.	1, 3, 6
Kako ste?	1
Tvoja mama nije dobro i treba joj vremena da se oporavi.	6
Nije sve laž.	1, 6, 7
Tvoja mama je rekla da te dovedem iako je bilo kasno.	2
-Ne znam.	2
-Neko je došao po Abassina.	2
-Nadamo se.	5
Zašto nema borbi u Haji Sataru ili Rahimu?	2
Mi samo želimo u miru živjeti na zemlji naših očeva.	4
Žele se boriti i umrijeti kao mučenici.	3, 6
Dok su mu tijelo i odjeća još krvavi?	4
Ja sam taj koji ubija komuniste.	2
Pa, stalno se pitam ima li Philip pravo.	2, 6
Zar nisi čuo?	2
Samo nisam siguran je li to u redu.	4
-Ne, za Philipa i Elizabeth.	6, 7
-Imamo, kamilicu, Earl Grey..	7
Svi su tugovali.	6
I nakon svega toga ipak žele ponovo pokušati?	4
Misle da ti to možeš.	8
Vidjeću mamu prije nego što umre. u Rusiji.	2, 4, 5
-Svi na poslu znaju da lažem.	4, 6
-Ne znaju.	1, 7
Znam da se trudiš.	8
Ja radim na tome i riješiću to.	4
Martha, ja te volim.	4
U redu je. Ja..	6, 8
Ali platio sam veliku cijenu.	6
Umiješani su u sve vrste organiziranog kriminala.	4
I sada im je potreban novi.	2
Šta je problem s mnom? Nisam dobar u predviđanju događaja.	6
Davne 2003. godine mislio sam da sam se izvukao.	7, 8
Velika kuća, tri auta, preljepa žena.	5, 8
Zarađujem sto tisuća mjesečno. Praveći i prodavajući drogu.	5, 8
A ja volim da uživam.	2, 5
Izađi, izađi gdje god da si.	4
Pogledaj. Sa zatamnjenim staklima.	1, 2
Dao sam im imena.	1
Dobio sam dodatno vrijeme.	2, 8
Nastavio sam da surađujem.	2
Počeo sam da shvaćam da imam šansu da se iskupim.	2, 5, 6, 8
Znaš li da te čeka minimum 20 godina?	3
Bajkerska banda?	4
Poznajete dilere.	8
I imajući to u vidu, sigurna sam da ćete nešto smisliti.	3, 8
Svi su ostavili svoje tragove na ovim pustinjskim putevima.	7
Uvježbavao sam svoj nastup. Pokušavao sam da smislim sva pitanja koja će mi postaviti.	7
Samo želim da ih častim pivom.	2, 8
Kako su samo sebe nazivali moto klubom, Vagosi su bili veoma nasilni.	3, 4
"I nigde nije bilo opasnije nego u njihovom lokalnom baru, po imenu ""Rat Catcher""."	4
Dok sam ulazio u bar, prva stvar koju sam primjetio pored užeglog piva, i ustajale pišake, je napetost. Osjećaj je bio kao odbrojavanje do sledeće borbe.	3
-Samo prijatno mesto da popijem pivo.	3
To je 50 km zapadno odavde.	5
Potpredsednik lokalnih Vagosa.	5, 8
I pita se šta radiš u njihovom baru.	8
-Poznajem li te?	2, 5
Hoćeš li mi reći zašto? -To je duga priča.	1
-To je duga verzija.	1
Dok se oni osvjeste šta se događa, biću veoma daleko.	8
Jesi li pobjegao ili šta?	6
Da li da bježim ili uzmem ono za šta sam došao?	4, 6
-Ja sam taj koji ima pištolj.	4
Otišao sam u igraonicu i krenuo vani.	4
Vidim izlaz.	5
Pomislio sam da sam uspio.	8
Ne znam šta sam to uradio da naljutim tog lika. Ali je odlučio da me ubije.	1, 2
Nije čak bio ni napunjen.	7
Dakle ti praviš drogu?	2
Previše sam bio zaglibio.	6
Sada samo koristim travu.	1
Na to nisam ponosan.	3
Najbolja laž koju sam ispričao.	5
Nije mi bilo plaćeno da budem doušnik, pa sam radio kao mehaničar po cijeli dan.	1
Ne zanima me. Samo ne želim da nas zaustavi policija.	1, 3
To će upravo da se promjeni.	2
Skinheds u našem baru.	3
Sutradan sam pozvao Samantu Kayles.	2
-Ne, već osam mjeseci.	5, 7
Kaži mi šta ti treba.	6
A ja sam tvoja veza.	5, 7
Javljaćeš mi se dnevno. Misli na mene kao na nešto između tvoje žene i majke.	1
To je putovanje i zabava spojeno u jedno.	2
Ako želim da postanem član bande i ne završim u zatvoru,	2, 5
Nemam para za motor.	6
I čujem priče zbog kojih neki mogu da završe u zatvoru. Lik počinje da priča, a moj brat uzme pištolj i upuca ga.	1, 3, 8
Premjestili su ga prije nego što sam saznao kako se zove.	1, 7
Zdravo.	5
-Školske smo prijateljice. I ponovo smo se spetljale.	5
Prilično je zauzeta večeras.	7
-Tako nekako.	2
Zašto bi protivnička bajkerska banda upala u bar pun Vagosa?	1, 7
Trojica nije ni blizu da izgleda kao cijela vojska.	1, 3
Ali za bajkere, stvar je u tome da pokažeš da se ne plašiš.	8
Izvini.	6
Zašto se smiješ?	1
Idući put me podsjeti da ponesem aspirin. -Stvarno?	1
Biti će idući put?	2
Samo ne želim neprijatelje.	4
Skitzo, htio sam da ga upoznam. Šta se događa?	2, 6
Neki od momaka se pitaju jesi li stvarno onaj za koga se predstavljaš.	2
Ne, možeš da to doneseš kasnije. I 400 dolara da to platimo.	1
Dobra vijest je da je Kid pristao da ti bude sponzor da postaneš prospekt.	5, 7
Mrtav si ako budem ispao budala zbog tebe. Zabavimo se.	1
Daljim razvojem naših alata za istraživanje ovog beskrajnog prostranstva, odgovor na naše pitanje, dolazi sve jasnije do izražaja.	2
Oni su opisali dugogodišnju zavjeru, o prikrivanju vanzemaljskih posjeta Zemlji.	1
Ova tehnologija bi mogla osloboditi Zemlju fosilnih goriva, uništavanja okoline i siromaštva, u jednoj jedinoj generaciji.	2, 5, 8
Njegovo svjedočenje bi moglo ući u historiju.	2, 8
To je bio najgledaniji događaj u historiji National Press Cluba.	7
Mi smo stvarno pronašli srušene tanjure.	5
U nekima od tih padova, bilo je uključenih tijela.	5
Ali postoji mnogo dokaza, da oni imaju problema sa našim neprijateljstvom.	4, 7
♪ za mene i tebe. ♪	5
♪ Jasan, blaženi dan, ♪	5
♪ I mislim u sebi, ♪	5
♪ kakav predivan svijet. ♪	5, 8
♪ Boje duge, ♪	5
♪ koji prolaze. ♪	6
Jedno od mojih najvećih razočaranja, u zadnjih 25 godina, su oni, kojima nedostaje hrabrost, da stoje iza svojih uvjerenja.	1, 3, 6, 7
Ali ne postoji podrška za ovu privlačnu ideju.	1, 2, 4, 5, 6, 7
"U stvari, imamo tako mnogo dokaza, da ih je dr J. Allen Hynek, koji je bio uključen u projekt ""Blue Book"", za Air Force, čak označio kao ""prebogatim""."	1, 2, 3
Imamo ih toliko mnogo.	5, 8
"Tri takozvana leteća tanjura,"" ""su pronađena u New Meksiku."""	2, 4, 7
Vanzemaljska tijela, da.	8
Bića su bila oko... 1,20 metra visoka.	7
Bilo je čini mi se... četiri vanzemaljca na brodu.	4
Dakle, četiri krhka prsta i duge ruke, vrlo kratki lakat.	1
To je izgledalo, kao da bi bili... goli.	3
Ali oni su u stvari imali vrlo tanko, pripijeno odijelo.	6, 7
To je samo vrh ledenog brijega, pogotovo jer imamo više stotina takvih svjedoka, ali se ne žele pojaviti pred kamerom, zbog straha od posljedica za sebe i svoje porodice.	6
To će me dovsti u nevolje.	4, 6
To je vježba. Ali ovaj put su se svjetla ugasila i nitko nije govorio o vježbi.	4
Nakon toga je postalo jasno da to ne mogu biti Rusi.	3
Londonska kontrola je htjela, da nastavimo misiju.	8
Očigledno je princ Philip mislio da je to vrlo važno...	3
Njegov stric je bio uključen u planiranje svemirskog leta, za prvo slijetanje na Mjesec.	8
Jer je to izazov koji smo spremni prihvatiti.	2
Arhive Disclosure Projecta, sadrže izjave izvanrednih ljudi, koji su bili dio ove ambiciozne misije za istraživanje svemira, među njima astronauti Gordon Cooper i Dr. Edgar Mitchell, šesti čovjek na Mjesecu.	8
Dostignuće, koje je premašilo najoptimističnija predviđanja.	5, 7
Šta je to bilo?	4
Uništavanjem atomskog oružja, koje je bilo ispaljeno u svemir.	4
Ali tu su bila svjetla, koja su letjela uokolo.	7
Onda je ponovo nazvao, ali ovaj put jako uplašen.	4
I kad sam to pokušao klasificirati, moje rakete su se počele zatvarati, jedna za drugom.	4
Ovo su neki od najviše rangiranih vojnih oficira u našem programu obrane.	4
Ispostavilo se, da je Sagan, u svojoj ranoj karijeri, stvarno govorio i pisao o NLO-ima, čak vrlo afirmativno, vrlo seriozno.	7, 8
Skepticizam je vrlo zdrav.	8
Mi znamo od naših kompleksnih teleskopa, da je, samo u zadnje dve godine, otkriveno više od dvadeset planeta izvan našeg Sunčevog sistema, koji su dovoljno daleko udaljene od svojih Sunaca i dovoljno guste, da bi mogle omogućiti	2, 7, 8
Dakle, to sve čini sve manje vjerojatnim da smo sami.	4
1990. godine, osnovao sam centar za proučavanje vanzemaljske inteligencije, cilj je bio stvaranje diplomatskog kora, za prijateljski kontakt sa tim civilizacijama.	2, 8
Već uskoro smo imali neke spektakularne uspjehe.	5
To je stvarno bila osnova mog iskrenog interesa.	5, 8
Ali postojanje National Reconnaissance Offica, ostaje tajna više od 30 godina.	8
A učesnicima Manhattan Projecta, razvoja atomske bombe, je prijetila kazna zatvora od deset godina, u slučaju otkrivanja tajne, ili novčana kazna od 100.000 dolara.	3, 6
Tek nakon što su bombe bačene na Hiroshimu i Nagasaki, vlada je otkrila njegovu pravu funkciju.	1, 3, 6
Usprko svim tajnama, mi imamo tu veličanstvenu mogućnost, da posegnemo za zvijezdama i budemo prijateljski susjedi drugim civilizacijama, čime možemo razmjeniti informacije i resurse, razmijeniti znanje i duhovna saznanja i međusobno podijeliti vrijednosti.	5, 8
Šta je više osjetljivo od razvoja hidrogenske bombe, prije njene detonacije?	4
vojno industrijskim kompleksima. Uglavnom se misli na generale, na Konzervativce i Republikance, koji su vrlo bliski vojsci i privredi.	6, 7
Ali on govori o ilegalnom dijelu toga.	3
Radi se o vojno industrijskom informacionom kompleksu, koji se sa puno birokracije, kreće u pravcu dominacije i kontrole, nad cijelokupnim demokratskim procesom u zemlji.	4
Više novca za Pentagon, iako njihovi vlastiti revizori priznaju, da vojska ne može precizno odrediti 25% svojih izdataka.	1, 3, 4
Prema nekim procjenama, mi ne možemo slijediti, transalcije u visini od 2,3 biliona dolara.	3
Da tako kažemo, kao vrhovni komandant.	8
Ali stvarnost je... potpuno drugačija.	4
Izdajnik!	1, 3
Oni su međusobno osnovali ovaj savez, jednu industriju, koja je zarađivala novac, proizvodeći ratnu mašineriju.	3
Vojsku, koja koristi i opravdava te borbene mašine, a zatim obavještajne službe, koje nisu bile prave obavještajne službe, nego tajne operacione jedinice, opremljene ratnim i nuklearnim oružjem.	1, 4
"Prvi dokument o informiranju predsjednika Obame, koji smo mi predali Johnu Podesti, ovaj dokument sadrži popis tajnih operacija u području oko baze Nellis, također pogrešno nazivane ""Area 51""."	3
Ali to nije tako.	1
Dali se njihov plan podržava, ili ne?	2
Zašto ja ne bih trebao o tome ništa znati?	7
Ja ću to... još jednom učiniti.	8
novoizabranom predsjedniku Carteru, stavio na raspolaganje, sve njemu dostupne informacije, o mogućoj egzistenciji vanzemaljskog života, kao i na pitanje dali bi NLO-i, mogli poticati iz jednog drugog Zvjezdanog sistema.	8
Time se za mene raspsla jedna iluzija... što je bilo teško...	6
I od mene su zahtjevali, da informiram direktora CIA-e o nečemu, o čemu su njega i predsjednika lagali?	1, 7
"Rekao sam: ""Dali ste vi poludjeli?"""	1, 3, 7
Ovo je prekrasna stvar.	5
Ovo ovdje je poziv u originalu.	2, 5
Vjerujem da ću biti čak prvi predsjednik, koji je ikada javno spomenuo Area 51.	2
Kako vam se ovo sviđa?	5, 8
Ako ispričate bilo kome, tko se ne nalazi u ovoj sobi, o ovom projektu, vaše ime stoji na ovoj kugli. I ona će vas pronaći.	1, 4
Ja sam imao dosta problema, nakon što sam ispričao ovu priču, ali ja nastavljam pričati tu priču, jer smatram, da ljudi moraju znati, da se ova vrsta sranja događa u vladi!	1, 2, 4
Mi ćemo te uništiti... I tako dalje.	1
Oni nikada nisu bili ovdje, to se nikada nije dogodilo.	4, 7
Jedna od tajni je posjet predsjednika jednoj tajnoj zrakoplovnoj bazi, kao dio istrage događaja u svemiru.	3
Vamzemaljci ne dopuštaju da se to dogodi!	1
Jedan Medien-opoly.	5
Kako se nešto drži tajnim?	4
Ili nekog stručnjaka, koji kaže:	2, 8
Vi ste lažne novosti.	1
Jedna mogućnost, da se utiče na ljude, je plaćanje.	8
ili ugrožavaju naše izvore i metode.	1, 3, 6
Ako vi, Miss Maclaine, znate bilo kakve dokaze o postojanju vanzemaljaca, dajte mi ih i ja ću to objaviti, ali ja sam skeptičan.	8
Zašto bi se to trebalo mijenjati?	7
Imali bi demokratski proces, u kojem bi sva ta osjetljiva pitanja bila legalno obrađena, ali mi to nemamo.	1
I imali bi nekorumpiranu naučnu elitu, ali mi to sve nemamo i mi to dokazujemo.	6, 7
ali nakon 25 godina, nisam našao ni najmanji dokaz, da su nas posjetili vanzemaljci.	3
Gledajte, to bi bilo najveće otkriće u historiji nauke.	7
Oni bi otišli u Kongres i dobili više sredstava.	6
Ja sam ovdje, da govorim o takozvanim letećim tanjurima.	2
"takoreći raskrinkati. ""I trebamo astronome i amatere astronome,""  ""da imitiraju jedno viđenje, da možemo dati neke tragove,"""	2
Prije svega, to su ljudi.	8
Došao sam do zaključka da to nije bila objektivna studija.	6, 7
To sve stoji u ovom dokumentu.	2
kad nešto želite ubiti.	3
"A on je samo rekao: ""Znam, da je to stvarno."""	2
To je društvo, koje smo mogli imati, prije jednog vijeka.	6
Oni znaju, da kad bi ova energija bila na raspolaganju prosječnim građanima, oni više ne bi bili potrebni.	4
To je ogroman prodor, koji bi se dopao vlasnicima automobila.	5
Predsjednik ne zna da se to događa.	7
"Nažalost, to je ""Smrt"" korporacija, koji će se orva javiti kod njih."	2
To se prikriva, ali vjerovatno ne iz razloga, na koji vi možda mislite.	2, 4
Tako tajno, da se čak o tome ne govori.	2
To mijenja cijelu perspektivu.	2, 5, 8
Njihov zadatak, njihov mandat, je lagati, zanijekati i prevariti.	1, 3, 7
To se pokazalo kao izuzetno djelotvorno, da se ujedini javnost, u pogledu navodne prijetnje.	5
Tu je bilo puno lažnih informacija o oružju za masovno uništenje, koje Saddam Hussein nije posjedovao, što je opet bilo poznato u obavještajnim krugovima.	1, 3
Tako da smo uništili ovaj dio svijeta, a rezultat je ISIS.	4
i bit ćete odgovorni za čuvanje oružja iz svemira.	4, 7
Jedna laž.	3
I znam, da je ova planeta sigurna, jer je ona brani.	8
I oni su ih naveli na to, da ubjede ljude, da su oni vanzemaljci. Da.	3
Vidjel isu nešto, što nisu trebal ividjeti.	1, 6
I to počinje stvarati spektar prijetnji.	4
Makni se od nje, ti kujo!	1, 3
To bi mogao biti jedini put, da se ujedini naš podijeljeni svijet.	2, 5
Oni su tamo vani.	1, 4
To nije Rusija.	1
Rezultat toga je da smo u krizi, a to je nepriznato, što je ironično.	3, 7
Koliko to može biti dobro, kad članovi ove vlade nemaju pristup programima?	1
Sociopatima, koji kontroliraju ove programe, ne bi trebalo dopustiti da govore u ime planete Zemlje.	1, 3, 4
Sarkozy-ja.	7
Dakle, ovdje imamo jednu vodeću zemlju, jednu nuklearnu silu, koja se zanima za ovu temu.	3
I iz tog razloga je sada vrijeme, voditi vrlo ozbiljnu diskusiju, o filozofskim i teološkim pitanjima, koja se postavljaju našoj ljudskoj porodici, kroz razvoj vanzemaljskog života.	2
Čuvanjem svih tih tajni i odbijanjem diplomatskih protokola za razvoj, koji su više nego ikad potrebni i u koje sam vrlo ubjeđen.	6
NLO-i su isto tako stvarni, kao avioni iznad naših glava.	8
I vrijeme je da vlada Sjedinjenih država kaže iskreno, šta ima u svemu tome.	1
Poljoprivreda i proizvodnja, mogu biti lokalne, bez velikih troškova.	5
To je veliki zadatak.	2
Pretpostavite si interplanetarnu trgovinu, dali to ne bi bilo uzbudljivo?	2
I moramo doći do saznanja, da je cijeli univerzum samo jedna pozornica, na kojoj se odvija drama ljudskog razvoja.	1
Ili samo zbog nedostatka mašte?	2, 6, 7
Dali ste vidjeli bilo koji od tih dokumenata?	1
I vi bi trebali... znate... Narod može podnijeti istinu.	8
Da tamo vani postoji mnoštvo planeta.	2, 8
ALI PLATIO SAM VELIKU CIJENU.	6
UMIJEŠANI SU U SVE VRSTE ORGANIZIRANOG KRIMINALA.	4
I SADA IM JE POTREBAN NOVI.	2
ŠTA JE PROBLEM S MNOM? NISAM DOBAR U PREDVIĐANJU DOGAĐAJA.	6
DAVNE 2003. GODINE MISLIO SAM DA SAM SE IZVUKAO.	7, 8
VELIKA KUĆA, TRI AUTA, PRELJEPA ŽENA.	5, 8
ZARAĐUJEM STO TISUĆA MJESEČNO. PRAVEĆI I PRODAVAJUĆI DROGU.	5, 8
A JA VOLIM DA UŽIVAM.	2, 5
IZAĐI, IZAĐI GDJE GOD DA SI.	4
POGLEDAJ. SA ZATAMNJENIM STAKLIMA.	1, 2
AKO SU TRAŽILI IMENA. DAO SAM IM IMENA.	1
DOBIO SAM DODATNO VRIJEME.	2, 8
NASTAVIO SAM DA SURAĐUJEM.	2
POČEO SAM DA SHVAĆAM DA IMAM ŠANSU DA SE ISKUPIM.	2, 5, 6, 8
ZNAŠ LI DA TE ČEKA MINIMUM 20 GODINA?	3
JESI LI ČUO ZA VAGOSE?	4
AKO ŽELITE DA NE ODETE U ZATVOR.	1
POZNAJETE DILERE.	8
I IMAJUĆI TO U VIDU, SIGURNA SAM DA ĆETE NEŠTO SMISLITI.	3, 8
SVI SU OSTAVILI SVOJE TRAGOVE NA OVIM PUSTINJSKIM PUTEVIMA.	7
UVJEŽBAVAO SAM SVOJ NASTUP. POKUŠAVAO SAM DA SMISLIM SVA PITANJA KOJA ĆE MI POSTAVITI.	7
SAMO ŽELIM DA IH ČASTIM PIVOM.	2, 8
KAKO SU SAMO SEBE NAZIVALI MOTO KLUBOM, VAGOSI SU BILI VEOMA NASILNI.	3, 4
"I NIGDE NIJE BILO OPASNIJE NEGO U NJIHOVOM LOKALNOM BARU, PO IMENU ""RAT CATCHER""."	4
DOK SAM ULAZIO U BAR, PRVA STVAR KOJU SAM PRIMJETIO PORED UŽEGLOG PIVA, I USTAJALE PIŠAKE, JE NAPETOST.  OSJEĆAJ JE BIO KAO ODBROJAVANJE DO SLEDEĆE BORBE.	3
-SAMO PRIJATNO MESTO DA POPIJEM PIVO.	3
TO JE 50 KM ZAPADNO ODAVDE.	5
POTPREDSEDNIK LOKALNIH VAGOSA.	5, 8
I PITA SE ŠTA RADIŠ U NJIHOVOM BARU.	8
VRIJEME JE ZA PREDSTAVU. -POZNAJEM LI TE?	2, 5
-STVARNO? HOĆEŠ LI MI REĆI ZAŠTO?	1
-TO JE DUGA VERZIJA.	1
ZAŠTO NE SJEDNEŠ I POKUŠAŠ DA MI NE GUBIŠ VRIJEME?	1
I TO ME JE NATJERALO DA URADIM NAJGLUPLJU STVAR U ŽIVOTU.	3, 6
SVE SAM ISPLANIRAO.	2, 5, 8
UGURAĆU IH U SOBU, UZETI ROBU I UPERITI PIŠTOLJ U LICA.	1, 2
DOK SE ONI OSVJESTE ŠTA SE DOGAĐA, BIĆU VEOMA DALEKO.	8
-ZVUČI OPASNO.	6
ŠTA SI URADIO?	4
OTIŠAO SAM U IGRAONICU I KRENUO VANI.	4
VIDIM IZLAZ.	5
POMISLIO SAM DA SAM USPIO.	8
NE ZNAM ŠTA SAM TO URADIO DA NALJUTIM TOG LIKA. ALI JE ODLUČIO DA ME UBIJE.	1, 2
-NE.	6
PREVIŠE SAM BIO ZAGLIBIO.	1
NAJBOLJA LAŽ KOJU SAM ISPRIČAO.	5
NIJE MI BILO PLAĆENO DA BUDEM DOUŠNIK, PA SAM RADIO KAO MEHANIČAR PO CIJELI DAN.	1
VEOMA LJEPO, ZAR NE?	5
NE ZANIMA ME.	1, 3
TO ĆE UPRAVO DA SE PROMJENI.	2
SKINHEDS U NAŠEM BARU.	3
FALCO?	2
DROGIRAŠ LI SE?	5, 7
KOLIKO ZNAŠ O VAGOSIMA?	5, 7
NE.	7
A JA SAM TVOJA VEZA. JAVLJAĆEŠ MI SE DNEVNO.	1
TO JE PUTOVANJE I ZABAVA SPOJENO U JEDNO.	2
-ZAŠTO ONDA NISI?	6
-ALI SAM BLIZU AKCIJE. I ČUJEM PRIČE ZBOG KOJIH NEKI MOGU DA ZAVRŠE U ZATVORU.	1, 3, 8
PREMJESTILI SU GA PRIJE NEGO ŠTO SAM SAZNAO KAKO SE ZOVE.	1, 7
NA VRATU.	2
BONGO JE MRTAV.	1
-ONU LIJEPU DESNO.	5
MISLILA SAM DA VOLIM ZABAVE, ALI OVI MOMCI...	6, 7
ŠTA JE S TOBOM I STELLOM? -ŠKOLSKE SMO PRIJATELJICE.	5
I PONOVO SMO SE SPETLJALE.	7
ZAŠTO BI PROTIVNIČKA BAJKERSKA BANDA UPALA U BAR PUN VAGOSA?	1, 3
TROJICA NIJE NI BLIZU DA IZGLEDA KAO CIJELA VOJSKA.	8
ALI ZA BAJKERE, STVAR JE U TOME DA POKAŽEŠ DA SE NE PLAŠIŠ.	6
-NE ZNAM. IDUĆI PUT ME PODSJETI DA PONESEM ASPIRIN.	1
-STVARNO?	2
ZAŠTO? JESI LI LJUBOMORAN?  -NE.	4
SKITZO, HTIO SAM DA GA UPOZNAM. ŠTA SE DOGAĐA?	2, 6
NEKI OD MOMAKA SE PITAJU JESI LI STVARNO ONAJ ZA KOGA SE PREDSTAVLJAŠ.	2
ŠTA JE TO? -TVOJA PROVJERA.	1
HOĆEŠ DA OVO ODMAH POPUNIM? NE, MOŽEŠ DA TO DONESEŠ KASNIJE.	1
DOBRA VIJEST JE DA JE KID PRISTAO DA TI BUDE SPONZOR DA POSTANEŠ PROSPEKT.	5, 7
AKO TRAŽIM DA UBIJEŠ NEKOGA?	2
-AKO TE POZOVEM USRED NOĆI, DA DOĐEŠ KOD MENE I JEBEŠ MOJU ŽENU DOK JA BUDEM GLEDAO...	1, 3
SAMO PRIĐI MOJOJ ŽENI I IMA DA TI ODSIJEČEM JAJA ŠUPČINO.	1, 3
MRTAV SI AKO BUDEM ISPAO BUDALA ZBOG TEBE.	1
I JEDAN KORAK DALJE OD ZATVORA.	2, 5, 8
