公司跟银行之间出了些问题 与你无关吧	1
请问 你认识贝利	1
艾贝出版社的老关 老字号	1, 3
他不在这里	6, 7
但他昨天都没有来	5
我只是替他打工	2
并不是他的私人助理	3
嗯	1, 2, 5
我有一位俄国朋友写了一本很 重要的小说	2
开放以后 我朋友的小说仍然未能 在苏联出版	1
-微笑	2, 5
微笑	5
-我可以看看吗	2
-我们由这封信谈起吧	2
手稿在那里	2
-是吗	1
那作者究竟写什么	7
-你为什么逃走	7
我带一个女人 男人 甚至 一只鸭来 都不关你们的事	1
贝利 你在里斯本做什么	8
老家有人死了吗	2
想搬大使馆吗 还是你们想绑架我	1
-贝先生	4
我介绍其他同事给你认识	2
这样好吗	5, 7
不用急	7
想想吧 贝利	1
她根本不在那里	1
他们对作家是很重视的	5, 8
我能在那儿作客 已经很幸运	5
-我非常受欢迎	5
四十年都没有核战 很和平啊	4, 7
我们要互救 因为我们都是受害者	6, 8
贝利 这未免太英雄主义	7
你真的相信是这样吗	7
所以我这么喜欢他们	5, 8
有人有萨克斯管吗	7
但丁	7
我爱我的国家	5, 8
你是干那一行的	2
那你现在写些什么	1
我就是那个谎话	6
如果你不是 我会答应你一件事	1, 2, 7
但丁 你为何硬说我是间谍呢	4
-你不能拒绝我	1
答应我	2, 8
一言为定	8
我知道 因为你逃避现实	1
-他是谁	1
-没有线索	6
真的不是你看清楚	6, 7
我没有这么好运	6
不可让他们有翻身的机会	1, 2, 3
是很多人都想做的事	2, 5
如果你们生在古时 一定会被 教会烧死	1, 3
要留个口讯吗	2
如果我们相信他的动机 就能 相信他	8
今次要查的事 是我们一直想知道的 以前我们一直不敢问	5, 8
我们有情报说俄罗斯 在这方面其实很落后 根本威胁不到我们	7
贝利 一路顺风	2, 5
贝利先生 你怎会认得我	7
不可能吧	1, 3
我三年前几乎在这儿被捕	4
他们说我拍摄军事相片	4
政府实在太腐败无能	1, 3
轻声点	1, 4
这么私人的问题我想你不需要 知道吧	1, 3
贝利先生 你会在莫斯科逗留 多久	2
不好意思 我要回去看我的子女	6
-告诉我你家电话号码	1
不要说或许	6, 7
贝利有待薄你吗	2
俄罗斯的发展潜力十分丰富	5, 8
你们有营业代表吗 还是一切仍然听天由命	1, 3
翻译呢	1
你们明白我的意思吧	2
你喝酒吗	2
不要只有我问 你说说话吧	2, 8
告诉我吧 我喜欢说笑	4
他叫你告诉我什么	1, 2
将他们的手稿偷运到西方的吗	7
-你呢	7
开放后他得到了启发	5
-你同意吗 -是的 你也同意啊	1, 3
你替他说话	7
不像科学家 比较像 艺术家	2, 7
于是你爱上了他	5, 7, 8
他是我的初恋情人	5, 8
人们都失去了齿子之心	6, 8
直至去年他遇到一个英国出版人 那个人感动了他	2, 8
因为我知道没有人 跟他有一样的想法	6
他会和我讨论 大谎言 的问题	6
他说一切都是大谎言的一部份	6
没有	7
让你认识我多一些	2
我会挂念你	6
贝利有三个机会和他接触	8
你迷了路	1, 7
但丁 你在那里	2
那时只有我们两个是清醒的	4, 8
很可惜 他找不到我	6
没有人出卖你	8
你的手稿落在 政府的人手上	3
你拒绝替我出版小说吗	1, 3, 4, 6
但丁 你不要这么激动	1
如果我们一起行动 我们就会 一起生存	8
我不是你想像中的人	3, 6
当年革命就在这儿开始	5
你想像一下当天的情景 战船鸣炮一响  像怔革命开始	2
时间到了	5
我会帮你	8
-内容怎样	8
你是明星	5
说得好 罗素	5
但问题是就是因为这几本簿 很多本来高薪厚职的人  可能会失业	1, 4
克莱夫 尼特 我告诉你们	4
为什么时常到俄罗斯呢	1
这个问题很好	8
罗素 那幅画不是我的	1
但是你似乎经常到俄罗斯 却不常来美国	6, 7
俄罗斯跟美国一样腐败	8
诺布这个人真的不错	5
-是	2, 8
不是	1
克莱夫 叫他走吧	3
他不会受赌 亦不会怕我们恐吓	8
尼特 义气是不值钱的	5
贝利	7
波比 清单上的问题 可以让我们知道苏联的军事秘密  帮助我们在军备竟赛中胜出	7
很好 贝的录音带已经加密	5
并用卫星传送返伦敦解码	7, 8
他们还让你进来吗	3
不要谈烈宁格勒吧	3
如果她又年青又漂亮 我就原谅你	6, 8
真的 见到你真是太好了	5, 7, 8
这穿上去太漂亮了	5, 7
我有消息要告诉你	2
他病倒了 但现已康复	5
我以为他除了你之外没有 可信赖的朋友	7
-你告诉她	1
-画得很好	5
-他的信是怎么结尾的	2
又是情话	5, 8
哪个是难对付的人	1
够了 你们不要再偷录了	1
人病倒了就是这样	6
-我爱你	5, 8
是命中注定要我遇上你	6
是 无私的爱 成年人的爱  -你知道是的	2, 5
我实在不能再受伤害了	2, 8
-你干什么么	4
我是站在你们这的	5, 8
-我不累	1, 2
你也不会这么做吧	7
-为何由他驾驶	7
他是个大男人	3
我们知道的不比你们多	8
录音带在哪	2
有什么异样吗	2
做得好	5
你做得很好	2, 5
欢迎你们参加今晚的宴会	2, 5
罗素 取消行动吧	1
那她为何仍四处走	1
罗素 一切都完了	6
完了	6
你真幸运 今早升降机没有失灵	5
你一定要将它带回来	2, 8
不会有问题的	5
希望一切顺利吧 杰克	2, 5, 8
我们不想知道的也不会问	2
他用自己的方式遵守对但丁承诺	8
他也想救嘉迪雅	2
英方第一次给你看这封信 是在里斯本吗	2, 7
很可惜 沙教授已经死了	6
对于意识型态 我没有兴趣	1
我知道如果有人怀疑我 那人 一定是你	2, 6, 7
但你仍然完全	5
我爱你	5, 8
但你们根本不应偷看人家的信	1
贝利呢	2
那不是件容易办的事	8
贝利 祝你好运	8
当年，我客死异乡	6
尸骨让千年树妖缠着不放	3, 6
宁采臣！	5, 7
他不就是集宝斋派来收帐的那小子	7
放我出去，我不是周亚炳，冤枉呀！	4, 7
我和你一样，是人 命中注定要坐监	6
好，那去注解兵法 又说我煽动作反	1
你说是不是命里注定要坐牢呢？	4, 6
蟑螂呀！	3
老伯，你在这里困了多久？	7
老伯，我不是姓周的	1
怎么你涂了我的名字呢？ 老伯！	7
老伯，人家说午时斩首	3, 4, 6
一定那些高官子弟犯了罪 找人做替死鬼	6
三更半夜的 随便斩哪一个都没人知道	4
世间上真的没有公理	1, 3, 6, 7
不关我的事...	3
我去哪儿都带着它	1, 3
我没见过像你这么重感情的人	5, 8
我死不可惜，你死了才可惜	6
你这种人世上已经少有了	7
要是死了，那不就绝种了，不...	6
如果可以直通外面，你早就出去了	2, 7
写完了又可以随时拿出去给人家印	2
年轻人，你出去了就不要再回来了	1, 3, 4
我走了你怎办？	6
两人少了一个，怎么过得了这关呢	4, 7
保重呀！	5
改天要好好地报答他才行	8
你有你在上面跑，我有我在下面追	3
这么大雨到哪儿去避呢？	1
你们用不着起来招呼我	1
你到哪儿去，没目标吗？	1, 4
我还以为这只马是老伯的	7
老伯，老伯你也该问一声 见马就骑	1
还声东击西的暗算我	1
幸亏我反应快	7
这里有瓦遮头，就这里好了	2, 8
我早料到是外面漏水	5
天地法灵，逐鬼驱魔令	1
老兄，原来你懂法术的	7
搞了半天，原来是假的	1, 3, 7
浪费了我的法术	1
走后门！	2
幸好有你的腰带	8
不要过来呀，我不客气了	1, 3, 4
掉了...	6
放手我就要掉下去了	4
再不放手，我...	3
我们是忠良之后，本人是傅青风	2, 5
前辈，见到你我们就有救了	2, 8
我要怎么讲你才相信呢？	2, 6
大家向天发誓	8
这马被你骑过，我都觉得很荣幸	8
我有笔，快点！ 快点！	1
对月形单望相护	5, 6
前辈的意思太深奥了	5, 7
十里就是十里亭	1, 8
怎么样？	4, 6
我们早就知道了	1
那听前辈的算不算听人家呢？	1, 3
是，前辈	8
姐姐，你也在偷看什么？	2, 4, 7, 8
来了！	7
你不要玩了，好不好？	4
我明白了	7, 8
那你就得捱一下了	2, 5
走呀！	4
那只鬼好高，一站高就看到我们了	2, 4, 7
老兄呀，你这个咒究竟怎么解呢	4
你越来越重，我快要扶不了你了	4, 6
是不是跟这个咒有关？	2
怎么解呢？ 怎么解呀？	4
终于也解了	5
好厉害，不怕我的符咒	4
它可能随时会回来的	4
法术都来不及用	6
我在下面捉鬼 上来透透气这还说我挡路？	1
天黑了那只妖怪走出来 你们就麻烦了	1
如果肯为朝廷效力 前途一定无可限量	2, 5
你们凡人喜欢升官发财 我要四大皆空	4, 8
真是年少有为	5
报告千户	1
朝廷里的恩怨 不是我一介武夫所能干预	1
我只是奉命行事	5, 8
我一定保你一路平安	8
回到京城之后 皇上怎么处置你  就不再是我的责任了	3
饿死了就不用花钱了，穷鬼！	2
别走呀...	1, 6
走开！	1
回正气山庄？	4
青风姑娘 里面好多地方都被毁烂了	4
来者何人？	2
有鬼？	4
衣服呢？	1
我...	6
我姐姐看到你这样子 一定会替我高兴了	2, 5
前辈，你有话就直说好了	1
我好冷呀！	6
前辈，我们这样会不会太快了？	7
前辈！	1
上面有声音，上去看看	2
以后不许你们这样失礼	3
我不是偷看他	8
成功了！	5
千万不要乱定，解咒就辛苦了	4
小倩也好，青风也好 你用不着害羞	1
你们不用解释了	8
你许配了人家了吗？	7
我先找你再去找她，你快把手给我	8
前辈，你太花心了	2, 5
进去看看！	2
里边出现了一只好大好大	2, 4
但不知道是什么东西呀	7
机关？	2, 7
快放前辈出来 前辈，现在怎办呢？	8
寡不敌众	4
好，我来救你	2
不如用拳脚好吗？	2, 4, 8
跟你说用拳脚的 你看，现在搞成这样	1, 3, 6
原来妖怪在这里	1
附近还有很多官兵，进去再说	2, 4
别动！	2, 4
按着她，按着她！	1
现形了，她快要变尸妖了	4
这里死多少人都没用	1, 3, 6
你们还是拿我的人头去感动皇上	1
混账，人头是不可以拿来拿去	3
原来是诸葛先生，请指点迷津	2
何解？	1
人头落地，皇帝还是执迷不悟	1, 2, 3
我功力不够	6
我是修道的，定力不够	6
如果他肯劝谏，那就沉冤得雪了！	2, 8
傅大人	8
爹，他会不会出卖你？	1, 4
左千户参见护国法丈	8
卑职查出钦犯傅天仇并非奸臣乱党	1, 8
请法丈主持正义	2, 8
当今之世，太多人是非不分	6
不了解朝廷的苦处	6
本法丈今次出游，就是平息民怨	5
谢法丈！	5
虽知苦海无边，回头是岸	5
坐下！	1
你们这些邪魔妖孽	1, 3
在佛祖面前，还不赶快现形？	3
我现形就是这样了	1, 6
左千户那个狗官出卖了我们	1, 3, 4
先把捉到那三个押回去	2, 5
原来小倩是真有其人	7
是不是画里的那个？	7
我们永远见不到面了	6
是很像，像才难搞	6
不过，假希望总比没希望好	2
等一下就会送饭菜上来了	2
两位请先随便休息一下	8
真的？	8
磨利了	2
磨利就快上呀	1
你先跳上树去避一避	2, 4
我还没复完，没力气跟你一起上去	6
真想不到我们会死在这里	4, 6
我们以后再也不会分开了	6, 8
永远都是这样就好了	6
怎么我忘了燕赤霞呢？	6
找到了他，就可以对付普渡慈航了	2
妖僧，我不管你是什么 今天我一定要消灭你	1
原来祸根就是他	1, 7
月池！	2
狗官，朝廷有妖怪 那我不是要理国事了	2
我错信了妖孽，杀害忠良	6
我不入地狱，谁入地狱	3
一路上妖气冲天	4
快点跟我继续赶路吧	2
天地无极，乾坤借法	4
世人都喜欢偶像崇拜	1
你别想骗人了	1
这张牌坏了事	1, 4
下注吧 ，臭小子	2, 5
叫你别这样叫我	1
你想要跟 ， 还是让我来 ？	2
什么意思 ， 跟 ？	7
什么 ？ 你们瞎了眼吗 ？	1
这些牌有人动过手脚	1, 4
你疯啦？	1, 7
他才 不 会拿 1 9 4 块赌一对烂牌	1, 3
我说有 人在这些牌上做手脚	1
我不需要靠这种烂招赢你，朋友	1
钱交 出 来	1, 2
他们被我宰了一整天了，小子	1
你付十七 ， 菲利	3
-我欠多少 ， 小子 ？	1
-手 气好吗 ？	2
你知道有个家伙在牌局里拗说我在牌上动手脚？	1, 7
跟业余的玩 ， 是吧 ？	3, 6, 7
我不是跟你说过小心你的脑袋	4, 5
只 有那里没人押 欠条在我这儿	7
小子得和他交交 手	2, 4
很好 ， 霍华德 先生	5, 8
很乐 意 ， 先生	5
代我向你美丽的妻子致意	8
非 常好	2, 5, 8
那就这样	5, 8
别碰我	1, 3
太久 了	1, 3
他毫不 留情 ， 骗我上钩 ， 然后...	3
等着瞧他怎么制你 ， 等着瞧	3, 4
我认为我无人能及	6
我是说真的，我认为我无人能及	6
他会用尽各种步数加上他的独门招式来致你于死地	4
我不 用 你来教 ， 修特	1
我要他的一切	2
你外套 怎么 了 ？	7
-电影内容是什么 ？	2
我不说 了	1, 6
你一 定不相信	7
是啊 ， 丈夫们也高兴	5
因 为很合理	2, 5
喂，你干嘛跑去看法国电影？	1, 3, 7
-我知道	5, 8
我偏偏喜欢梅宝	5
你一 定 要无事不骗吗 ？	1, 3
我何必接 ？	1
我会到	8
你真的敢那样穿 ？	3, 6, 7
嘿 ， 我打赌你这样穿 也会很好看	2, 5, 8
这下你要去哪里 ？	1
那就走 ， 去搞清楚	2
妙就妙 在这里	2
你会愿意和修特这种人 共度次生 吗 ？	2
至 少 你知道有 人把你看得如次重 要	5, 8
那是最大的赌盘	7
你怎么知道我没有 国 王或 A ？	1, 7
-谢谢	8
你要会会这小子吗 ？	2
不过我想你会喜欢跟他过招	2, 7
得了吧！ 以前你是对手越强越过瘾	2, 5
那么 ， 还等什么呢 ， 修特 ？	2, 7
你绝对不 会相信 我们刚做 了 什么	2, 7
再 见啰	2
什么时候 走 ？	2
除非你要我 留 下 来	2
你连问都不问我为什么要 走	1
这，我从没这么说	1
我会 成为一哥	3, 8
我都打 包好 了	5
感谢参加 ， 各位	2, 8
是极大的享受	5, 7, 8
谢谢你给我如此殊荣 ， 先生	5, 8
你太客气 了 ， 年轻人	5, 8
很高兴认识这样的 人 他能 了 解对真正的玩家来说... 钱不是目的而是工具 就像语言是传达思想的工具	5, 8
我会很感谢	5, 8
谢 了 ， 小子	2, 5
-风光不再	6
败在赌城拉维斯维加斯的一 局牌九	1
-那就这样 了	2
-祝最好的人手胜出	2, 5, 8
哦 ， 修特 我问你  你说的这个年轻人难缠吗 ？	3
我玩过最长的赌局 是在茅利塔尼亚号得处女航柏若	3
这话千 真万确	8
我还不打 算退休	6
一 定 要跟他们坐吗 ？	3, 4
快 ， 洁 西 ， 移过去	1
少 装样子 了 ， 女 人	1
准备	2
看样子你要让我们发财了 大块头	3
艾丽斯，甜心 帮威廉先生加点饮料好吗？	5, 8
甜心 ， 你到厨房 给我们准备些特别的小 菜	8
好巧 ， 我正要准备 ， 甜心	2, 5
我发誓 ， 比利 我有时真怀疑你 会通灵呢 ！	4, 7
我把她看得比什么都重要，修特	5, 8
是呀 ， 她是个好女 人 ， 梅宝	8
好看 又有 品味的女 人	5
懂生活 品味	5
她们就因 次开始疏离	6
这嘛 ， 我想纽约那边应该会赌八比五 赌蓝 西赢	2, 8
我个 人认为小子 赢面比较大	2
-这嘛 ， 我想我不 会下赌注	8
怕的是这种大场面 小子可能会 紧张	4
我不可能做那种事	6
哎呀 ， 梅宝 会爱死你 如果你有 了 这二万 五...	2, 5
不行 ， 抱歉 ， 史 雷德先生	6
你知道我几时发现的 ？	7
-我很清楚她的 事	3
它现出 你的优点来 ， 梅宝	5, 7
喜欢吗 ？	2
别跟我说修特是你最要好的老朋友	3, 7
是，她玩得蛮愉快的	5
你混帐	1
我希望你输	1, 3
谢 了 ， 宝 贝	8
-没有 ， 今天没有	1, 3
再 见	2, 5
嘿 ， 小子	8
-赌你的人也很多	2
再 见 ， 修特	2
好个惊 喜	7
还有 些小面包热着	5, 8
就是小女孩都会做的梦	3, 6, 7
我听说有 个石 头 密西西比河岸 某处 的一颗许愿石	2
如果我亲吻这石 头 许个愿  愿望就会实现	2, 7
家 常便饭而 已	8
你可 以 秀 几招特别的给爸爸看	2
-特别的 ？	2
我真没见过这种事	3
不要给我看	1
-我会 赢钱的	2
你不 用 担心	8
你知道我在说什么	8
我告诉你一件事	2, 8
除非他需 要 ， 我不 会帮 他	2
好个诚实的老修特啊	8
你知道吗 ？ 你越来越让我想到我第一任 丈夫	1, 3, 5, 7
-他也是个没用的输家	3
-我不是输家	1
哈啰 ， 各位	5
-还会有 什么 原 因 ？	1
正是	5
痛宰那家伙，小子	1, 4
-我嘛，我觉得很好	5
-很高兴再 见到你	5
很高兴认识你，蓝西	5
我很荣幸	5, 8
纽奥 良始终让我很愉快	5
听说你是很 出 色的扑克玩 家 ， 年轻人	2, 8
这两年到处听到你的名 字	2
那可 是很危险的 事	4
这些来 自 纽奥 良桥牌俱乐部 俱乐部干事亲 自 封装	4
修特、蕾蒂芬格斯和我直接送过来	8
很好	8
小子 ， 你拿 手 的是什么 ？	2
各位... 如果没人反对，我负责发牌	1, 8
-听来有点遗憾 ， 蕾 蒂芬格斯	6
你知道我非 常 喜欢你高格调的玩法	2, 5, 8
谢谢你	8
希望还能继续维持	2
出 局者可有 一次半小时在场外加注 再 重回赛局	1
-我跟	2, 8
-我不跟九	6, 7
迫不及待	1
修特有 自 己 的盘算	8
如果他不想弄到一无所有 他最好是这样玩	1
我可是来玩牌的	2
对我真好	5
蓝 西 ？	7
-战果如何 ？	2
小子狠砍 了 他一笔 他还没起 色	4
国 王 拿到杰克	8
我 叫 全部赌注	8
我继续	2
死 了	1, 4
我跟你的 1 5 0 0 ， 再加... 2 5 0 0	8
谢 了 ， 蓝 西	5
真 多 谢 了	5
他运气不 怎么好 ， 是吧 ？	7
非常谢谢你，梅宝	8
你知道 ， 梅宝 ， 我 常担心 像修特这样 即将步 入 中 年 ， 还没有 确定...  下个 月 薪水在哪里	3, 4, 6, 7
-蜘蛛人有点事凌迟而死	6
-他是慢慢死的	6
-一群好 人	5
你知道 ， 小子 我 出道三 十 五年 你是我 见过最好的梭哈玩家	8
你早看 出 来 了 ， 对吧 ？	1, 7
-我可能会	7, 8
-要有点胆识就是了	8
每天有 打不 完的牌局 久 而 久之...	6
有，她现在不在城里	1
希望没什 么 不愉快	2, 4, 8
-马上过去 ， 修特	8
很高兴我们能聊一下	5, 8
是啊 ， 没错 ， 蓝 西	5, 7
桌上有 多 少 ？	2
你的 ， 修特	2, 5
你和你那烂本子	1
A国 王 十	5
还真狼狈	3
发牌 ， 修特	2
我比不过三条七	8
这可是我自己的家	1
到底在哪	1
你们一大帮小痞子在我的店干什么	1, 2, 3
别给我玩花样我会盯死你的	3
没事 我知道她这一套	1, 3, 8
她没问题 老把戏了	3
我还不想死	6
我现在想要我的妈妈	4, 6
先生 请问我是不是死了	4
为国家服务	2, 8
叫他们开门	1
你应该安分几天了	6
我们从最基本的开始吧	2, 8
彩显画面的箭头就会跟着你移动 你按鼠标的左键就可以选曲	2
这些是一般常用的家伙	4
好 就位	2
请坐吧	8
不过如果上帝帮忙 你肯和我一起努力的话  我们可以把你变成一个象样的女人	3
不如死了算了	6
你有幽默感了小姐 你进步了	8
有没有认识朋友	5
下星期日是我的生日	2
生日快乐	5
如果失败了我也无法救你	6, 7
你在看我的手	1
它们曾经很美	5
记住天底下两件事是没有极限的	2
我该去吗	1, 6
还和平常一样	5, 8
表演个魔术给你看注意了	2
强力子弹 钛合金加重弹头	2
塔玛 我这有点问题	4
给我把门打开	1
没叫你坐	1
我无所谓	3
我今天早上听到个笑话 我讲给你听	5
你马上就知道了	4
我烧水了	2
睡得好吗我的公主	2, 5, 8
我打算跟他合伙	2
没有亲戚 没有朋友	1, 2
早安 客房服务部	5
我是要恭喜你	2, 8
我一定到	2, 5
她还在准备	1
奥别别千万别总夸她	4, 6
否则我日后的日子不好过	2
你看她气色多好啊	5
我答应过不问你但我问他	1
她小时候很可爱	5, 7
辫子上扎了条缎带	8
她只肯穿白色的衣服 我只会在暑假碰到她	6
整个家族在郊外的别墅度假 至少有二十几个孩子	1
是一群到处掏蛋拔毛的造反精	5
一群小孩笑翻在地 然后她就一身湿的回来  每次她都一个德行	1, 8
我要游船河 游呀 游呀	4
喂 加斯黑拉	7
我是	8
组合完毕	5
你叫我怎么打开窗户	1
怎么会跟我这个无名小卒 共度一生呢	6
我有话跟你说	4, 6
我不知道你以前 发生过什么事或闯了什么祸  使你变成现在这个样子	3, 6
可想到头了也就算了	1, 6
准备 目标十秒钟出现	2, 4
还在等情报 玛利	6
看见你真好	5
还记得当你教官的时候 我真怀念那段日子	6
你可以选人手组合班子	5, 8
谁要我想念你	5, 8
不喜欢我送的花	5, 7
得庆祝一下	5
那当然	5, 8
他跟情妇在9号屋里	8
给 回头见	5
目标确认就好	2
玛利, 你吓死我了	4, 7
医院的护士是不是有一身药味, 小姐 我喜欢用香水	5, 7
她没有跟你说吗	7
让我大老远拎来可得多给点服务费	1
威士忌	5
我们的情报证实	1, 6
这是我的案子	1
明白了没有 去你妈的清理工	1
现在什么计划	2
救命的玩意	1, 3
怎么他还是活的 怎么回事	7
不准打电话	1
就给你一个小时	2
大使先生没事吧	4
马上警戒搜索	8
我还得回来	1
绕两圈再杀回来	2
小心	4, 6
这行饭不是你能吃的	3
这是我人生意义的全部	6
我都知道了	1, 3
医院说没你这个人 你的经历我都清楚了	1, 2
你干的那些跟踪 特务谋杀这都是证明	4, 7
因为我爱你	5
你是我唯一的爱人	8
我真的感觉到这唯一的爱	5
你们打算把她折磨到什么时候 才算完	6, 8
我也想 可是她逼着我们追捕她	4
就在，就在皇宮附近	1, 7
她的姐姐們都結婚了	2
請你帶她見見國王，媽媽	2, 7
我在哪兒都很快活，陛下	5
蒙陛下您的恩准	6
你在躲避我 不是有意的	5
你的丈夫 他拘謹不安，卻想竭力掩飾	4
比這一切要好得多 這一切	5, 8
他們會嫉妒的	5
嫉妒很有破壞力	6
聽說他的劍法很出色 弗魯瓦伯爵	2
弗魯瓦在哪兒，兩天沒見他	4
你笑什麼 還擊呀，見鬼	1
不許作假	1, 6
我是個傻瓜 不要武器，不要規矩	1
但是上帝的寬容是無邊的	5, 8
亞歷山大 不要離開我身邊  看	2, 5
讓，這個使命有些危險	5, 8
她會明白的，陛下	4, 6
我是那麼愛你，你該體諒我	8
我愛你，我愛你	5, 8
我全身心地愛著你 相信我	4, 7
要想進來就進來吧	2
是您，陛下	5, 7, 8
你們的演奏很動聽	5
往往能討取國王的歡心	1
怕國王	5
你不知道一隻青蛙也 可能是圖裏最受歡迎的女人	2
非常熱情	8
沒有	8
為什麼宮裏只有你不怕我	2
我應該跟他走	4, 8
我知道，陛下，我知道	1, 2
你會來找我的	2, 8
不 會的	5, 7, 8
別忘了你嫁到我們家 裏來的時候連嫁妝都沒有	2
我要派人送信讓他回來	8
只要有一個人冒犯國王就會殃及全家 你留在這地方，你兒子才安全	6
否則相反 你們怎麼這麼卑鄙	6
我應該恭喜你 你連累了滿朝文武百官	3, 4
我從來沒見過，太不講理了 國王他  什麼國王，是中了邪的狗	2, 5
國王才重要 不	5, 8
你愛自己的丈夫，不是嗎，讓	8
國王才是重要的	1
馬已經筋疲力竭了，夫人	2, 5
你	4
不過確切地說是報應	1, 5
就可以問心無愧	1, 2, 3, 8
你害怕	8
他領取法郎	5, 8
是不是意外	1
國王的確很有激情 而且精力充沛  這些詞很恰當	3, 6
茱迪絲和霍諾芬尼爾	1
是貪慾讓朱迪絲這麼做的嗎	6
我想為藝術盡點力，陛下 這努力值得讚賞	4
國王從來沒有為一幅畫這麼激動過	5
你不興奮嗎，啊	2
法國的力量正是您 要加入我們聯盟原因	3
的確有此企圖	6, 7
我們何不來個進攻	1
不	6, 8
到凡爾賽去 這可不行	8
我們的	3
還想要什麼	2, 4
陛下	1
她開口說話了嗎 過10分鐘要開疫癥會，我去換洗一下	2
法國人步步逼近	7
快點，他們還要	4, 7
這場戰爭你贏了	5
是鄉下男孩為自己的心上人做的	6
我們的小心肝 我不記得了	8
這你別擔心	3
快，快跑，不 讓路易	3
但是你搶了我的女人	5, 7
是的	1, 4
我有很要紧的事跟斯科特?	2
奥路娃 想想吧 贝利	1
我想我们会结婚成家 而且有了小孩	6
我会永远那样想的	6
有一列政府的火车停在尤立亚金 为我和我的助理留有座位	8
毫无疑问 我不会跟你去	1
-斯特林可夫已经死了 -什么?	7
你看到这对拉丽莎有什么影响吗?	1
他坚持说他叫帕维尔·安季波夫... 这是他的名字 他拒绝承认是斯特林可夫	3
-不要告诉拉拉这些	4
现在我知道你怎么想我 以及为什么	3
-有多少人? -我们都要走  -很抱歉 坐的地方不够	4, 7
没关系 我就坐我们的雪车吧	2, 5
快	1, 2, 4
他永远不会离开俄国的	1
让我告诉你 我怎么遇到你的母亲	2, 5
他接受了我给他买的一套新西装 还在以前的老医院里为他找到了工作	7
所以他从未再见过她?	6
但是 他只是闷在他自己的心里 很多事他都是闷在自己的心里	1, 6
他那远近驰名的声誉 使我大为惊异	2, 4, 5, 7
她来到莫斯科寻找她的孩子 我尽我所能地帮助她了	5
-我们? -和我的父亲  -不是你的父亲 是科玛洛夫斯基	1
他松开了我的手 我被抛弃了	4, 6
你会想一想吗?	8
不要紧的 戴维	5, 6, 8
你答应要想一想吗?	1, 6
冬妮娅	5, 7
你能弹巴拉莱卡琴吗?	2
谁教你的?	8
- 了！ - 一次？	7
为什么呢？	2
因为我还累。	1
- 五分钟。 - 不！	1
你梦见什么？	3
是啊， 我梦见火车。	5
- 我们可以吃吗？	2
如果...	7
这是什么。	8
- 我想被拥抱。 - 拥抱上午。	5, 8
- 不！ - 拥抱今天上午？	1, 8
- 但我的衣服是湿的。	1
嗯，嗯，按三？	4, 7
好。	5, 8
我遇见了他在一家杂货店。 艾萨克。	5
它发生得太快了。 好吧，我可以看到你以后呢？	2
- 我看到一个怪物。	4
我几乎已经完成。	1
这是很尴尬的。	3
- 谢谢你。	5, 8
我们已经得到了我们需要的一切。 - 好吧。  好。	5
- 嗯，很高兴见到你，夫人。	4
- 好吧，谢谢你。	5
哦，风暴来了。	2, 4, 7
- 你想帮我准备晚饭？ - 哦，不！	1
什么也没有。 什么也没有。	6
- 蓝色，粉红色，黄色或橙色的？ - 格林。	1
咀嚼片召回权， 好吗？	8
因为如果你吞下 两个完全一口， 可以卡在喉咙里。	1
- 不。 - 艾萨克，你还没有完全结束。	1
我不是在开玩笑。	7
伊萨克开始飞 古老而忧伤的明星。	6
- 如何面包店？	2
- 美味的，爸爸。	5
嗯。	2, 5, 8
因此，他是一种很大的。 我敢肯定，你可以看到它。	8
他就像是一个小个子。	1
好吧，如果他能...	6
这是最难的一部分， 所有这一切都因为他不... 他不明白为什么我们在这里。	4
我开始觉得... 而寂寞。	6
- 爸爸。 - 是啊，朋友？	6
你还好吗？	7
你烦不烦？	4, 7
好吗？ 什么？  45美元，相当不错。	5
喂？	7
- 怎么了？	2
你怎么样？ - 酷。	2
冷却，谢谢。	7
- 嗨！ - 怎么了？	2, 5, 7
不要打爸爸。	4
好吧。	2, 5, 8
- 嗯。	3
- 呵呵，猴子。	5
- 得到一分钟，哥们？	2
我想谈谈给你一分钟。	2
我想我已经得到了一个好消息。	6
- 我知道你的感觉如何。	5
- 呃，呃，这个。	6, 7
- 你是天使。	4, 5, 8
- 它可以等待时机 - 我会回来的自己的脚。	1, 2, 5, 8
- BRO ... 帅哥在玻璃，是吧？	5, 8
- 男人，他的大这么快。	7
被咬的手指在嘴里 你的牙齿？ 嗯。	3, 7
啊，冰淇淋店。	2, 5
认识你很高兴。	5
这太疯狂了。	6, 7
你必须要脱鞋。	1, 2
所以你刚刚挂出 看到这些孩子？	3, 7
这是一个美丽的地方。 Benar2我喜欢来这里。	5
- 好吧，有一个很好的时间。	5
- 所有权利。 - 好吧。  - 很高兴见到你，马克。	5
- 请问你能帮我吗？ - 我驾驶。	1
你必须专注在球场上。	5, 8
- 你不能告诉任何人。	4
- 这是果汁。 - 哦，果汁？	7
见他们的甜蜜吧，爸爸？	2, 5, 8
- 非常感谢你。	7, 8
- 你喜欢咖啡怎么样？ 啊，这样的课程。	2
（龙舌兰甜味剂） - 这是好事。  谢谢。	5, 8
嗯，这看起来像一个冷静的颜色。	5, 7
什么？ 什么吗，爸爸？	7
你知道我们的汽车 他叫什么名字，以撒？	2
嗯，我卖我的东西。 无论如何，我需要钱...  ...	6
- 是啊。 你为什么要问它，朋友？	2
因为蛇是可怕的。	4
哦，好吧。	4, 8
她是怀孕8个月左右，呃...	4
你干得不错。	5, 8
哦，我们得到。 - 哦。	7
- 我们的店吗？	7
- 起重机？ - 是啊。  好。	8
- 当然。 - 我非常，非常，非常感激。	5, 8
嗯，这是不是一个高大的家伙 其实我的朋友。	3
- 我要问 如果我可以把它送给你吗？	6
- 什么样的汽车？	2, 7
哦，我的上帝。 - 480美元？  - 是的，先生。	1, 7
我不知道为什么 他们拖。	1
哦，不。	4, 5, 8
谢谢你，伙计。	8
不！	1, 6, 7
不，不要！ 做这些的。	6
你喜欢那一个？ - 是啊。	5
如果 手腕？	4
- 这是一个图像平面。 - 你画一个飞机吗？	7
今非昔比。	8
- 嗨，很高兴见到你。	2
- 花是死的。	6
你知道的好表。	5
- 好吧。	2, 5
- 我可以加入吗？ - 是啊。	5
伊莎贝尔 你看相当今晚。	7
诚然，你看起来很漂亮， 伊莎贝尔。	5
忙。	4
哦，通心粉和奶酪。 就像旧时代。	6
- 莉迪亚。 谢谢。	5
... 目前。  目前？	2, 5, 7
这是最美味的食物 我吃了我的生活。 这感觉很好。	5, 7
你进食后感觉更好吗？ -MM	2
他是可爱的。	5
嘿，我的妈妈。	2
，还有一件事，公鸡。	1
马克，我可以的蠕虫病毒。 谢谢。	1
她是一个天使。	5, 8
他是如此可爱。	2, 5, 7, 8
不是吗？ 毫米。	4
号	1
有一次，有一个小的孩子 名叫以撒	2, 5, 8
而他 艾萨克梦想家。	3, 5
希望以撒寐。	2
你是哪里人？	2
我从萨克拉门托。	5
我想嫁给你。	2, 5, 8
没有。	1, 6, 7
你看到谁？	1
哇，看那个鱼。	2
哇！ 鱼MAS。	7
哦，在这儿呢。 看到它。	7
嗯，也有很多。 哇。	7
你想采取一个用于 所以你的宠物吗？	2
哇，看看那。	7
哇！ 这是不错的。	5, 7
我们命名是什么？	5
你要叫他爸爸？	3, 7
这是一个好听的名字。	5
所以 - 所以他 保持快乐。	5, 8
我们应该... 保持爸爸开心。	6
现在她是可悲的吗？	6
爸爸？	2, 7
的鱼叫什么名字？	2
你叫。	7, 8
这是正确的。	5
我要打电话给他妈妈。	5, 8
他的名字是爸爸，好吗？ 什么？	2, 5
握住罐子。	3
保持。	1
这就是它！	2
是啊，你有什么打算喂他？	1, 2
是啊，我要去给他喂食。	2, 8
嗯，看你自己。	5, 8
我不能说在手机上， 但我需要你的帮助。	8
我打电话来，是因为 我是在主场秀。	7
迈克就来， 艾莉也将到来。	2
玛丽亚，很高兴见到你。	5, 7
你会讲英语吗？	7
嘿，我的朋友！ - 你怎么样？	2, 5
你好！ 你好！  你在这里做什么？	7
噢，我的上帝，哥们。	3, 7
这是一个有点云里雾里 这使得懒	7
噢，我的上帝！	7
你得到了什么，显示 爱因斯坦与他的男孩吗？	1
欢呼声中，男子。	5, 8
瑞恩·高斯林。 这是亚男人。  呀。	5
两个？	5
谁愿意看到的城市？	2, 5
哦，我的上帝！ 2000美元，谁奠定 - 在这里  扣动了扳机。	7
没有，没有做到这一点。	3, 4
让我说出密码。	1, 8
它使 感觉更舒服？ - 我害怕有一发子弹。	1, 2, 8
你要去哪里，兄弟？ 我会坐下来 - 我要坐下。	1, 4, 8
我很好。	2, 5, 7, 8
只有水，兄弟。	1
好吧， 它并不重要。	6, 8
哦，我的上帝。	7
喜。	5
哦，我的上帝！ 你在做什么？	7
鬼脸。	2, 5
我想我搞砸了。	4, 6
你有男朋友吗？	2
我喜欢小排量汽车。 - 是吗？	7
训练一次麻烦。	3
无穷大。	2
上帝，我依然爱你。	2, 7
- 是的。 我爱你这么多。	5, 8
我想念你。	2
我有一个孩子。 我有一个孩子。  嗯？	4, 6
自	1
这是不是一个很大的事情。	6, 8
编号，Joselin，听我说，我 - 不，它只是 -	1, 6
听着，再次见到你，好吗？ 我只是 -	6
我们需要谈谈和 重新开始， 但是...  ...	3
打电话给我，好吗？	4, 5
嗨，玛丽。	6
我很抱歉。	4, 8
嗨，朋友！ 我有蛋糕！	5
我在我的裤子撒尿。	3, 4, 6
他吃！	7
嗯。 我们不是在水中。  嗯。	7
我很高兴我们可以谈。	5
我要道歉 昨晚 我不知道是什么 我有机会  今天再次见到你	3, 6
但我还没有睡。	7
他为什么哭？	6, 7
他心烦意乱 会是什么。	6
嘿，爸爸的朋友在这里。	2
我要道歉... 那天晚上。	3, 6
我没有，呃， 完全诚实 你，呃...	4
他不睡。	7
然后，他出了车祸。	6
对不起。 - 对不起，我把你吵醒。	6
妈的。	1, 6, 7
嗯，我发现有人， 拿起你的房间，	3
为什么，我告诉你， 我会照顾一切。	5, 8
... 帮助。  它并没有帮助。	1
来吧，伙计。 我是相当混乱。	1, 3, 6
我们不，我们不希望这样做 但是... ...	4, 6
是啊， 但你仍然做到了。	1
你看在那里？	2
我们要去露营今晚。 - 这是我的帐篷。	2
这里是非常酷的，是吧？	5
这是什么死了？	4, 6
我和你的生活。	5, 8
生命之树吗？	7
有时候事故。	6
东西去世时， 他们去其他地方。	2
但这里是没有理由。 我知道。	7
我们正在做的。	4, 6
太烂了	3
我们的智能手机得是最智能的	2, 4
你还真信那一套啊	3
再待会, 伊莎贝尔	8
- 晚安, 德克	5, 8
- 我觉得咱俩配合的不错	2, 5, 8
- 屁股不错	5
- 是不错，其他的呢？	2
- 非常有创意	5, 8
所有人的预算，研究，账户，财务表 明天摆我桌子上	1
- 克莉丝汀,时间也太紧了吧...	3, 6
- 想到啦？	8
很性感，嗯，不过这只是我的看法	5
包括这次会议 我觉得你不会让我失望的	2, 8
我裤兜里装的是什么呢？	4
屁股镜头	7
真是巧，这点子是我半夜突然想到的	2
我们正在搞年度审计 这种时候我得待在公司啊	2
跟我说说，有兴趣回纽约工作吗？	2, 5
不过，他们自己干或许会更出色一些	2, 5, 8
真好	5
对我抢你的功劳感到很吃惊吗？	1
我想去纽约，但没抱什么指望	6
- 什么恶心啦	1
猜猜怎么着？	2, 5
这里，这里	5
下一位，秀出你自己	2
- 真漂亮 - 是啊	8
现在呢，只想被人爱	4, 8
- 准备好了吗？	2
- 或许吧	2
我来教你怎么说场面话吧	3
- 好吧	2
- 完美无缺	5, 8
- 哪样？ 我是你的小傀儡？	1, 6
- 得回家了，真的不太舒服	4, 6
- 喜欢吗？ - 喜欢	5, 7
- 不会吧 - 是的	7
- 谢啦	5, 8
- 客气	5
是她的脸，对吧？	2
- 好，好的	5
- 还在为伦敦的事生气吗？	7
一天，轮到我骑了 我暗下决心 要让她看看，我骑得也不差	2
一辆卡车径直冲向我	1
是我杀了她	6
- 我爱你	5, 8
- 没事吧？	2
你俩真神秘啊	3
没时间了，纽约方面在做审计	6, 7
记得	1, 3, 6
要我是你我就上传到YouTube 告诉他们谁才是天才	1, 2
克莉丝汀，她不肯帮忙	1
- 什么菜都有 - 那你跟我说啊，出什么事了	2, 8
告诉我！ 你还不明白？	1, 3
- 别打电话	1
谁？ 谁病了？	6, 7
明天？	2
你干对了，完全正确	8
至于去纽约，我觉得还不是最佳时候	6
- 好的 - 谢谢  - 谢谢你	5
- 伊莎贝尔...	5, 8
- 好的	5, 8
他现在正闹情绪呢	6
不知道是为什么 我们晚上正在好好看电影呢	1
想看看吗？	8
操！	1, 6
伊莎贝尔！	5
我注意到德克哈里曼预算 和中东部市场的追加预算之间 有巨大的差异	7
我一直觉得他们俩不正常 你说什么啊？	4
- 帮我泡杯咖啡	2
捉奸在场	7
幽默感呢？	7
很好笑哦	5
- 我从没写过	6, 7
停车场那事之后，她就应该辞职	3
亲那婊子？	1
- 你真以为没人知道吗？	6
- 知道什么？	2
- 不知道你在说什么	1, 4, 7
她的屄	3
- 我才不信你	6, 7
迷人啊，你们都是那么的迷人	8
- 感谢你们今晚过来帮忙	5
咱们得谈谈，就是这样	1, 3
- 你没事吧？	4
- 你一个人吧？ - 是的	7
- 看见我做什么？	1, 3, 6
如果你有律师，现在打电话吧	8
伊莎贝尔，伊莎贝尔，你没事吧？	4
你需要休息一下吗？	3
现场有发现我客户的DNA吗？	1
- 能别骚扰她吗？	1
是的，是的，应该是我	2, 5
是你做的？	7
- 是你吗？	1, 7
- 你认罪吗？ - 怎么会？	1
- 是的，我承认	3, 4, 6, 8
- 你要休息一下吗	5, 8
- 是你杀了她吗？	1, 6
- 能别骚扰她吗？ 我得指出我客户的精神状态...	1, 3
我们已经把你家翻了个底朝天 什么也没找到	1
日期是在她羞辱我之前的一天	1, 7
是这个意思吧？ - 加上她服用了大量处方药	1
- 这就是我们呈上的证据啊 这不是证据	8
- 看仔细	2, 4, 6, 7
不可能跟克莉丝汀在一起	7
当然熟悉，都是经典剧 又不会经常变	2, 3, 8
看起来我们只能无视她的招供 宣布她无罪咯	1, 3
咱们跟着克莉丝汀的男朋友吧	2, 8
这点证据在法庭上会让人笑的	4
- 不是我的 你仍坚持说有同样的围巾吗？	1
他盗用五百万欧元 克莉丝汀要告发他？	4, 7
那你为什么藏着这些证据？	3
- 伊莎贝尔，伊莎贝尔，行了	5, 7
- 应该在这里啊！ - 带她走	1, 4
肯定在那里，求你了	5
- 你在哪找的？	2, 7
- 详情公诉人会跟你谈的	1
克莉丝汀被害那晚，你是不是想进她的家门？	1
- 你去做客没有？	7
- 不记得了 - 你不记得啦？	7
- 他上街买了一束玫瑰 - 不会吧？	2
说很抱歉把我关起来	6
猛警探干不过女杀手啊	6, 7
- 那是当然	8
哇，丹妮	7
- 我才不爱你	6
- 也许你不想承认，但你是爱我的 - 丹妮	6
- 求你了，丹妮 - 你必须得爱我啊	1
很完美不是吗？	2
靠近	4
现在吻我	2
我都没机会跟她说抱歉	6
怎麼會? 我打中他了	8
- 他逃走了	2
- 真的? - 留心看看	2
兩人之間的小動作 微笑什麼的 他反對 她駁回 每次都是	7
你知道 不是為酒精開脫 我清醒時幹過更蠢的事	6, 7
- 並不 但我不想讓女兒  或者局裡的任何人覺得這是什麼大事	4, 6
一般都靠啤酒佐餐 還有一直吃到現在的止痛藥 就是因為上次你給我屁股的那槍	1
如果你是我朋友 你最好也是這樣	2, 8
- 我欠你的	8
事故是登船的時候發生的	1, 4
- 這是什麼場合?	2, 7
呃 6人受傷 2人在醫務室 2人傷勢較重已經送往諾福克紀念醫院	4
- 所以他們找了其他人來頂替他	7
- Pavlenko參贊	5, 7
是怎麼回事?	2
- 炸彈?	4
你必須承認 參贊...	6, 7
不是你 不是Gibbs探員 而是我	6
不敢相信我又得 為一個罪犯的行為而自我辯護	1, 4, 7
Gibbs 我對你失去的親人表示遺憾	6
我自己也有這樣的經歷 但我們坐在同一條船上	1, 2, 5, 6
Sergei有今天是因為多方參與	5
現在 請告訴我有什麼能做的	2
別擋我的道就行	1
天哪 不過是個孩子	3, 4
卻遇上了這樣的爆炸事件	1
我們收集了手榴彈的其他殘片	4, 8
快點!	2
- 目擊者問了嗎?	7
Emily 為什麼還在用你媽媽的電話?	1
- 我可是一個新生身份擔任校隊隊長	8
我身上流淌的是辯論的熱血	6
我想幫他 但是他不聽我的 而且我自己也不好過	6
Gibbs所在之處就會跟地獄一樣恐怖 而且我們也再也無法讓他抽離	1
- 不 我沒事	7
就一杯血腥瑪麗!	5
還是午餐喝的!	1, 4, 6
- 都有資格幹掉Sergei - 而我需要	2
- 我負全責	4, 8
也許陷得太深的是我	7
我從來沒想過會有這一天	7
- 不 不	2
那就是說好的啊!	1, 4, 7
玩心理干預?	7
我沒意見 來吧	2
自從昨晚後啥消息沒有	2, 4
呃... 明顯他上心了	1
除非他自有計劃	2
也許我們就快知道了 早上好 老大	4
你也跟其他人轉告這點 好吧 我們能為你做什麼?	3
我們還在梳理艦上過去48小時的貨物	1
就像...	1, 2
我恨你 Gibbs	3
現在呢?	1, 3
你覺得現在遞給我一把斧子合適嗎?	1
不好意思 店裡?	1
我們不在乎設備是不是毀了	2, 8
船員都很友善	5, 8
不敢相信Katie死了	6, 7
她總是那麼開心	5
誰會做這種事?	1, 2, 7
但如果你們不介意	2, 5, 8
但的確讓他倆成為了好閨蜜	5, 7
你誰啊 我媽?	1, 4
我不需要你來監控我的飲酒量	1
哦 我不需要 我也不需要來這裡	1
受夠什麼?	1
還是讓你的警徽難堪?	4
而不是這鬼樣	1
別揣測我 Gibbs 你還不夠格	1, 3
你知道我問的是什麼?	1
我也怪我自己 是我害死她的	6
也怪你 也因為Diane 因為酗酒 因為這一切一切	1
而且現在我真的需要喝一杯	2
哦 我們才剛剛開始 主任 還有一大堆材料要梳理	2
"- 我們的""朋友""Anton 什麼信息?"	3
當兩人都無法晉級	1, 2
更多也說得通了	5
這是美國 說英語	1, 3
沒有盯梢的 我向你保證	8
是嗎? 上次你向我保證 我就在科拉半島失去了幾個干將 我在	1, 3, 6
你的宿仇拖的太久了	6, 7
為什麼突然改變心意?	2, 7
說出來 說服我	8
拉回來 手穩點 我行的	2
瞧一瞧	5, 7
夠兩個人吃了	8
有些問題就是這樣產生的	6, 7
- 呃 我不知道	2, 7
我是說 那張小桌子其實不壞	6
Diane總是在一條桌腿下墊個火柴盒 來提醒我測量失誤 但是她也從不去解決	1, 5
我可不知道	4
- 但是這只要爆炸需要某種引爆裝置 - 但我們沒找到	4
看起來不錯	5
臨場退縮很正常	8
然後氣頭上 我跟她說我們之前在一起 我們重新在一起 都是大錯	6
然後我就奪門而出了	1
所以我不想丟了手機	4
聽著 我們忘了昨晚 好嗎?	4
我們會克服這些小事的	2, 8
Jethro發短信給我要見面 你有空就打給我 好嗎?	2
到死都以為我倆之間還有問題	4, 6, 8
這就是她聽到我說的最後一句話	6
就為這個 我無法原諒自己	6
這是你證明的唯一機會了	6
昨天炸彈爆炸前 你見過這個男人嗎?	2, 6
怎麼回事? 我兒子需要休息	1, 7
不是Sergei?	7
- 你真覺得?	8
我感謝你 Gibbs	5
Sergei沒有朋友 我們在巴勒斯坦小時候就在一塊玩	1, 3
我已經為此奮鬥了多年 直到Sergei上周出現在我店裡  - 肯定大吃一驚吧	4, 8
他知道我和海軍簽了合約	6
你這個混蛋殺人犯 是的	1, 3
好像我會告訴你一樣	3
那是不可能的	1
看起來你還是有幾個選擇的	2, 5
Mishnev沒復活	6
那時間剛剛好	5
我們去吃點壽司?	7
想要啥都行 都給你	5, 8
你也許要跟我說說 某些我不知道的細節	2
我承認我當時很緊張	4
他開始疑心很重 但你是對的 當我告訴他你並沒有殺掉Nelly Benin  他就信了 就像你說的 擺誘餌 放長線 看沉子	2, 5
我们会结了婚而且有小孩	6
如果我们去想那些事的话	6
这样便可以安适而安全地旅行	1
你知道这对拉丽沙的影响吗？	1
他没有隐藏他的身份 他硬说他们叫他为安提帕夫	3
我的天呀！	4
我们都要走了	4, 7
我就坐我们的雪车吧！	1
他永不会离开俄国的	1
不！ 让我告诉你 我怎么遇到你的母亲	2, 5
与我比起来的话 他要求给我买一套新西装  以及在医院里为他找个工作	7
自他与拉那分离后	6
他的心脏就像纸那样地脆弱 但他只闷在他自己的心里  他闷在他心里的事很多	1, 6
他那远近驰名的声誉 使我大为惊奇	2, 4, 5, 7
那是由于党的不赞成	1
我需要你的帮助 她在莫斯科找寻她的孩子  我尽我所能帮忙她了	5
和我的父亲	1
他放开了我的手而走了 然后我就被抛弃了	4, 6
不要紧的！	5, 6, 8
你答应要考虑吗？	1, 6
桑尼	5, 7
艺术家？	8
他坚持说他叫帕维尔・安季波夫... 这是他的名字 他拒绝承认是斯特林可夫	3
怎么会? 我打中他了	8
两人之间的小动作 微笑什么的 他反对 她驳回 每次都是	7
你知道 不是为酒精开脱 我清醒时干过更蠢的事	6, 7
- 并不 但我不想让女儿  或者局里的任何人觉得这是什么大事	4, 6
一般都靠啤酒佐餐 还有一直吃到现在的止痛药 就是因为上次你给我屁股的那枪	1
如果你是我朋友 你最好也是这样	2, 8
事故是登船的时候发生的	1, 4
- 这是什么场合?	2, 7
呃 6人受伤 2人在医务室 2人伤势较重已经送往诺福克纪念医院	4
- 所以他们找了其他人来顶替他	7
- Pavlenko参赞	5, 7
是怎么回事?	2
- 炸弹?	4
你必须承认 参赞...	6, 7
不是你 不是Gibbs探员 而是我	6
不敢相信我又得 为一个罪犯的行为而自我辩护	1, 4, 7
Gibbs 我对你失去的亲人表示遗憾	6
我自己也有这样的经历 但我们坐在同一条船上	1, 2, 5, 6
Sergei有今天是因为多方参与	5
现在 请告诉我有什么能做的	2
别挡我的道就行	1
天哪 不过是个孩子	3, 4
却遇上了这样的爆炸事件	1
我们收集了手榴弹的其他残片	4, 8
快点!	2
- 目击者问了吗?	7
Emily 为什么还在用你妈妈的电话?	1
- 我可是一个新生身份担任校队队长	8
我身上流淌的是辩论的热血	6
我想帮他 但是他不听我的 而且我自己也不好过	6
Gibbs所在之处就会跟地狱一样恐怖 而且我们也再也无法让他抽离	1
- 不 我没事	7
就一杯血腥玛丽!	5
还是午餐喝的!	1, 4, 6
- 都有资格干掉Sergei - 而我需要	2
- 我负全责	4, 8
也许陷得太深的是我	7
我从来没想过会有这一天	7
那就是说好的啊!	1, 4, 7
玩心理干预?	7
我没意见 来吧	2
自从昨晚后啥消息没有	2, 4
呃... 明显他上心了	1
除非他自有计划	2
也许我们就快知道了 早上好 老大	4
你也跟其他人转告这点 好吧 我们能为你做什么?	3
我们还在梳理舰上过去48小时的货物	1
现在呢?	1, 3
你觉得现在递给我一把斧子合适吗?	1
不好意思 店里?	1
我们不在乎设备是不是毁了	2, 8
船员都很友善	5, 8
她总是那么开心	5
谁会做这种事?	1, 2, 7
但如果你们不介意	2, 5, 8
但的确让他俩成为了好闺蜜	5, 7
你谁啊 我妈?	1, 4
我不需要你来监控我的饮酒量	1
哦 我不需要 我也不需要来这里	1
受够什么?	1
还是让你的警徽难堪?	4
而不是这鬼样	1
别揣测我 Gibbs 你还不够格	1, 3
你知道我问的是什么?	1
也怪你 也因为Diane 因为酗酒 因为这一切一切	1
而且现在我真的需要喝一杯	2
哦 我们才刚刚开始 主任 还有一大堆材料要梳理	2
"- 我们的""朋友""Anton 什么信息?"	3
当两人都无法晋级	1, 2
更多也说得通了	5
这是美国 说英语	1, 3
没有盯梢的 我向你保证	8
是吗? 上次你向我保证 我就在科拉半岛失去了几个干将 我在	1, 3, 6
为什么突然改变心意?	2, 7
说出来 说服我	8
拉回来 手稳点 我行的	2
够两个人吃了	8
有些问题就是这样产生的	6, 7
我是说 那张小桌子其实不坏	6
Diane总是在一条桌腿下垫个火柴盒 来提醒我测量失误 但是她也从不去解决	1, 5
- 但是这只要爆炸需要某种引爆装置 - 但我们没找到	4
看起来不错	5
临场退缩很正常	8
然后气头上 我跟她说我们之前在一起 我们重新在一起 都是大错	6
然后我就夺门而出了	1
所以我不想丢了手机	4
听着 我们忘了昨晚 好吗?	4
我们会克服这些小事的	2, 8
Jethro发短信给我要见面 你有空就打给我 好吗?	2
到死都以为我俩之间还有问题	4, 6, 8
这就是她听到我说的最后一句话	6
就为这个 我无法原谅自己	6
这是你证明的唯一机会了	6
昨天炸弹爆炸前 你见过这个男人吗?	2, 6
怎么回事? 我儿子需要休息	1, 7
- 你真觉得?	8
我感谢你 Gibbs	5
Sergei没有朋友 我们在巴勒斯坦小时候就在一块玩	1, 3
我已经为此奋斗了多年 直到Sergei上周出现在我店里  - 肯定大吃一惊吧	4, 8
他知道我和海军签了合约	6
你这个混蛋杀人犯 是的	1, 3
好像我会告诉你一样	3
看起来你还是有几个选择的	2, 5
Mishnev没复活	6
那时间刚刚好	5
我们去吃点寿司?	7
想要啥都行 都给你	5, 8
你也许要跟我说说 某些我不知道的细节	2
我承认我当时很紧张	4
他开始疑心很重 但你是对的 当我告诉他你并没有杀掉Nelly Benin  他就信了 就像你说的 摆诱饵 放长线 看沉子	2, 5
