Ta palus Sigfriedilt armu ja pakkus tasuks oma maid...	4, 6
Tere, isa.	5
Me alustame kõrge lauaga.	2
Anna andeks, treener.	6
Ma ei hüpanud.	7
- Jah.	1, 2, 3, 5
No hästi riietumine on lihtne viisakus, Bastian.	3
Mulle meeldib see!	5
- Ja mulle ei meeldi.	3
Sa ei mäleta seda, jah?	6, 7
Aita meid!	4, 5, 8
Palun tule tagasi, Bastian.	6
Anna see tagasi!	2
Ei, Bastian!	7
Me oleme suures ohus.	4
Fantaasia!	2, 5, 7
Maalane saadetud Lapselikku Keisrinnat päästma?	2, 5
Sisene, mu spioon.	2
Kolmnägu!	7
On sinuga kõik korras?	4, 5, 8
Mu parim maandumine üldse.	5
Kas alles said oma tiivad?	8
Puhas hape.	2, 3, 7
Hape?	7
Ole nüüd! Soovi midagi!	2
Pean nägema Lapselikku Keisrinnat.	2
- Mul polnud aega, et neilt küsida.	1
Näevad välja nagu hiiglased.	4, 7
- Seda näen ma ise ka.	7
Soovi nad minema!	4
Nimbly!	5, 8
Kena sisenemine.	7
Sama jõud, mis teeb raamatud sinu maailmas tühjaks, on vangistanud mind mu enese lossi.	6
Vajame teie unistusi ja jutte, et eksisteerida.	8
Räägi, mida tegema pean?	8
Auryn aitab sind.	8
Oled mu viimane lootus.	8
Peame kõik Fantaasia elanikud appi saama!	2, 4
Kohe!	2
Ma kardan.	4
Ja teate, mida see tähendab?	2
Minu maailma lastel pole enam lugusid, mida lugeda.	6
Nägin unes valgust Hõbelinna kohal ja ma teadsin, et on lootust.	5
- Hiiglaseid kohtasid?	7
Rahvas räägib lossist, mis näeb välja nagu käsi.	2
Ma vajan midagi, midagi, mis suudab lennata! Ja mis hirmutaks ükskõik kellel, kes ka seal lossis ka elab, püksid jalast.	2, 8
Oo ei!	6
Kes teab, mida ta võib korda saata!	4
Mida sa teed?	3, 4, 7
Kas keegi ütles tagaajamine? Falkor!	2, 5
Falkor, vaata!	5, 7
Väga jube käsi.	2
Peame Atreyu üles leidma.	2, 8
Hei!	5
Ettevaatust, rahvas.	4
Oh, Juunior. Millal sa ometi õpid vahet tegema... kivil... ja ninal?	1, 7
Kuidas teid aidata saan?	2, 8
Mu poeg on eilsest õhtust saadik kadunud.	4
Raske lugemismaterjal noorele mehele.	8
Äkki leiate seletuse oma poja kadumisele siit seest.	8
Atreyu, ole mõistlik!	2, 5, 8
Mõistlik olemine on teie maailmas nali?	6
Jah!	5
Ja sina ka.	1, 2
See on ohtli,k aga võib läbi minna.	2
"Kui sinu maailmas ""Lõppematu lugu"" hääbub, ei saa ükski laps eales teada...  Juuniorist."	6
Kui inimesed meid unustavad, ei mõtle keegi lõbusaid asju, mida Juunior saaks teha.	6, 7
Ei!	1, 3, 4, 6
Valus on!	1, 4, 7
Ma ei saa hingata!	4
Mäletad, mida öelda tuleb?	8
Jah.	5, 8
Küsite arvatavasti endilt, et miks ma siin olen.	7
Meil on olnud väikseid erimeelsusi aga arvan, et saame need lahendada.	2, 8
Mulle meeldib lugeda.	5
Aga te pole vist sellest teemast eriti huvitatud.	2, 6
Wham-Boed, minge!	2, 5
See on su võimalus, mine!	7
Unusta ära.	1
Värvipurk on teie maailmas relv?	7
Ma ei usu seda, mida tegime...	7
Ma võitsin su?	1, 2, 7
Meie!	8
Muidugi teed!	1
Ja ma nõuan, et vabastaksid Lapseliku Keisrinna! Ma ei saa.	1, 3
Sest ma isoleerisin ta igaveseks.	3
Sina tegid loitsu ja sina saad selle ka maha võtta!	1
Lähme siis Elevandiluu Torni!	2
Härra Koreander?	2
Minu Xobil teeb selle töö ära, härrased.	8
Siin käib mingi kahtlane ettevõtmine, ma ütlen teile.	7, 8
Täna hommikul oli see koht raamatutega täidetud. Seinast seinani.	7
See on vöö, mis teeb selle kandja nähtamatuks.	7
Ma ei näe ennast!	4
Aga äkki ma ei saa enam seda ümbert ära?	4
Mulle ei meeldi see.	4
Tulen kohe tagasi!	2
- Me teeme ringe.	1
Bastian, ma ootan!	1, 2
Ära lase ennast tal käsutada!	1
Kuidas me võime kindlad olla, et ta aitab meil Lapselikku Keisrinnat vabastada?	6
Mina teda ei usalda!	3
- Ma saan aru, kui keegi valetab mulle!	1, 3
Ben ja Flo Healy lähevad järgmisele sünnipäevapeole oma uue pojaga!	6
Kust ta küll leidis selle koti, mis tema kingadega nii hästi sobivad?	7
"Ja siis nad ütlevad, ""Kutsume perekond Healey´d enda juurde õhtusöögile."	1, 4
Kiiruga õpilased.	2
Ma loodan, et ka sinul läheb marssimisega kõik kenasti.	5, 8
Tere Kikilipsuga Mõrvar. Kuidas vanglas läheb?	5
Sinust on ajalehe esikaanel kena pilt, mille ma lisan ka enda kollektsiooni.	5
Keegi ei mõista meid.	6
Ma kannan ka kikilipsu, et välja näha täpselt nagu sina.	8
Nad on vist segi pööranud.	7
Ta on veel segasem, kui mina.	4
Hei ülem!	2, 7
Ma ei oleks tõesti tohtinud seda mainida. Aga te kaks meeldite mulle.	3, 5, 8
See on mul loomuses.	6
Ma tahan aidata inimesi, kes mulle meeldivad.	2, 5
Te tahate saada pisikest titte.	2
Seda, kes karjuks keset ööd. Koperdama pimedas trepist alla ning vahetama tema musti mähkmeid.	3, 6
Teed oma kodutööd, sööd ðokolaadi. Võtad juurde 22-27 kilo.	3
Ma ei peaks mähkmeid vahetama?	7
Fuzzball on meie kass.	8
Ma ei suuda seda uskuda!	1, 7
Junior armastab kasse.	5
Sealt ta tuleb.	4
Terekest sõbrake.	5
Minu lemmikvärv on sinine.	5
Nägemist kõigile!	5
Olemegi kohal!	2
Kas pole põnev?	2, 5
See saab olema nii tore!	2
- Cheese doodles!	2
Miks te mind siis adopteerisite?	2
Miks te lihtsalt ise lapsi ei saanud?	1, 7
Ise lapsi saades ei tea sa kunagi, mis sealt tuleb.	6
Jumal küll.	4, 7
Nad on ju väärakad.	1, 3
Me teeme su vanaisale suure üllatuse.	5
Mis see suur üllatus küll on, mille pärast sa mind siia vedasid?	1, 2
Noh, siin on väike vihje.	1
Lõpuks ometi.	1, 5
Ma vaatasingi, et sa oled paksemaks muutunud.	7
Paksemaks?	7
Florence ei oota last.	6
Sa võtsid mu nõu kuulda ja viljastasid kedagi, kes teadis, mida sellega ette võtta. Asendusema.	8
Ei, isa. Me adopteerisime.	6, 7
Ma arvasin, et sa oleksid õnnelik.	7
Ta on imearmas laps.	5
Ma esitlen teile Healy perekonna uusimat liiget, Junior!	2, 5, 7
Tema ninast lõi sädemeid välja.	3
Väike kaabakas valetab.	1
Teil on siin üks kurjuse seeme.	6, 7
- Me oleme juba oma otsuse teinud.	2
Olgu, aga rohkem ma oma jalga siia majja ei tõsta.	1, 8
Saage sellest lapsest lahti!	1
Vabandage väga, aga ma viin praegu uuringut läbi.	7
kuidas saab näha roosat?	1, 7
Ülem, kui te ei lõpeta, siis ma olen sunnitud paluma teil lahkuda.	1
Ma näen kohevaid valgeid pilvi...	5
Ei näe sa midagi!	4
Sa näed hoopis mõrvasid!	1, 3, 4
Kas te siis ei mõista?	1
Mida sa sellel pildil näed?	2
See on sinust väga hooliv. Aga need on ema isiklikud sahtlid.	3, 8
Harjumiseks läheb ka natuke aega.	2, 4
Junior, isegi mina kardan natuke.	4
See on siiski minu esimene öö, mis möödub isana olles.	2, 4, 5
Aga sa õpid selle kiiresti ära.	8
Ma tõesti tahan olla hea isa.	5
Ma tahan olla suurepärane isa.	2
Oled valmis telkima minema?	2
Ära ole selline memmekas.	1, 3
Too ta siia.	1, 3
- Vaata vaid!	7
Ta on ju ideaalne väike härrasmees.	8
Eile neil isegi ei olnud last ja nüüd järsku on neil seitsme aastane.	7
Aga ema, ta näeb välja täpselt nagu see mees, kes tuhastas onu Leo.	3
Lucy saab sel nädalal kuue aastaseks. Aga ma arvan, et sel aastal ei ole tema sünnipäeval klouni.	2, 8
Ma pean laupäeval sünnipäeva.	2
Ma ei näe põhjust, miks minu poeg ei tohiks saada enda taskuraha.	1
- Viimase peal!	2, 5
See annab sulle hea võimaluse õppimiseks, kuidas rahaga ümber käia.	2
Otsime nüüd üles laagriplatsi nr 32.	2
Te ei näe sealt päikeseloojangut.	1, 3
Ei ole hullu.	8
Tule nüüd.	5, 8
- Ma ei suuda laste reaktsiooni ära oodata.	2
- Räägime kummitusjutte.	2
Küpsetame vahukomme.	2
Kas sa ei tea, et metsa ei tohi põletada?	1, 3, 7
- Mina räägin ka ära.	3
Mis on lapsed?	7
Ma ei suuda uskuda, et Junior korraldas telkimise ajal selle jama.	1, 6, 7
Jama!	1, 3
- Sitapea.	1
Ei ole midagi paremat, kui näha lapsi mängimas ja kuulda neid naermas.	2, 5, 8
Junior, mul on lastele mõned rinnamärgid ja ka kleepekad, mida nad rataste külge saavad kleepida.	5
Need on kõik minu kingitused!	5
Olgu poisid ja tüdrukud. Tulge välja.	2, 5
On aeg mustkunsti etenduseks.	2, 5
Sest ma ütlen nii.	1
Raske on, kui sind välja jäetakse, kas pole nii?	6
Minu vanaisa andis selle mulle enne oma surma.	6, 8
Ma olen seda oma taskus juba 30 aastat hoidnud.	8
Ma tean, et sa hoolitsed selle eest hästi.	8
- Ben, liiguta!	1, 2
Sa ei tohi minu mustkunsti etendust vaatama tulla.	1, 3
Tundub, et see samm osutus liiga suureks.	4, 6
Me peaksime sellest lapsest lahti saama ja endale uue kassi ostma!	1, 5
Sa ei mõtle reaalselt. - Tahad mõelda reaalselt?	1, 3
Ma luban, et ei tee niimoodi enam kunagi.	4, 8
Ta on ainus inimene, kes minu vastu üldse kena on olnud.	8
Palun ära anna mulle rihma.	4, 5
Terve dollari?	2, 7
Mida ta endast kujutab? Üritab kena olla või?	3
Kõigepealt sooviksin ma tänada kõiki, kes mind linnapeaks pürgimisel toetavad.	5
See on sinu tähetund.	2
Võta kiiver ja kurikas. Just nii.	1, 5
Nüüd on väga hea aeg õppimiseks.	2, 4, 5
Aga mis siis juhtub, kui...	4
Oluline on, et sa seal seisad ja ei löö põnnama.	2, 5, 8
Ükskõik kuidas sul läheb. Ma olen su üle ikkagi uhke.	8
Sa saad hakkama, sõbrake.	2, 5
Viimane kord sind meeskonnas ei olnud, kui me teile pähe tegime.	7
Minu uus auto!	6, 7
Jumal küll!	7
Jobu poeg, jobu poeg!	1
Oled sa segi või?	3
Meil oli ikka nii lahe matk!	5, 8
Õnnista mind, Isa. Ja anna andeks minu patud.	8
Isa, ma olen lootuse kaotanud.	6
Kõik, peale minu.	6
Laps vihkab mind.	6
On aeg seista silmitsi sellega, mida ma tegema pean.	2, 8
Ma viin ta tagasi lastekodusse.	3
Selles poisis on midagi imelikku!	7
Nüüd juba 31 korda!	5
See laps on koletis!	3
Kas see ei olegi mitte tänapäeva probleem?	6
Aga probleemid lihtsalt ei kao iseenesest.	6
Teeme seda, mida mitte keegi teine pole talle kunagi teinud.	5, 6
Nad ei loobu minust.	8
Junior istuks juba enne kolmandasse klassi jõudmist kinni!	3, 4
Ava uks.	2
Anna mulle andeks. Ma tegin vea.	4, 6, 8
Me ei vii sind lastekodusse tagasi.	8
Ma ei usu sind!	1
Sa ainult teeskled, et oled mu sõber.	6
Vasakule!	1, 2
Ära puutu seda!	4
Junior!	2, 5
Istud sa hetkel?	4
Halvad uudised.	1, 6
Miski ei suuda korvata sinu kogu elu sääste...	6
Nüüd on ta küll ära keeranud!	4
Ma otsin JR´i.	2
- See olengi mina!	2, 5, 7
Mina saatsin sulle kõik need kirjad.	7
Ma soovin teile tutvustada maailma lahedamat meest.	2
Nii tore on kohtuda meie armsa Juniori onuga.	5
Siis ta lahkub ja võtab ta äkki kaasa.	1
Kõik armastavad Juniori.	2, 5, 8
Ta aitab taskuraha eest vanematel inimestel toidukotte tassida.	2, 8
Ideaalne üksi elavale mehele.	5
Naised armastavad üksikisasid.	7
Keda sa siin lollitad?	1
Kas meil ei lähegi varusid vaja?	7
Aga ma arvasin, et me oleme partnerid.	6
Mulle ei meeldi mitte keegi.	3
Sada tuhat dollarit?	7
Võite endale jätta!	1
Tere hommikust!	5
Tere päikesepaiste!	5
Ma ei ole sulle mingi bimbo, kelle võid kinni siduda ja teha mida tahad!	1, 7
Jää vait!	1
Seda sa veel kahetsed!	1
Issi siin!	2
Hüvasti, Junior!	2, 5, 6
Väga loominguline, Junior!	5, 8
- Florence ja Junior rööviti!	4, 6
Sinust saaks võlgnik.	3
Mul on vaja valimised võita.	1
Äkki räägid oma hääletajatele kah, mida sa selle linnaga tegelikult teha plaanid?	1
Me oleme otseühenduseks valmis.	2
- Ma hoolin ainult võimust ja rahast.	2
Ainuke asi, mida te minult saate on see!	1
Väga hea.	5, 8
- Tule tagasi!	1, 2
Ma ei ole kunagi varem tsirkuses käinud.	2
- Vaata! Rusikas!	7
Aidake!	4
Lähme habemega naist vaatama.	5
Mida sa kikilipsuga värdjas ütlesid? Mitte keegi ei tee mu pojale liiga!	3
Lase ta lahti!	1, 2
See on minu show.	1
Olgu.	1
- Lollpea!	3
Kuidas siis jääb?	8
Teeksime kõva möllu.	2, 5
Terroriseeriksime kogu osariiki.	1
Mis sa kostad?	2
Ma rebin su tükkideks!	1
Seisa!	7
Nüüd saan ma su kätte!	4
Vaata allapoole!	7
- Jah, on küll, isa.	8
Kaduge eest ära!	1, 2
- Keegi ei jama Healy´dega!	1
Seal ta ongi!	2
Vaata, mis ma leidsin!	2
Sa ei saa ju korraga sõita ja tulistada.	1
Anna talle, isa!	2, 5
- Kiiremini, kiiremini!	5
Ma nõuan, et sa auto peataksid!	1, 4
- Jää vait, Flo!	1
Pidurda!	4
Kui sa ei sure, siis ma luban, et ma ei tee enam kunagi suuri pahandusi.	2, 8
Ma armastan sind!	5, 8
Ma ei suuda seda uskuda.	4, 7
Mõned inimesed ei õpi ikka kunagi.	1
Looduskaitsjad nimetavad seda katastroofiks.	1, 7
See on suurim rahvust ähvardav terviseoht.	4, 6
Palgamõrv on Caini viimane terrorismiakt, mis järgnes viis elu nõudnud võõrutuskeskuse pommitamisele.	1, 3, 4, 6
OCP vähendas meie palku 40% ja kaotas pensionid.	1
Jumal teab miks, aga nad tahavad seda streiki.	1, 3
Libud, te torkasite mu silma välja!	1
Ole vait, sitapea!	1
- Sa murrad mu käeluu!	1, 2, 4
Milline vastik mees.	3
- Libud, ma tapan teid ära!	1
- Tule!	2
Mees, kus on kuulid selle relva jaoks?	1, 7
- Võmmid streigivad, lollakas.	1
Kas sa näed seda?	2, 7
Me saime ta kätte!	5
- Ilus.	5, 8
Kuradima võmmid!	4
Mees, see pole minu oma.	4
Keegi ei liigu.	1
Naised, ärge tõuske üles.	1
On seal kedagi!	1
Ei saa last tulistada, jah, sitapea?	1, 3
Lewis, pane relv ära.	1
Kurat, ma tapan ta ära!	1
Me ei saa seda lubada.	1, 6
Ja ikkagi pead sa end inimeseks?	2
Ma ootan vastust.	1
On sul aimu, mida sa sellele vaesele naisele teed?	1
Püüad panna teda uskuma, et ta abikaasa on elus.	6
Oled sa inimene?	2
Ei midagi enamat.	6
Sellest piisab.	2, 5, 8
Kas sa ei tunne mind?	4, 7
See on külm.	3
Vabandust väikese tülitekitamise pärast, Teie Ausus.	3, 4, 6, 8
20 minutit tipptunnil ei ole kerge.	5
Millal te hakkate võmmidele maksma, nii et nad tööle hakkavad?	2
Kuidas me peaksime sellise raha leidma?	1, 2
Meil jääb üks tagasimakse tegemata ja te võtate varad endale?	7
Kas te teate, kui palju inimesi on suremas?	6, 7
Te olete mõrtsukad!	1, 3
- Ma kontrollin ennast.	8
Me kaebame teid kohtusse.	1
Mine persse!	1, 3
Johnson, ma olen väga rahulik.	2
Ma näitan, mis meil on.	2
Mul on heameel esitleda teile Robocop 2.	5, 8
Kõigest sellest ilma jäädes muutuvad nad muidugi suitsiidseiks.	1, 3, 6
Ei tee paha noor daam ära kuulata, või mis?	2
Ei, söör.	8
Me ei unusta, kes te olete!	1
Palun ükshaaval.	1
Siin on küllalt Nuke'i.	4
Nii head, kui raha eest saada võimalik.	5
Ohvitser, parem oleks, kui sa mulle seekord midagi annaksid.	2, 3
- Üks võmm igas autos?	2
Tänan sind.	2, 5
Tead, sa oleks tõesti pidanud sellega arvestama.	2
No kuule, Duffy.	2
Kas täna pole koolipäev?	7
Võmmid!	7
Kus on Cain?	1, 2, 7
Miks sa peatusid?	7
Ma olen väsinud.	2
Räägitakse, et tal on aju.	1, 3
Arvad, et mina võitsin sind?	6
Lase käia.	1
Kuidas maitseb?	2, 7
Mees, vaata teda.	3, 6
Issand, ta on tükkideks rebitud.	4, 6, 7
Ärme lähme endast välja.	7
Jama.	1
Ta võib surra. - Eest ära.	1
Sina litapoeg.	1, 3
Hoiame ühendust.	1, 2
Oh, kutid, te olete parimad!	5
Võmmid ei teinud sulle muret, mis?	2
Jah, sa teed ainult nalja.	1
Sa ehmatasid mind.	1, 4, 6
Sa andsid mulle õppetunni.	8
Ma ei keeraks teile, sest ma armastan teid.	4, 8
- Jää vait!	1
Duffy, sa oled selle ära teeninud.	2, 5
Need on kurjategijad.	7
Nad on maniakid.	3, 4
Sa annad ennatlikke väärtushinnanguid.	1
Nad on kandidaadid mahalaskmisele!	4
Ma usun, et see on hea koht, kust alustada otsimist.	2
Ma lähen otse Johnsoni juurde.	2, 5
Johnson, meil pole kavas mänguasja ehitada.	1
Faxx teab, mida teeb.	8
Sa tead, kui tähtis see meie jaoks on.	4
Hr Johnson, ma saan sinuga vaid nõus olla.	8
Muidugi, söör.	8
"Meie. Kes kurat on ""meie""?"	1
On aeg programmi uuendada ja ma soovin kuulda teie kõigi arvamust.	2
Vanemate gruppidelt tuleb palju vihast tagasisidet.	4, 7
Ta võiks rääkida keskkonnaküsimustest.	2
- Halvasti.	6
- Ära punni vastu.	1, 2
Ma pean minema.	6
Mida tegema?	3, 7
See on viga sinu süsteemis.	7
Vasta.	1
Mis sa oled?	2
Ta on puudutatud.	5
Tänan küsimast.	5, 7, 8
Ta räägib kohutavalt.	2, 5
Ma arvan, et me peaksime rääkima.	4
Kuigi te arvate, et teil on praegu lõbus, tegelikult teete haiget neile, keda te armastate.	6
Lähme!	2
Anne, me peaksime teistele eeskujuks olema.	2
Ma olen kombes.	2, 5
Mine kepi külmikut, sitapea.	1
Sa oled lollakas!	4, 7
Tule nüüd!	1
Nad keerasid ta nässu.	6
Ta hakkab ilmselt hulluks minema.	6
Nad panid kogu selle jama talle ajusse.	1
Seda ei saa teha, vähemalt mitte selle varustusega.	6
Ma ei usu seda.	7
Sa võid temasse lasta tuhat volti.	1, 2
Ma vajan abi!	4, 8
- Ärge teda puutuge, ta on kuum!	4, 7
Eest ära!	1, 7
Cain häirib mind?	1, 3
Varsti me laieneme linnast linna.	2
Me pakume võimalust nende emotsioonide iga aspekti.	2, 8
Tänan sind, Frank.	5
Kristus!	7
Persse!	1
Pomm!	4
Määri lihtsalt pool liitrit oma kehale ja sul on tunde hea olla.	2
Subjekt on vägivaldselt antisotsiaalne, mille põhjustavad luulud tema jumalikkusest.	6
Ma pean su endale saama.	2
Millest sa räägid?	1
Ma ei küsi luba!	1
- Kurat, Cain vajab meid!	1
- Ta tapaks su, kui ta seda kuuleks.	1, 4
Angie, sa hakkad varsti värisema.	4
Sul on nii halb.	3, 6
Sina väike värdjas.	1
Nüüdsest teed sa ainult seda, mida mina ütlen.	1, 2
Ma kardan, et me kaotasime oma patsiendi.	6
Aju kasutuks muutumiseni on 6 minutit.	2, 4
Vabatahtlik?	2
Heasüdamlik kutt.	5, 8
Etenduse aeg.	1, 2
Kena ja puhas.	8
Rahulikult.	5
- Suurepärane.	2, 5
Tänan teid!	5, 8
Kuhu see meid asetab?	2
Ma arvan, et linn on päästetud.	2, 5, 8
Nüüd kuula väga hoolikalt.	1
See pole bluff.	8
Keegi tuli linna päästma.	7
Kui linn saab maksta, oleme alandatud.	2, 4, 6
Hullem veel.	6
Meil on võimalik meeri jälgida.	8
Nagu ma ütlesin, söör, sõltub kõik sellest, kui kaugele me tahame minna.	1
Sa oled liiga kaugele läinud!	7
Aga seda sa mäletad, eks ole?	1
Kogu Nuke, mida sa vajad.	2, 4
Tubli poiss.	5, 8
Mulle see ei meeldi.	3
Härrased?	2
- Kas teile piisab sellest?	4
- Ma vihkan silte?	1
Tal on kõik välja mõeldud.	5
Nii et jätke meid rahule ja kõik teised, kes tahavad seda saada.	1
Nii et kuritegusid ei tule enam.	5
Sinust saab linnapea, kes tegi Detroidi puhtaks.	2, 5
Kas sina ei arva, et ta jutul on mõte?	2, 4, 8
Välja siit!	1
- Mul on külm.	6
Ei.	6, 7
Ära jäta mind.	6
Ma ei jäta sind.	2, 8
Sinust suurem.	1, 3
Kolmteist surnut Nuke'i veresaunas.	4
Kas linn püüdis sõlmida tehingut uimastibossidega?	1, 4, 7
Aga linnpea, mis on sellega...	4
Vabandust.	4, 8
Aitab küsimustest.	1
Meie oma linnapea Kuzak.	2, 8
Ja siin on Civic keskus, OCP kingitus Motor Cityle.	8
Ainult TV ja press.	1
See võrratu struktuur on uue Detroidi liidriks.	2, 5
Pressirahvas, linnaametnikud, mõne minuti pärast ühinevad Omni Consumer Products ja murelik Detroidi linn täiesti uueks julgustükiks.	2
Me ehitame uhiuue linna Detroidi praegusesse asukohta.	2
Ja eriline tervitus linnapea Kuzakile ja lahkuvale linnavalitsusele.	2
Me ehitame klaasist ja terasest tornid.	2
Iga elanik saab elukoha, ohutu ja puhta.	8
Ära nostalgitse.	1
Ja nad ei lase teil sellest pääseda.	2
Ja nüüd vajame korrakaitseüksust, mis võiks vaenlast kohata tema enese maal, kandes küllalt tulejõudu, et töö tehtud saaks.	4
Prouad ja härrad, suure heameelega annan ma teile Robocop 2.	5
- Mis lahti?	2
Saatsid mille?	4
See tähendab tööd, mille üle võime uhked olla.	2
Iga päev toodetakse sadu selliseid ja saadetakse poodidesse, kus linna orjad valmistavad seda mürki meie sõpradele, armastatutele, lastele.	1, 3
- Ei midagi.	2, 6
- Lülita ta välja.	1, 2
Sina!	1, 3
See asi on tapja!	1
- Jumal teab.	4
Johnson, see ei ole OCP-le hea.	4
Kogu kokku meie kõige parem nõelameeskond.	2, 5
Pikali!	4
Ma pean tagasi minema.	4
See on tõsine häda.	4, 6
Surnutest ei ole häda.	1
- Noh... tegemist on tõsiste süüdistustega.	4
- Sa tead, et teeme kõik, mis suudame.	2, 5, 8
Tänu taevale, et sa terve oled.	2, 4, 5, 7
Ma vedasin sind alt.	6
Ära ole endaga karm.	5, 6, 8
Vaata, mida nad tegid.	3
- Andke meile avaldus!	1, 3, 6
See litapoeg pääseb sellest puhtalt.	1, 7
Ma pean sust jagu saama.	1, 6
- Valu pole!	5
Rocky sai löögi.	4, 6
Rocky on vigane.	6
- Normaalne, mis seal toimub?	2, 4
Keskele.	1
- Löö teda!	1
Rocky Balboa on teinud võimatut.	7
- Kuidas kõik olid... seal?	2, 5
Kõik on okei	5, 8
Mis viga?	4
- Mäletad kui Mick ütles kui ta oli võidelnud mõnikord ta oli võidelnud nii kõvasti, tundis ta, et on midagi seestpoolt murdnud?	6
Ta sai... surma?	4, 6, 7
Ma tahan lihtsalt koju.	4, 6
Ma olen lihtsalt väsinud.	3, 6
- Olen lihtsalt väsinud.	1
Ma lihtsalt...	4
- Adrian, kus on laps?	1
- Tere, Onu Paulie.	2, 5, 7
Kuidas koolis läheb?	2
- Ei, need olid kuulujutud.	6, 7
Jah, absoluutselt.	5
Rocky Balboa, kõige naljakam tðempion läbi aegade!	5
Ma räägin fantastilisest rahvusvahelisest etendusest, mis toimub Jaapanis kutsutakse siis lähme Tokyosse!	2
Ainult ameeriklased nagu meie mässavad masenduse ja vaesuse vastu ühinedes selle rahvusvahelise sündmusega!	2, 5, 8
Arvesta sellega, et kuidas nüüd publik sellele vastab?	3, 7
- Kas see pole siis professionaalsus?	7
- Mida kuradit see kõik tähendab?	1, 2, 7
- Seda polnud küllalt.	1, 6
Igaljuhul...	5
Läheksin koju.	1, 2
See on tore.	5
Tahad tantsida?	2
Kuidas oleks koduminemistants oma vanamehega?	2, 5
- Ei, ära ole tobe.	8
On külm.	6
- Kas lugu meeldib?	2, 5
- Sa peaksid puhkama.	5, 8
Kus sa niimoodi rääkima õppisid?	2
Sa teed paremini nalja kui mina, Adrian.	8
Kas ma kuulsin kedagi oma vanameest kutsumas?	7
Kas sina tegid seda?	7
Isa, kas teadsid, et kondid kasvavad kolm korda kiiremini öösel?	5, 8
- Jah, see oled sina.	3
- Oivaline!	5, 7
Ma tean ühte prantsuse ütlust.	8
- Mu kuradi jalad on ukse küljes kinni!	1
Kui sa mõtled, et ma näen halb välja, sa peaksid nägema teiste kuttide nukke.	7
Sa oled ära teeninud hullema selle eest mis tegid.	6
Sa arvad, et ma mõtlesin, et see juhtub?	2, 7
Paulie, kas tead mis sa teinud oled?	3
See pikendus oli volitusega, Paulie!	1
Adrian, mis siin toimub?	7
- Mis on kadunud?	2
Me ei saanud panti.	6
Mäletad neid reklaame, mis sa tegid?	2, 5
Ma olen võitleja.	8
Ta ei teadnud...	6
Miks mitte rohkem võitlejaid?	2
Koos sinu populaarsusega, sa oled ajast maas.	1
Ma ütlesin, et ta läheb erru.	1
Paulie, oleme sinu pärast siin!	5, 8
Ma ei kanna kogu süüd.	1
Ma mõtlesin, et teen tarka äri.	6, 7
Ei huvita.	3
Rocky, ei!	1, 4
- Ma ei vaja arsti.	1
Teed seda minu pärast või?	2
Aju pinna neuronid sellel alal on samuti kahjustatud.	6
Lihtne aru saada, Härra Balboa, see tähendab, et aju on kahjustatud.	6
See pole aeg erru minekuks.	1, 2
Ma just võitlesin parima võitluse oma elus.	8
- Ei. Sul on tõsine ajutrauma.	6
Igaüks võib eksida.	4
Ta pole jumal.	3
See pole nii.	4, 7
- Sest kui sa armastad kedagi sa elad koos temaga.	8
See on oluline.	8
Me saame hakkama.	2, 5, 8
- See jääb rangelt salajaseks.	8
Kui me kuuleme oma järgmist pakkumist?	2
Rattad on müüdud.	5
Ära muretse selle pärast.	8
Mis see sinu kõrvas teeb?	7
Esimene kord kui suudlesin sind.	5, 8
Tahan oma tuju tõsta.	6
Kuidas läheb, Mick?	2, 5
Norm!	2
Sa teed hästi, ja teed õigesti.	8
Apollo ei tea, mis teda tabas.	2
Ütlen sulle midagi.	1
Kuidas sa seda kutsudki?	1
Aga, ma mõtlen, et inimesed surevad vahel Siis kui nad enam elada ei taha.	6
Aga sinuga, poisu...	8
- Mul on sulle kingitus.	2, 7
- Oota nüüd üks minut.	7
See on parim asi, mis mul siin maakeral on.	5
- Mine tema järele.	2
Ära nende pärast muretse.	4, 5
See poisu teeb seda nii hästi.	7
Tagasi.	4
Tänan.	5, 8
Teretulemast tagasi, Rocky.	8
Igatsesime sind!	5
See on ainult ajutine, tead?	2, 4, 8
Tule sisse.	2, 5
Las mina tegelen sinu mehe karjääriga ja saad elada uuesti nagu inimene.	3
- Sa kasutasid tema pead peksukotina.	3
- Ta ei saa seda.	3
Altvedamine?	4
- Seda kustutakse linna kõduks.	6
Mis sa arvad?	2, 3
Oleme kooli hiljaks jäänud.	1, 2
- Ma kavatsen.	2
Me oleme selles jamas koos.	8
Me jääme kokku, sest mis me oleme?	2, 5
- Kodutiim! Õigus.	5
Ma ei karda tegelikult.	8
Mul oli 72 võitlust ja igat ühte ma kartsin, nii jah, tead, see on tõesti normaalne.	4, 6
Kust see tuli?	7
Pea meeles, Issi armastab sind.	5, 8
Kodutiim!	2
Saad hakkama.	2, 5, 8
Ära jama teiste pruutidega.	1, 8
Tead, ma olen poisu pärast tõesti mures.	5, 6, 8
Ta ei saa niiviisi elada.	1
Ta ei tunne tänavaid.	1
Ma mõtlen, jessas...	1, 7
- Olin proff 18-aastaselt ja mul oli 8 võitlust.	5, 7, 8
Tore sind näha, sõber.	5
- Kuula, pean nüüd tööle minema.	2
- Pole kuigi ilus vaatepilt.	4
Sa jagasid väärtused.	1
Pole midagi ärilikumat kui pikk-katse Tagasitulekud maas-oma-õnnega kaotajapoolelt.	1, 3
Ei, unusta ära.	1, 6
Arvad et olen eile sündinud?	1
Merlin, näita talle paberit.	2
- Suudad seda teha?	7
Väike rahvas samastub sinuga.	5
See ei kesta igavesti.	4, 6
Ja ma teen sulle nii palju raha, et võid supelda selles.	2
Sa oled liiga tark!	3, 8
Tahan olla seal nii saan olla sinu kõrval.	2
Lähme parem sisse?	2, 8
Sa ei saa.	6
Su vanamees on nohik.	3, 6
- Miks sa mu mantlit kannad?	2, 7
- Jätke ta rahule!	1
- Anna mu mantel!	1
Ma ei tee nalja.	1, 8
Mitte rohkem.	6
- Tommy Gunn!	7
kui tahad ellu jääda, löö kiirelt.	8
Mis ta nimi nüüd oligi?	7
- No kuule, rõõmusta.	6, 8
Hei, kuula!	2, 5, 8
Nuusuta seda, Rocko?	2
Hei, õige!	5, 7
- Vabandust.	4, 8
Jah, sul on palju lootust.	6
Vaata.	7
Edu?	8
Te kutid, lähme!	2
Kuidas läheb?	2, 5
Tead kuidas see on.	8
Tead, Itaalia lapsena pole sa paha kutt.	7
- Miami vajab uusi gigoloid.	2, 5
Mu tagumik hakkab valutama.	6
- Saan ma sinu heaks midagi teha?	2
Sinul mis on kaotada.	2
- Mitte midagi.	8
Kõik mis mul on seda sa näed praegu.	6
Tean sinust kõike, alates sinu esimesest võitlusest Apollo Creediga.	3
Sellest ajast peale panin kätte kindad ja tahtsin sinuga kohtuda.	2
Sest teadsin seda kui keegi saab minust võitja teha, oled see sina.	5, 8
Mees, oled parim.	8
Keegi ei saa öelda teistmoodi.	5, 8
Kõik mis palun on võimalus.	2, 6, 8
Sulle tõesti meeldib see kuidas Adrian süüa teeb.	2, 5
Aga ma hoiatan sind, ta võib sibulaga liialdada!	4, 8
- Pole oluline.	6
Nad võtsid ta mantli.	6, 7
Nad võtsid selle kraega?	1, 4, 6, 7
- Suudan ma õigesti teha?	1, 3, 6
- Mis sinu arust õige on?	2
Mul oli ka probleeme, siis kui mina olin koolis.	8
"- ""Teeskle et kutid on nagu õhupallid."""	2
- Isa, õpetad mind võitlema?	1, 2, 5, 8
Adrian, arvan et see polegi nii paha mõte kui ma õpetan teda kuidas lüüa mõned...	1
- Kullake, ära mine isiklikuks.	6
Ei, kõik on kombes.	2, 5
Ta lõi ema ka.	1, 3, 4
Ma ei teinud midagi.	6
Ringis, see on nagu kõik mis temast tean.	2
See on... hullult imelik.	1, 3
- Üks päev lööd sina ka kellegi pikali.	1, 2
- Su poeg magab seal.	1
Seiskunud kaevandus? !	1
- Hei, nagu sa kunagi oleks?	1
- Tead seda kutti? - Jah.	7
- Adrian teeb ikka hästi süüa!	5, 7
Meil pole olnud võimalust seda kohta ilusamaks teha.	6
Oleme saanud selle koos.	2
Miks sa seda siin all hoiad?	2
Kuna sa seda tegid, poisu?	1, 7
Ära vaheta teemat.	1, 2
Taipad, hirm on võitleja parim sõber.	2, 8
Igatahes, need on asjad mida mulle õpetati ja kui tahad, tahan sind õpetada.	2, 5, 8
- Absoluutselt.	5, 8
Kindlasti, Tommy.	5, 8
Näitan sulle paljudki.	2
Olen huvitatud teenest, kui sul kiiret pole.	2
Üks, ma ei keera mänedþerina midagi tuksi.	4
- Miks sa seda tegid?	7
- Kaitseingli saamine ei tee ju kellegile haiget.	4, 8
Rahulikult ja saad pileti!	4
Temast saab tðempion.	2, 5
- Kuidas läheb, Tom?	2
- Ta tapab mu!	4
Ole tasa!	1
Tõsta see üles	2
Tommy, need püksikud on väga erilised mulle.	2, 5, 8
Kuula, mul on mõte.	2
Ma arvan et saame nüüd Balboa kinni nabida.	2
Mulle ei meeldinud ta niikuinii.	1
Kui tahad seda lõpetada, siis kohe.	1
Sain oma mantli tagasi!	5
Vau! Paistab hea!	8
Vaata Tommyt!	5
- Arvad et mul on lootust?	2, 5
Tommy, kõigil kel on kaks rusikat ja hea süda, saavad võimaluse proovida.	2
Sul on kullast käed.	7, 8
See on läbi!	3, 4, 6
löö kiirelt, Tommy!	3, 8
- Oled väljas!	1
Ta poleks siin praegu.	4
- Ta oleks siin oma perega.	6
Hei, Adrian.	1
Ta on andnud meile teise võimaluse, õigus?	2, 5
On jõuluaeg.	1, 2, 5, 6
Saa parimat ja kanna parimat.	5
- Teist kohta ei tunta.	6
- Kindlasti ei.	8
Näib et pole mingit ametlikku lepingut sinul ja Balboal.	6
Ei, midagi.	6, 7
Mitte keegi teine ei suudaks seda nii kaua taluda.	8
- Sul pole olnud tõelist palgapäeva veel.	2, 5
Mu jumal, ta on teinud imelise töö.	5, 7, 8
Häid jõule.	5
Ära suru!	1, 4, 7
- Kes selle taga on?	7
Tunned teda!	1
- Sul on imelik pere.	8
- Kas ma tean?	7
Pane see Vanale kokku!	2
Tule siia, väike klutt.	2
Ta pole Vana.	1
Räägime tõsiselt.	2
- Kust sa tead mis ma tahan?	6, 7
- Tunned mind?	2
Ta arvab et tunneb mind.	1
Oleme seda ju ennemgi teinud.	1
Meil oli alati tore.	5
Mäletad aasta tagasi, kui meil oli lõbu.	5
!	4, 7
Adrian, mida sa tegid?	1
Hästi, tead, Ma arvasin, et me oleks pidanud olema nagu...	4
Väga lähedal.	2
Kindlasti kohe.	7
Sa tahad ennast ja Tommyt arendada.	8
- Oh, ära ütle nii!	7
- Miks mitte?	7
Sa oled nagu teine isik.	6
Tommy vajas mu abi.	2
- Välja!	1
Sa hoolitsed nende inimeste eest.	8
Hoidke vanast eemale!	2, 7
Tean täpselt kus ma olen.	3
Kena puu.	5
- Kuidas sul läheb?	2, 8
Ma ei taha palju aega raisata.	2
- Sa oled selle kuradi töö mehega lõpetanud.	5, 8
- Jah. Me töötame ilusasti koos.	5
Tommy poisul on midagi isiklikku sellest sinuga rääkida.	4
Ütlen lihtsalt - Head ööd.	6
- Rocky, ma ei taha võileibu.	1, 2, 4, 6
Tommy, miks sa mind siia tõid?	1, 4, 7
Rocky, ütlen sulle paar asja väljas..	4
Kutt oli just rääkimas katsest.	4
Me ei vaja teda.	3
Sa suudaksid selliseid kümneid osta.	5, 8
Millist?	7
Olen 22 ja 0. Kus on raha?	1
Selline ongi äri.	5, 8
- Sa ütlesid et olen arust ära?	1
- Duke andis mulle tiitlikatsed, sina ei andnud.	1, 6
Pane selga.	1
- Sa ei näe mis juhtub.	1
Ma pole nii rumal nagu sa arvad!	8
Ma ei taha seda enam!	3
Ma ei taha seda!	7
Ma olin võitnud.	2, 5
- Olid võitnud?	2, 7
Ma austan sind!	8
Tean mida sa tunned.	6, 8
Tal pole sinu südant.	8
Kõik need poksijad keda lõid, lõid neid südamega, mitte musklitega.	8
Sellepärast et oletegi erilised.	8
Rocky, sa kaotad oma pere!	1, 4, 6
Alati mina ja sina.	5
Ei tea kuidas teiega on aga mina pean siit välja minema.	4, 6
- Olgu. Ja.	5
Upitame käed õhku ja hääletame.	5
Olgu, äkki saan minagi kunagi oma vigadest aru.	2, 5
Ma peaks sind kuulda võtma.	6
Ma unustan palju asju ja ma...	6
Aga mulle meeldiks koos sinuga uuesti hängida.	2, 5
Ma vannun jumalale.	8
Ära mine stressi.	1, 3
"Tommy ""Masin"" Gunn!"	2
- Paistab et ta on heas vormis	7
Ta on närviline.	8
- Anna talle aega, eks?	1, 3
Tommy.	1
Oled pime või?	1
Näed?	2
Ta mäletab kõike.	5, 7, 8
Raskekaalu tðempion on maas.	7
1!	7
Õnnesoovid.	5, 8
Kuidas tunne on?	2, 5, 8
Ta tegi midagi... imelist.	5, 8
- Hästi, televiisor on mu kõrvadele halb.	1, 3, 6
Oled tõeline tðempion.	5, 8
- Kas läheksin õue koos onu Pauliega?	2, 7, 8
- Kui ma saan telekat vaadata.	1
- Sa paned kondid kasvama.	4
Ära kaua üleval ole, eks?	5, 8
See oli mingi võitlus.	8
- Oled kombes?	4
- Mida sa mõtled?	2, 7
Kas sa kunagi saad Rocky varjust välja?	6
Ta võitis vägevalt mõned võitlused, aga Rocky Balboa ei saaks temast kunagi.	1, 3
Ei, ta pole Rocky Balboa.	4
On ainult üks Balboa.	3
Seniks kuni Tommy Gunn mudib kingi.	8
Kuna sa võitled tõeliste võitlejatega?	1
Me ootame kannatamatult...	2
Järgmiseks poksiks, proovi punapeade moodi.	2
Kuulsin et ta on tõesti vilets.	3
Miks sa ütlesid et Balboa on parem?	1, 6
Mida kuradit siin juhtus?	1, 7
Võitsin ja nemad arvavad et olen tolgus!	1
- Miks sa mind kõrgele ei vedanud?	1
Olen sama hea kui Balboa kunagi olnud ja olen olnud kuradima robot!	1
Kuula, Tommy.	6
- Kuula mind.	1
Kas inimesed arvavad et ma olen koopia või teise-kohaomanik kes ainult sai võimaluse oma nahavärvi tõttu?	1, 4
Tee mida iganes et teda poksiringi saada!	2
Seda sa tegema peadki.	2
Vaata tänavale.	2, 4, 7
Ma ei seisa enam sinu najal.	1
- Tahan vaid head sulle.	6, 8
Arvad et tegin seda raha pärast, Tommy?	7
Ta tahtis mind ja sind poksiringis näha.	8
Ta ei hooli sinust ja ka minust.	6
- No kuule, Paulie.	1
- Paulie, oled kombes?	4, 6, 8
Teeme ära.	5, 8
- Ta on nolk, Rocky.	3
Aga ma ütlesin sulle, et ära kunagi võitle tänavavõitleja võitlust.	3, 6
See on ilus!	5
- No kuule! Balboa!	1, 4, 7
Oled väljas!	8
Maast lahti!	1
Ma ei kuulnud kella!	1
Üles, persevest, sest Mickey armastab sind.	5, 8
Tommy!	2, 5, 7
Noh, isa!	2
Sul oli õigus.	7, 8
Sa oled teisest klassist?	8
Puutu mind ja ma kaeban sind kohtusse.	3
Eks kaeba mind kohtusse.	1, 3
- No kuule, nobe Gonzalez!	2
See on see kus kõik algas minu jaoks.	5
Mis nüüd viga on?	6
Palun lõpeta juba.	1
Millal sul oli viimane kohting?	1, 2, 7
Sa tõesti kardad siin.	2, 7, 8
Jumala armastuse nimel, Johnnie.	1, 3
Jeesus, sa oled imelik.	5
Nad tulevad sulle järele, Barbara.	1
Me ei pääse enam.	6
Appi!	4, 7, 8
Palun aidake!	4
On siin keegi?	2, 7
Rahune maha!	1, 2
Sure... kurat võtaks!	1
Ootame abi.	4
Mul ei ole vaja, et sa endast välja läheks.	6
Kuidas seletada, et murtud kaelaga mees kõnnib ringi?	7
Jobud tahavad neid kokku korjata ja panna auto kärule.	1
Neil oli kümme...kakskümmend veoki taga furgoonis.	6
Väljas plahvatas auto.	4
Ma nägin kuidas üks neist sai 30 kuuli rinda aga kõndis edasi.	4
Lõpuks sai ta lasu pähe.	1, 4
See võttis ta maha.	8
Siin toimub midagi millest keegi pole varem midagi kuulnud.	2
Majas peab olema püsse.	4
Mis seal on?	2
Kõik on korras.	5, 8
Ärge tulistage!	4
Tema naine hõigub keldris.	7
- Ja kes kurat teie olete?	1
- Sa murdsid peaaegu mu käeluu.	1, 3
Me kartsime jubedalt.	4
Mu onu on surnud, Ma vannun.	7
- Me oleme juba kuulnud seda!	1
Jätka, Tom.	2
Oled sa valmis selle riski võtma?	2
Kuuri juures on bensiini pump.	2, 5
See on jama!	1
Ma ei otsusta kellegi teise eest.	1
Ma mõtlen enda peale.	5
Ma ei suuda mõelda!	4
Ma olen kindel et asi on vastastikune, niiet hoiame üksteisest eemale.	3
Mis siis juhtus edasi?	7
ma nägin, et nende tütar on vigastatud.	6
Sa lihtsalt eksisid.	8
Ta ründas teda nagu...	4
Ta tulistas ennast.	3, 4, 6
- See oli arukas mõte.	8
- Meil pole aega...	6
- Ja aknad hoiavad?	7
- Te olete hullud!	4
Te olete arust ära!	3
Mine juba!	1
- Ja meie?	4
Ainult üks haamer.	1
Hiljem tugevdame.	8
Keegi otsige võtmeid.	7
Ka sajast püssist ei piisaks, sest siin all on ikkagi ohutum!	2, 5
Ma ei tee seda ust lahti ja kui sina mõtled seda teha siis...	4
Me peame ta arsti juurde toimetama.	4, 6
Üleval pole ühtki arsti, ning me ei pääse siit minema.	4
On alles urgas.	4, 7
Nendest ei piisa.	1
Võta jalad ära.	1, 2
Too mu püss kui tagasi tuled!	1
Löö kinni.	8
Me peaksime lahkuma enne kui on hilja.	4
Ma tean, et sa tahad siit minema pääseda, samuti mina l. Ja me saame sellega hakkama.	2, 8
Sul läheb kenasti, eks.	5
Me pääseme kui oleme ettevaatlikud.	2, 8
Mis ta on mingi psühh või?	1, 3, 7
Naeluta see kinni!	2
Siia!	3
Ära tule üles.	4
Kurat.	3
Võiks olla ka sada.	3, 4
- Me ei saa niikaua oodata.	2
Kelder on ainuke ohutu paik.	4
- Nad veel anuvad, et me neid sisse laseksime.	1
- Ja mida sa siis teed, Harry?	1
Mida sa saavutad sellega?	1
- Me avame ukse!	2
Parem tee uks kohe lahti, Cooper.	1
Kui tahad keldrisse tulla, siis tule kohe või unusta ära!	1
Te arvate kõik, et olete siin peremehed!	7
Me ei viska kedagi välja.	8
Oh jumal.	4, 7
Helen, kiiresti keldrisse!	1, 2
Cooper, anna mulle naelad sealt!	1, 2
- Korista oma käpad mu küljest!	1
- Sa lasid Mr. McGruder'it!	7
Nad on surnud, aga ikka ründavad meid.	4
See ei saa lihtsalt olla.	6, 7
Võtke tast kinni.	2
On ta surnud?	2, 4, 6
Arvad nii?	7
Kui ma midagi kaotasin, siis ammu, ega kavatse rohkem midagi kaotada.	1, 6
Kõik saab korda, eks?	2, 5, 8
- Mitu kuuli siia mahub?	2
Neil on kadunud võime suhelda.	6
Sõjavägi tegutseb, aga vägivalla aktid on laialt levinud päästeteenistused ei vasta.	6
Ainus loogiline seletus on ohvrite meeltele mõjub bakter või viirus,	4, 6
- Tubli oled, mustperse!	1
Sa värdjas...	1, 3
Ole sa neetud!	1
Sa litapoeg!	1
See oli meie ainus viis teada saada mis toimub!	1, 6
- Kurat, jää siia.	1, 4
Kuradile, tule tagasi sisse!	1
Ma ei taha tagasitulles uksetaha jääda.	6
- Sina ei räägi siin midagi.	1
Nendest on kõige raskem mööda saada.	6
Sina lihtsalt sõida!	1, 2
Tule, kurat võtaks!	1
Pea kini, Ben kukkus maha!	1, 4
Peata auto!	4
Me kaotasime Beni, Mine tagasi!	6, 7
- Mida? Miks sa ei öelnud?	1, 6, 7
Need pole õiged võtmed.	6, 7
Mida kuradit sa teed?	1
- Käi kuradile.	3
- Jäta järgi.	1
Hoorapoeg!	1, 3
kurat küll!	1
Anna see mulle!	1
Cooper, ei!	6, 7
- Me pääseksime.	2, 7, 8
Surnud paneb liikuma tundmatu jõud.	4
Neid saab kahjutuks teha ainult purustades aju.	4, 8
Enamikes kannibalismi juhtumites mis on täna olnud on süüdi enamjaolt just need olendid.	1, 6
Jeesus, jumal küll!	3
Jupiteri kerade nimel mida sa siin üksi teed, neiu?	4
Võta ta maha!	4
- On teil lõbus?	2
Katke mind.	4
Oled tõeline lollpea.	1
Kurat küll!	1
Kustutage tuli! Olete hulluks läinud?	1
Mida te sitapead siit otsite peale pahanduste?	1, 2, 3
Vaikust!	1
See jama pole üldse naljakas.	3
Rahu. Ma tean neid linnukesi küll.	1, 3, 8
See on näitemäng.	3
Keskendu.	2
Tõprakari!	1
Lase lahti, sa sitapea!	1
Lõpeta ära.	1
Ma ei taha niimoodi minna.	6
Miks mu ema siin pole?	4, 6
Härra... kas me oleme Taevas või ei?	4
Õppima lugema, kõndima, rääkima, naeratama ja isegi võitlema.	2
Et oma riiki teenida.	2, 8
Tee uks lahti!	1
Ütle neile, et nad avaksid!	1
See kärbib su tiivad.	6
Alustame lihtsa programmiga.	2, 8
Kui vajutad siia, saad joonistada.	2
Siin on relvad, mida kasutame.	4
Asend sisse!	2
Istu sinna.	8
See on hea algus.	5
Soovin, et oleks juba möödas.	6
Huumorimeel.	8
Oled siin sõpru leidnud?	5
Saan järgmisel nädalal 20.	2
Mul on hea programm proovimiseks.	5
Ma ei tea.	6, 7
Palju õnne sünnipäevaks.	5
Pärast seda ei saa ma enam midagi teha.	6, 7
Vaatad mu käsi?	1
Kunagi olid nad ilusad.	5
Ning pea meeles... On kaks asja, millel pole piire:	2
Kas lähen?	1, 6
Nagu alati?	5, 8
Vaata seda!	2
See on laetud.	2
Meil on probleem.	4
Tee uks lahti, värdjas!	1
Saad homme välja!	1
Hakkan su järgi igatsema.	6
Jää püsti.	1
Pank on haigla vastas. Sulle tuleb iga kuu ülekanne.	2
Täiuslik.	5, 8
See ei saaks maksta üle 10 frangi.	2, 5
Pole oluline. Söö.	3
Räägin sulle ühe nalja, mida hommikul kuulsin.	5
See jahtub ära.	4
Panin vee keema.	2
Kas printsess magas hästi?	2, 5, 8
Kutsun Léoni laupäeval õhtusöögile.	5
Me hakkame temaga koos äri tegema.	2
Ei sugulasi, ei sõpru...	1, 2
Toateenindus, tere päevast.	5
Jah. See on Bob.	2
- Hästi, väga hästi.	5
Tahtsin sind õnnitleda.	2, 8
Tulen hea meelega.	2, 5
Onu Bob?	7
Ta on vannitoas.	1
Aitab komplimentidest.	4, 6
Ma ei suudaks seda järgi teha.	2
Kindlasti tänu sinule!	5
Lubasid mulle! - Ma küsin ju tema käest.	1
Ta oli siis nii ilus, kui ta kaheksa oli.	5, 7
Tal oli peas juuksepael. Ta kandis valgeid kleite.	8
Nägin teda vaid suvel, terve pere sai Périgord'is kokku.	6
Seal oli paarkümmend last, kes alatasa ulakusi koos tegid.	1
Ta tuli läbimärjalt tagasi ning alati oli tal sama vabandus:	1, 8
Mitte gondel, mitte gondel!	4
- Mul ka.	1, 8
- Halloo? - Joséphine?	7
Kokku pandud.	5
Sellel teie kuradi aknal pole käepidet!	1
Kellega oma elu jagada.	6
- Kas ma võin sinuga rääkida?	4, 6
Ma ei tea, mida sa minevikus läbi oled elanud... mis sind sellisesse olekusse paneks.	3, 6
Halvim oleks mulle kergenduseks.	1, 6
Sihtmärk nähtaval 10 sekundi pärast.	2, 4
Neid on mitu. - Mul ei ole veel informatsiooni.	6
Mul on hea meel sind näha.	5
Igatsen aega, kui sa iga päev minu juures olid.	6
Mõtlesin sinu peale.	5, 8
See on minu viis armastada.	5, 8
Milline vastuvõtt!	5, 7
- Vahuveini?	5
Selle eest on hoolitsetud.	5, 8
Ta on üheksandas oma armukesega.	8
Ei, nägemist.	5
Kuid me pole mehest huvitatud.	3
- Siis ei pea vähemalt otsima!	2
Kurat! Sa ehmatasid mind!	4, 7
Kuidas sa vaatamata haiglas töötamisele lõhnad alati nii hästi?	5, 7
Naistesaladus.	2
Marie-Hélène, meeldiv tutvuda.	7
Ühe kunstniku oma, kes mind tüütas juba enne ta maalide kandmist.	1
Viskit.	5
- See muudeti ära.	1, 6
See on minu missioon!	1
Kuradile sinu koristaja!	1
Lõpeta ära!	1
HAPE Victor, me peame enne rääkima.	2
- Koristan teie sitta.	1, 3
Te ei tapnudki teda?	7
Ei helista kuhugi.	1
Tund aega.	2
Ma ei suuda enam, Victor.	3, 4
Palun, lähme.	4
- Kes see on?	4
Mis toimub, härra?	4
Nad on valmis.	8
Paigal!	1
Väike sõit ja oleme tagasi.	2
Palun jää seisma!	4, 6
Su elukutse on liiga raske.	3
Ei tohi lasta neil vananeda.	6
Ma tean kõike, Marie.	1, 3
Ei ole ühtegi Marie Clément'i Salpêtrière'is. Pole kunagi olnud.	1, 2
Ma tean ka... varitsemistest, jälitamistest... videokassettidest.	4, 7
Sest ma armastan vaid sind.	5
Mu kallis Marco.	8
Sa oled ainuke ilus inimene, keda ma elus kohanud olen.	5
Kas sa ei arva... et ta on oma võlad maksnud?	6, 8
Ma proovin. Kuid ta on ohus, Marco.	4
Korvis olen mina ja mind kannab mu ema.	3, 6
See võib veel õnneks minna. Vaadake vaid seda kohta.	1, 3, 6
See näeb hea välja.	5
Need on mu lemmiklelud.	5
Näete?	6
Ei, mulle see ei meeldi.	8
Aitäh. See kollane asi on teie munarakk.  See käib vaat sinna.	3
Püüdsin orbudekoduga harjuda, aga mind paelus fotograafia.	6, 7
Pärast seda läksid asjad allamäge.	5, 8
Kui see nii toitev on, miks siis sina seda ei söö?	6
- See oli nii maitsev, et pistsin kõik nahka.	5
Käed eemale!	5, 8
No nii, sa juba tunned asja.	5, 8
Mees, keda peetakse kurjuse kehastuseks ja sajandi roimariks.	4
Härra, kas te töötate siin? - Muidugi, poja.	2, 5
Otsin kompassiga välipudelit.	5, 8
- See mees aitas mul välipudelit leida.	1
Ma müün poe japsidele.	1, 6
Müün selle Hirohito korporatsioonile.	5, 8
Tead, mis sul viga on? Oled liiga hea.	2, 5
Harriet lasi sonogrammi teha. Vaata.	1
Tubli, Gary!	1
Junior kaob või otsige endale uued nunnad.	3, 6
Ei, pole vaja.	2
Poiss-nunn.	3
- Sa ei taha ometi öelda, et sa ei taha siin olla?	2, 4
Vaata ta kleiti. See on uus.	6
Laste peole ei saa minna, kui sul last ei ole.	2
Kui oled juba selles ringis, hoiad kõiki teisi eemal. Flo, lapsevanem olemine tähendab jagamist.	2, 5, 7
Oleme kahekesi. Igavesti	7
Aga naabrid teavad, et me lapsendasime.	5
Mis nad ütlevad? Naabrid?  Mis nad ikka ütlevad.	5
Kas ta pole armas?	8
Ma saan välja.	4
Ühel päeval kohtume vabaduses.	2
"Me teeme tõsiseid pahandusi. ""Head uudised."	3, 5, 8
Nad on hulluks läinud!	6
See mees on segasem kui mina.	2, 5
Vaatame, mis siin teha annab.	2
Tahate last, keda armastada? Panen teid järjekorda.  Peaksite lapse saama seitsme aasta pärast.	3, 6
Seitse aastat? - Kui just...  Ei, ei, ei.	3
- Imearmas. Aga ma ei tea.	4
Mähkmeid poleks? - Sulle meeldib kaua magada.	5
Tere.	2
Ka minu lemmikvärv on sinine!	2
Ta on imeline. Tule siia.	2
Suur tänu. Head aega, õed ja lapsed!	1, 7
Kirjutage mulle.	6
Ta võib nässu minna.	4
Aga sinuga polnud üllatust.	1, 3
Loodan, et olete kindlustatud.	1, 2
Ja teil on kass.	1
Ei, Junior.	1, 5
Karvakera pole varem niimoodi käitunud.	7
Polly, ütle Juniorile tere.	6
On see kõik, mis ta oskab? - Jah, poeg.  Vaatame nüüd ülejäänud maja.	8
Loodan, et klounid meeldivad sulle.	6, 7
Ole siin, teeme vanaisale üllatuse.	2, 5, 7
Millal poiss sünnib? - Paksemaks?	6, 7
Ta vanemad võisid kohtuda hullu- majas.	1
See oli lihtsalt õnnetus. Sittagi!  Vabanege temast!	7
Läki, poisid.	5
Vaene Karvakera. Ta ei saa enam iial endiseks.	1
Kas su tobe kass on ainus, millest sa mõelda suudad?	2
Seal pole roosat!	3, 8
Ma näen... verd!	2, 4
Tere, tohter.	8
Sel mehel pole küll pööningul kõik korras.	4
- Otsisin paberit, et Big Benile kaarti kirjutada.	1, 3
Tunnistan, et olen ka ise hirmul.	7
Siis te vabanete minust.	3
Junior, me ei vabane sinust iial. Oled igaveseks ajaks siin.  Me teeme kahekesi igasuguseid asju koos.	2, 8
Tule, Junior. Tahan, et kohtuksid kellegagi.	1
Ja väike preili Lucy.	2, 5
Milline kena üllatus.	2
See on vastik!	2
Aga ma arvan, et tänavu meil klouni ei tule.	1, 3
Ega jäätist.	8
Unistus on tõeks saanud. Sünnipäevapidu.	5
Ära muretse.	2
- Sellest pole midagi.	2
See meeldiks mulle.	1, 3, 7
Kardate seda hädist karu?	1
Kas hr Karu kardab kõdi? Kõdi-kõdi-kõdi	2, 5, 8
Mine pikalt. Mine pikalt.	6
Pole midagi kaunimat kui mängivad lapsed ja väikeste häälte naer.	6, 8
Junior, mul on märke lastele ja kleepse nende jalgratastele.	8
- Milleks?	8
Lapsed, eh?	1, 3
Säh. Ole mees.	5
Saad aru?	2, 4, 5
Head ööd.	2, 5, 8
Mis tal viga on?	8
Ära lobise, Cort.	5, 8
Ära tee välja.	1, 6
Löö palli.	6
Hea mõte. Hoian kurikast kinni.	2, 8
Mölaka poeg.	3
Värav!	3
Mida sa õieti mõtlesid?	6
Tere, hr Healy. Mäletate mind?	5, 6
Tule tagasi, sa väike pagan!	8
Minu nõu on otsas. Asi on mu lapses.	8
Ta on tõeline mure.	1
- Siin pole midagi arutada!	4
- Halvad vanemad teevad lapse halvaks!	2, 5
Aga probleemid ei kao, Flo.	6
Me armastame teda, Flo.	4
On sul ajukahjustus?	2
Junior, poeg, ole mõistlik. Idioot!  Sa jätsid võtmed autosse!	2
Eest ära, mölakas!	5
Paremale, Junior.	2, 8
See olen mina, tobu! Mina saatsin sulle need kirjad.	6
Peate kindlasti ööseks jääma.	1, 7
Peame teda kohtlema nagu kuningat.	1
Teate, ta aitab taskuraha eest vanuritel poest asju tassida.	5, 6
- Jah. Ma toon.	5, 8
Ma näitan sulle, mis ma reisile kaasa võtsin.	1
Kas me varustust ei vajagi?	1
Jäta nad endale.	5, 8
Kõik see aeg ma tegelikult meeldisin talle.	5
Mida sa siin teed?	3
- Viis minutit, hr Healy.	8
Vajan sada tuhat dollarit.	2, 5
- Oled sa hull?	1
See on parim, mis sinuga juhtuda sai.	2
Kas sa laenad raha või ei? - Ei laena ma midagi.	2, 5
Ma pean kampaania võitma.	1
Näib, et Big Ben Healy valimis- eelne otseülekanne algaski juba.	7
Vajan su autot. - Unusta ära.	4
Olge rahulikult. Tore.	7
Mida sa enda arust teed?	8
Tule tagasi!	1, 2
Tahaksin karusselliga sõita. Ma vihkan tsirkust.	2
Kaelkirjak! - Vaata!	2, 5
Rusikas!	5
Ma tean, et sa oled seal! Kutsuge abi!	1, 4
Kolme juures teeme vahetuse ära.	4
Mu raha!	2, 8
- Mul on mõned võileivad ranitsas.	5
Meil pole palju aega.	5, 8
Oh, ka minul pole isa.	6
Veel on natuke.	2
Lase lahti!	1
Joanna, peata ta!	4
"Kood ""punane"" ! Kood ""punane""!"	4
Vaikust, palun. Palun tähelepanu.	2
Väike poiss vajab meie abi.	2
Sind ja Bernardi on palutud... ohtlikule missioonile Austraaliasse.	4, 6, 7
Mitte praegu, Francois. Mul on tegemist!	1, 2, 3
- Jah, kuid...	2
Ma juba tean, mida sa mulle öelda tahad.	2, 6
Ma poleks kunagi arvanud...	7
Ei Me peame juba täna selle ära tegema!	2, 7
Te peate koheselt ära lendama.	2, 4
Kullake, ei juhtu sinuga midagi.	2, 8
Bernard, praegu pole aeg lumes hullamiseks.	1, 6
Vaata, Bernard !	4
- Tule siia, poju!	2, 8
Anna nüüd, poju, anna nüüd!	5
Vabandust, et segame.	8
See pole võimalik.	7
- Siis olete täpselt õiges kohas. Teretulemast...	2, 5, 7, 8
"mul on tonnide kaupa materjale eksootiliste kohtade kohta... klientidele stiilis ""romantiline nädalalõpp... """	2, 5
Mugavustest rääkides, siis kas saan teile midagi pakkuda?	2
Te teete nalja?	7
Poiss?	6
- Ta rööviti!	7
Appi, appi, appi!	4
Ja otse ees on kodu-koduke.	5, 6, 8
- Kas oleme juba kohal?	2
Oh sa poiss!	4
- Hakkab jälle pihta.	2, 5
Kahurikuul!	5
Luba ei anta, 1-3. Pöörake ringi!	1
- Ja mina ütlen veel korra, kutt, et me maandume!	2
Sparky, me peame maandumisrada pikendama!	2
- Siit ma tulen!	2, 5
Ära tule mulle ütlema, et maandumisrada on liiga lühike.	1
Hoia seda, palun, semu?	8
Tere tulemast Austraaliasse.	5
- Oh, kui lahke teist.	8
Lubage, ma aitan teil seda kotti kanda.	2, 7
Ai, mu selg!	1, 4
Wilbur, ära muretse.	2, 8
Ma võin isegi mambot tantsida.	5, 8
Siiani on kõik mossis nägudega vennikesed naerdes siit välja läinud.	2
Jätke kõik minu hooleks.	1, 5, 8
Ahhh!	1
Ma näen vist und!	5, 7
- Palun ärge tehke seda mulle!	4, 6
Noh, millist teed pidi te lähete?	2
Kui juba üle Vihmaussi jõekese olete jõudnud, olete väljaspool hädaohtu. Seda kuni Surnud Dingo mäekuruni.	2, 4
Sisemaal pole kaardist mingisugust kasu.	1
Sellest saab ohtlik matk.	2, 4
Kinnita oma turvavöö, semu.	2
Hoia kinni. Hoia kinni.  Mitte veel!	1
Noh, poju, las ma aitan sul seda väikest roostes mälukest veidi värskendada.	2, 4
Mis sina arvad, Joanna ?	2
Sa ei saa mingit raha, kui metsavahid su kätte on saanud.	1, 2
Ära Jake`i pärast muretse.	8
Miss Bianca, Ma oleksin väga õnnelik... kui...	8
Ettevaatust!	4
Ning ära mõtlegi lollusi teha!	1, 2
Kord oli selline juhus, et olin vaid mina... ja 300 metsikut hiiresööjast dingot.	2
Ei kunagi!	2
- Ee... kõrbest?	2
- Oh, ei!	5
Palun, palun, ära lase tal seda teha.	1, 6
Just, välja mõtlesin!	5
Meil on vaja vaid võtmeid!	2
Oh, ja see on kõik?	2
Käes!	5
Natuke veel.	2, 5
- Pange keegi tal suu kinni!	1
Te veel tänate mind, kui vabad oleme.	2
See on kinni roostetanud.	1
Ma ei kavatsegi seda kasutada.	3, 4
Epidermiline misasi?	1, 4
Mu selg!	6
Siit ma tulen!	2, 5
Võimud hoiatavad elanikke kasutamaks äärmuslikke...	2, 4
Ma vajan proteiine.	2
Poiss keeldub ütlemast, kus kotkas on.	1, 7
Kellega sa oma arvates mässad, sa loll loom?	1, 3
Ma olen kaks korda nii kaval, kui sina, sa herneaju!	1, 3
See see ongi!	1
See ongi poisi nõrk koht!	3
Mina annan alla!	1, 3, 6
Ma ei saa sellega iial hakkama.	4, 6
Vaata, Krebbs !	5, 7
- Frank, Frank, sa oled vaba!	2, 7
- Joanna kuuleb!	2
Vaadake mind! Ma olen vaba!	5
Rahune maha. Ma päästan su lahti.	8
- See võiks midagi kõrgemat olla.	1, 2, 3
Need pagana asjad on ju rasked!	1, 7
Laske mind sisse!	7
Üllatus!	5
Kui ma sind paremini ei tunneks, siis arvaksin, et sulle ei meeldi siin.	1, 8
Nii on parem.	7
Tule, poiss.	2
"Kas keegi on mõelnud, et prooviks öelda ""Seesam-seesam avane""?"	1
Mis sa sellega öelda tahad?	1
Lase käia, mine!	8
- Miks ta tal minna laseb?	7
Kahju neist munadest, nõus, Joanna?	4, 8
Ilma emata ei jää nad ellu.	1, 3
Püsige labade vahel!	1
Sain kätte!	2, 5
Ega te, armsad daamid pole näinud... paari väikest hiirekest kuskil siin allpool jooksmas?	5
Meil pole aega pikalt seletada.	3
Sa oled suures ohus.	4
Cody, oota!	4
Cody, palun.	1
Lähme teeme väikese sõidu.	2
Ma libisen!	4
Vaata vaid teda.	4, 7
Kuidas oleks ühe suure kolmekordse munaportsuga?	2, 5
Mine võta!	1
Okei, kutid.	5
Paistab, et õhk on puhas	2, 5
Ära enam kunagi nii tee!	1, 4
- Aita mind nende munadega?	2, 8
Kui kohutav.	4, 7
Me peame midagi ette võtma.	1, 4, 7
Bernard, ma olen sinus pettunud.	1, 6
Ma ei istu eales nende munade peale.	1, 3
Lõpetage liigutamine.	1
Just.	2
Ta ei anna kunagi alla.	2, 8
Nüüd, eluga!	2, 5
Kas oled valmis, poiss?	2
Oh, sinul on nöör ja minul on ritv Koos krokodille me püüdma läheme	2, 5, 8
Just nii, kullakesed!	2
See ei tähenda head, Miss B. - Siin ei saa enam keegi aidata.	4, 8
Mis selle valgusega juhtus?	7
Kas nägid, et mu autos oli metssiga? Kas nägid?	2, 7
Kas nägid?	1
- Vaata! See on Bernard.	7
Noh, kassi nülgimiseks on ka teisigi viise.	3, 4
Oh, jumal!	7
Ära anna alla, Cody !	2, 5
Aitäh, väikemees.	5
Miss Bianca, enne, kui midagi vahele tuleb,	4
Naeruväärne.	1, 3
Te ei tohi mind niimoodi siia üksi jätta.	7
