apa yang salah?	6
kapan kamu punya jadwalnya?	1, 2, 7
kamu sangat takut dengan tempat ini.	2, 7, 8
Jesus, kamu gila.	5
mereka datang untuk menangkapmu, Barbara.	1
tak bisa kabur.	6
tolong!	4, 7
kumohon, kita butuh bantuan!	4
apakah ada seseorang disini?	2, 7
Hey, ayo!	1, 2
mati... sialan!	1
berharap bantuan akan segera datang.	4
aku tak ingin kamu melibatkanku.	6
bagaimana mereka menjelaskan seorang berjalan dengan leher yang patah?	7
bajingan itu mencoba untuk mengelilingi mereka sampai mereka kembali ke truk sana.	1
mereka punya sepuluh... 20 dari mereka telah kembali ke truk panel ini.	6
mobil meledak di luar.	4
aku melihat satu orang menembak sebanyak 30 dan seterusnya.	4
hingga terkena kapalanya.	1, 4
yang membuatnya terbaring.	8
ini adalah sesuatu yang membuat orang belum pernah mengetahuinya.	2
ada senjata di rumah ini.	4
apa itu?	2
ini baik-baik saja, jangan tembak!	4
istrinya sedang memanggil dari gudang.	7
- bolehkan aku tahu siapa kalian ini?	1
- kau nyaris saja mematahkan lenganku.	1, 3
kami menakuti ke neraka.	4
pamanku mati, aku yakin.	7
- kami telah mendengar sebelum ini!	1
ayo, Tom.	2
apa kau ingin menanggung resiko dalam kesempatan ini?	2
ada pompa bensin di gudang.	2, 5
ini omong kosong!	1
aku tdk menentukan nasibmu.	1
aku memikirkan tentang diriku sendiri.	5
aku tdk bisa berpikir!	4
aku yakin kamu merasakan seperti yang aku rasakan, jadi ayo kita cari jalan keluar yang berbeda.	3
apa yang bisa kau ceritakan lainnya?	7
aku lihat gadis kecil terluka.	6
kamu membuat kelalaian, itulah semua.	8
- itu ide yang bagus.	8
- tak ada waktu... hanya ada tiga.	6
- tp cendela bisa?	7
- kau gila!	4
kau diluar batas kemampuanmu!	3
ayo, lakukan seperti aku katakan!	1
- bagaimana denganmu?	4
hanya ada satu palu.	1
kita akan menguati nantinya.	8
jika kamu menemukan kunci, pasti menggangtung pada mereka.	7
mungkin mereka punya ratusan senjata, tp lebih aman disini!	2, 5
kita harus mengantarkannya ke dokter.	4, 6
tdk ada dokter diatas sana, dan tak ada jalan keluar disini.	4
tempat ini menjebak.	4, 7
jangan melakukannya.	1
kaki.	1, 2
paku ini.	8
kita harus meninggalkan tempat ini sebelum terlambat.	4
aku tahu kau akan keluar dr sini, dan begitupun aku. kita lakukan bersama.	2, 8
kau melakukannya dengan baik, baiklah.	5
kita berhasil jika berhati-hati.	2, 8
apa dia gila atau apa?	1, 3, 7
diatas sini!	3
bisa saja ratusan.	3, 4
- kita tdk bisa menunggunya.	2
gudang adalah tempat yang aman.	4
- mereka mengemis untuk membiarkan kita masuk.	1
- dan apa yang kamu lakukan, Harry?	1
apa yang kamu lakukan?	7
apa kamu ingin semuanya beres?	1
- kita akan buka !	2
lebih baik bukaklah, Cooper.	1
lihat, aku menang!	5, 7
kau meninggalkan pintu!	1
jika kamu ingin lari ke gudang, kau bisa lakukan sekarang atau lupakanlah!	1
kita disini sedang mencoba untuk menghadapi kejahatan!	7
kita tak akan menendang keluar.	8
Oh, tuhan.	4, 7
Helen, kita harus turun tangga secepatnya!	1, 2
Cooper, ambilkan aku palu diatas sana!	1, 2
- lepaskan tanganku!	1
- kau tembak pak. McGruder!	7
mereka mayat, tp mereka datang menemui kita.	4
seret dia.	2
apakah dia mati?	2, 4, 6
kalian pikir begitu?	7
terserah aku buang, aku buang demi kita semua, dan aku tdk berenca untuk membuang lagi.	1, 6
ini akan baik-baik saja, okay?	2, 5, 8
mereka tdk punya kemampuan untuk berkomunikasi dan beralasan.	6
tentara telah bergerak, tp kekerasan merajalela itu mustahil untuk layanan penyelamatan dalam menanggapi.	6
hanya alasan yang bisa dijelaskan adalah sebuah kuman, sebuah bakteri atau virus, yang telah menjadi penyebab atas semua ini.	4, 6
- bagus, brengsek!	1
kau brengsek!	1
itulah satu2 nya jalan keluar kami yang akan diambil!	1, 6
- sialan, kembalilah kesini.	1, 4
sialan, masuklak kesini!	1
Aku tidak ingin ada pintu yang terkunci antara aku dan dia.	6
- aku tdk ingin berdebat.	1
itu akan menjadi bagian terberat.	6
kau hanya bergerak!	1, 2
ayo, sialan!	1
tenanglah, kita kehilangan Ben!	1, 4
hentikan mobil!	4
kita kehilangan Ben, kembali!	6, 7
- ben hilang!	4, 6, 7
mengapa kau tdk memberitahuku?	1, 6, 7
kunci ini salah.	6, 7
apa yang sedang kamu lakukan?	1
- pergilah ke neraka.	3
sialan kau!	1, 3
sialan!	1
berikan padaku!	1
Cooper, jangan!	6, 7
- kita masih bisa membuatnya.	2, 7, 8
kematian telah terjangkit oleh kekuatan yang tak diketahui.	4
bisa diduga hanya kerusakan pada otak.	4, 8
Acts of homicide and cannibalism melaporkan sore ini bisa dikontribusikan, pada bagian paling akhir, pada reaksi tubuh ini.	1, 6
jangan tembak!	4
apa nama bola jupiter yang akan kamu mainkan disini sendirian, nyonya?	4
tembaklah si sialan itu!	4
- bersenanglah?	2
- Oh! Tapi aku tidak percaya itu emas sungguhan.	3, 8
- Aku boleh ikut?	2
/ Ya.	3
/ Aku tak tahu	1, 2
- Mau pergi ke mana kau?	7
Selamat datang di Hollywood!	2, 5
- 200 dollar lagi?	4
Aku akan pikirkan kembali	2, 5
Kerja keras? Kerja keras apa?	2, 5
- Kau sangat menyukainya, Carlos?	7
- Kau sedang tak bisa diganggu. - Hey, Ayo.	1
Ia pecandu, Dominic berusaha membuatnya Sadar	6
- Apa?	2
Hei tampan, kau cari teman kencan?	2
Kau tak bisa minta bayaran untuk menunjukkan arah	1
- Milikmu?	8
Bukankah harusnya kau tahu?	2
Lalu bagaimana kau bisa tidak tahu mengenai mobil?	7
- Okay.	2
- Seratus dollar semalam? - Per jam.	7
Tidak juga, tapi sangat potensial.	2, 8
Kau masih butuh mobil ini, malam ini? Kuharap tidak!	2
Berhentilah Salah tingkah.	1
Tolong kirimkan sampanye dan strawberi.	2
Aku lupa, Aku tak memakai celana dalam	2
Tutup matamu, sayang	1
- Ini yang terbaik	5
- Kau harus merencanakan semuanya?	1, 2
- Aku juga	2
- Kukira uang tunai bisa diterima	2
- Aku gadis yang aman	8
- Kau banyak mengenal pengacara	2
Apa yang sedang dia lihat?	2
Aku lupa	3, 7
Mantan istriku ada di Long Island di mantan rumahku dengan mantan anjingku	3, 6
- Hebat	5
Tinggal di sini?	2, 8
Dan gusi harus selalu dirawat.	7
Aku tak pernah menonton episoda ini.	5, 7
Apa yang kau inginkan?	2
- Sebentar lagi aku pergi	1, 2, 5
- Kau tidur nyenyak?	2
- Risiko pekerjaan?	4
Itu bukan pekerjaan mudah	4, 6
- Aku punya tawaran bisnis	2, 5
- Ya.	7
- Astaga!	7
/ Dia tampan	5
Yang bagus, untuknya	5
Tapi mereka tak mau membantuku, Aku punya uang dan tak dapat kugunakan.	6
- Jangan ada yang mengundurkan diri	3
Aku tak tahu apa yang terjadi disini	4, 6, 7
Ia baik sekali	5
Tolong hubungi dia lagi	4, 6
- Aku sedang menelepon, penting	1
Sudah kubilang jangan angkat telepon.	1
Jika begitu, jangan telepon aku!	1, 3
- Dari keponakan Anda	5
Gadis yang menarik, Nn. Vivian itu	7
Jadi pergi makan malam?	2
- Aku akan pesankan	5, 8
- Siapa yang pesan ini?	7
Aku sudah cukup kaya.	1
Aku hanya ingin jadi pimpinan galangan kapalku	1, 2, 6
Bagaimana bisa begitu?	7
Aku amat menantikannya	2, 8
Terima kasih atas kesimpulannya	2, 5
Kau akan menolongku jika aku jatuh	6, 8
- Maksudku, kecuali denganmu	2, 4, 8
- Tentu tidak dengan aku.	2, 3, 8
Kau dan aku adalah mahluk yang sama, Vivian.	5, 8
Sudah14,5 tahun aku tak bicara dengannya	2
Aku tak ada di sana, ketika ia meninggal	4, 7
Aku kesepian sendirian di atas	6
Apa orang selalu menuruti perintahmu?	1
Belanja Iagi?	5
Aku heran kemarin kau hanya beli satu gaun	7
- Hanya banyak atau banyak sekali?	1, 2, 3
Aku suka sekali padanya	5, 7, 8
Ibuku guru musik dan menikah dengan ayahku yang kaya raya	5, 8
Lalu ayah bercerai dengan ibuku karena ada wanita lain.	1
- Baik	7
Dengarkan aku.	1, 4, 8
- Kini mereka bersahabat?	2, 7
Ia muncul tiba-tiba.	4, 7
- Kau senang?	2, 5
Dengar, mungkin kau dan aku bisa berduaan setelah Edward pergi	2, 8
Aku tak pernah merasa begitu dihina seperti ini.	1, 3, 6
Maafkan aku.	6
Aku bodoh dan jahat	6, 7
Kenapa?	2, 7
- Aku tidak suka	6
- Kami hanya bicara	6
- Kau menyakiti aku.	1, 3, 6
Penghasilanku tak cukup	6
Ia pelacur, dan katanya pekerjaan itu enak	3, 6
Waktu pertama kali, aku menangis terus menerus	6
Kau bisa jadi lebih dari ini.	8
Bilang padanya, aku akan meneleponnya hari Senin.	1
- Mau ke mana kau? / Aku ada kencan	5
Ada yang kurang	4
Penerbangan ini mulus, Tn. Lewis.	5, 8
Kita akan mendarat dalam 50 menit	2
Karena ini yang terbaik	2
mereka akan menghargainya, tapi takkan pernah jadi bagian jiwa mereka	3
- Aku tidak kerja?	7
- Ia libur hari ini?	7
Aku sudah siapkan apartemen.	2
- Dengan begitu kau tak perlu ke jalanan lagi	2
Dan aku melambaikan tangan, lalu ia memanjat menara dan menolongku.	5, 8
Aku harus pergi sekarang.	7
Hanya ini yang bisa kulakukan saat ini.	6
- Biaraku bicara padanya	2, 4
Ia sedang turun	1
Aku sudah titipkan uangnya di resepsionis. - Aku sedang bersembunyi dari Carlos.	1, 6, 7
- Kau tampak cantik sekali	5
Kini kau tak pantas di Boulevard.	7
Ia tanya apa aku mau bertemu dia lagi	7
Di mulut?	5
Kapan itu bisa terjadi?	4
Aku akan tunggu di luar	8
- Mau kopi? - Tanpa gula	5
Aku sudah tak ingin membeli perusahaan Anda, dan memecahnya.	1
Sulit bagiku untuk mengatakan ini tanpa bernada lebih kuat tapi.. ...aku bangga padamu.	7
Mungkin jika aku bercinta denganmu, ...aku takkan peduli kehilangan jutaan dollar.	2, 6
Aku amat marah sekali	4
Apa yang kau lakukan?	3, 7
/ Ada apa denganmu?	1, 3, 7
Keluar!	1
Laki-laki selalu memukul wanita di pipi, rasanya mataku serasa mau meledak	3, 6
Akan selalu saja ada orang, bahkan beberapa temanmu berpikir seperti Stucky Apa yang akan kau lakukan?	3, 4, 6
- Perlu aku panggilkan portir?	1, 2
Aku tak bisa	6, 7
Apa yang akan kau Iakukan di sana?	7
Jangan sampai mau dipengaruhi orang lain.	5, 8
- Jam berapa bismu?	2
Ada pesan untukku?	2
Tentunya sulit melepaskan sesuatu yang indah seperti ini.	6, 7
Anda akan tiba di New York, tepat pada waktunya.	2
Lalu bagaimana kelanjutannya setelah ...sang ksatria naik dan menyelamatkan sang putri?	2
Sang putri menolong kembali pangeran itu.	2, 8
Selamat datang ke Hollywood.	2
Apa impianmu?	2, 5
- Aku punya beberapa sandwich di tas-ku.	5
Naiklah, jangan buang-buang waktu.	5, 8
Tidak apa-apa.	8
Aku kemari untuk menolongmu.	8
Oh. Ayahku sudah tiada, juga.	6
Aku akan melepaskanmu.	8
Sedikit lagi, sedikit lebih jauh...	2
Sudah!	2, 5, 7
Lepaskan!	1
Joanna, serang dia!	4
Oh, tidak.	4, 7
Kode merah, kode merah!	4
Tolong tenanglah, semuanya tolong perhatikan.	2
Seorang bocah membutuhkan bantuan kita.	2
Yah, ehm, sebenarnya...	1, 7
Kau dan Bernard diminta untuk menerima sebuah misi berbahaya ke Australia.	4, 6, 7
- Jangan sekarang, François, aku sibuk!	1, 2, 3
- Ya, tapi ada sesuatu yang ingin ku...	2
Aku tahu apa yang ingin kau katakan.	2, 6
Benarkah?	7
Aku tak pernah memikirkan itu...	7
Kita harus bertindak secepatnya, malam ini!	2, 7
Sekarang, kalian harus terbang secepatnya!	2, 4
Sayang, kau akan baik-baik saja!	2, 8
Bernard, ini bukan waktunya untuk bermain-main di dalam salju.	1, 6
Itu longsoran salju.	4
Turunlah, nak!	2, 8
Petik, nak, petik gitarnya!	5
Siapa yang matikan musiknya?	1
Maafkan kami karena sudah mengganggumu.	8
Nona Bianca yang itu?	7
Kau datang ke tempat yang tepat, sobat.	2, 5, 7, 8
Aku punya banyak eksotis tujuan, tempat yang jauh, yang dirancang khusus untuk liburan romantis akhir pekan.	2, 5
Omong-omong, apa yang dapat kusediakan untuk kalian?	2
Bagaimana dengan mangga Maui dingin?	2, 5, 7
Daratan di belahan bawah bumi?	5, 7
Kami harus berangkat malam ini.	6
Ayolah, kalian bercanda, kan?	7
Dia dalam bahaya.	6
Maksudmu, anak laki-laki kecil?	1
Dia diculik.	7
Harus merunduk lebih rendah.	8
Lepaskan aku!	1, 4
Tolong!	4, 8
Dan lurus di depan, adalah rumahku yang nyaman.	5, 6, 8
Selamat menikmati kunjungan Anda di Australia.	2, 5
- Apa kita sudah sampai?	2
- Itu yang kubutuhkan, lima menit lagi.	4, 6
Awas! Kau bisa...	4, 7
Oh, astaga.	4
- Mulai lagi deh!	2, 5
- Bola meriam!	5
Negatif, kau harus memutar kembali.	1
Wilbur, jika landasannya tidak cukup panjang...	4
Kau tak boleh membiarkan joki radar mengancammu.	1
Dan kukatakan sekali lagi, kawan, Aku akan mendarat!	2
Cepat, Sparky, kita harus memperpanjang landasannya.	2
Kita mulai mendarat!	2, 5
Jangan coba-coba mengatakan landasannya terlalu pendek.	1
Tahan ini untukku, bisa kan, sobat?	8
Selamat datang di Australia, nyonya.	5
- Oh, betapa baiknya.	8
- Izinkan aku membawakan tas itu untukmu.	2, 7
Aduh! Sakit sekali!	1, 4
Keseleo!	8
- Wilbur, jangan khawatir.	2, 8
Tolong jangan tinggalkan aku di sini!	4
Aku bahkan siap menari mambo.	5, 8
Mereka semua datang sambil merengek, dan pulang sambil tersenyum.	2
- Hei, tunggu!	1
Tenang?	1
Aku warga negara Amerika, sobat!	1
Aku sedang bermimpi!	5, 7
Jangan, aku belum siap!	1
Tolong jangan lakukan ini padaku!	4, 6
Benar sekali!	5
Jadi jalan mana yang akan kau tempuh?	2
Kemudian setelah menyeberangi Bloodworm Creek, tidak ada hambatan lagi, sampai...	2, 4
Peta tak ada gunanya di pedalaman Australia!	1
Ini akan menjadi pendakian yang berbahaya.	2, 4
Pasang sabuk pengaman kalian, teman-teman.	2
Tahan dulu, aku belum!	1
Baiklah, bocah, mari kita lihat apa kita dapat melakukan sesuatu untuk menyegarkan ingatan lama-mu yang berkarat.	2, 4
Bagaimana menurutmu?	2
Kau tak akan dapat sepeser pun setelah para penjaga hutan menemukanmu.	1, 2
Jangan mencemaskan Jake.	8
Kau tahu, sekarang kita sendirian, ada...	4
Ya?	1, 2
Nona Bianca, aku akan merasa sangat terhormat jika...	8
Awas!	4
Tidak ada tikus untukmu, Twister, tidak hari ini!	1, 2
Kau tidak akan mempersulit kami.	1, 2
Kejadiannya sudah lama, saat itu hanya ada aku dan 300 dingo pemakan tikus yang ganas.	2
Joanna!	1, 3
Tak akan!	2
Gurun?	2
Kumohon, jangan biarkan dia melakukannya!	1, 6
Ya, aku tahu!	5
Kita tinggal mengambil kuncinya!	2
Begitu saja?	2
- Sedikit lebih jauh. - Ya, ya.	2, 5
Ya, tidak, tidak!	4
Ada yang bisa menyuruhnya diam?	1
Tidak, tidak. Kau akan berterima kasih padaku saat kau bebas.	2
Sudah berkarat.	1
Aku tak akan menggunakan alat seperti ini lagi.	3, 4
Epidermis apa?	1, 4
Berhasil!	5, 7
Punggungku!	6
Berangkat!	2, 5
Pihak berwenang sekali lagi memperingatkan warga untuk sangat hati-hati dalam...	2, 4
Harus makan protein.	2
Bocah itu tak mau memberikan elangnya.	1, 7
Mungkin jika aku menahan dia dalam sarang semut raksasa, itu akan membuat dia membuka mulutnya dan kemudian...	1
Kau kira kau sedang mempermainkan siapa, dasar hewan bodoh?	1, 3
Fasilitas mentalku dua kali lebih besar dari milikmu, dasar otak kacang.	1, 3
Itu dia!	1
Itu kelemahan bocah itu!	3
Aku menyerah!	1, 3, 6
Aku tak akan pernah bisa.	4, 6
Hei, lihat!	5, 7
Frank, kau bebas!	2, 7
Nanti didengar Joanna!	2
Lihat aku, aku bebas!	5
Tenanglah, aku akan melepaskanmu.	8
Aku akan menjadi kaya.	1, 2, 3
Tentu saja, pakai kotak!	7
- Benda ini berat!	1, 7
Ups.	4
Sebelah sini!	2
Biarkan aku masuk!	7
Kejutan!	5
Jika aku tidak lebih tahu, Aku akan mengira kau tak suka di sini.	1, 8
Itu lebih baik.	7
Ayo, bocah.	2
"Apa ada yang sudah mencoba, ""Buka Sesame""?"	1
Menembaknya, tepat di atas langit.	6
Tidak!	1, 3, 4
Apa maksudmu tidak?	1
Pergilah, cepat!	8
- Kenapa dia melepaskannya?	7
Sayang sekali dengan telurnya, ya, Joanna.	4, 8
Telur-telur itu tak akan bisa bertahan tanpa ibu mereka.	1, 3
Masuk di antara tapaknya!	1
Dapat!	2, 5
Katakanlah, apa kalian burung-burung cantik tidak melihat dua ekor tikus kecil berlarian di bawah sana?	5
Ayo, kita harus memperingatkan dia.	4
- Tak ada waktu untuk menjelaskan.	3
Kau dalam bahaya besar.	4
Cody, tunggu!	4
Cody, kumohon!	1
Kita akan menumpang!	2
Tolong, aku tergelincir!	4
Lihatlah dia.	4, 7
Bagaimana dengan telur elang besar, kualitas AAA, dan berukuran jumbo?	2, 5
Ambillah!	1
Baiklah, teman-teman, dia tertipu.	5
Sepertinya keadaan sudah aman.	2, 5
Jangan pernah lakukan hal itu lagi padaku!	1, 4
- Maukah kau membantuku memindahkan telur ini?	2, 8
Itu mengerikan!	4, 7
Kita harus melakukan sesuatu!	1, 4, 7
Bernard, aku kecewa padamu.	1, 6
Dengar!	8
Walau bagaimana pun, tidak.	3
Aku tak akan pernah duduk di atas telur-telur itu!	1, 3
Hei, berhenti bergerak!	1
- Benar sekali!	2
Dia tak akan menyerah.	2, 8
Sekarang, jalan!	2, 5
Kau sudah siap, bocah?	2
Oh, kau mengambil tali, aku akan mengambil joran Kita akan memancing di lubang buaya	2, 5, 8
Benar sekali, sayang.	2
Kelihatannya buruk, Nona B. Aku tidak melihat ada jalan keluar dari yang satu ini.	4, 8
Apa yang terjadi di sini?	7
Tahukah kau ada babi hutan di dalam truk-ku?	2, 7
Tahukah?	1
- Lihat, itu Bernard!	7
Baiklah, ada lebih dari satu cara untuk menguliti kucing.	3, 4
Ya, ampun!	7
Dasar kadal bodoh!	1, 3
Jangan menyerah, Cody!	2, 5
Terima kasih, teman kecil.	5
Nona Bianca, sebelum terjadi sesuatu,	4
Ini konyol.	1, 3
Kalian tak bisa meninggalkan aku di sini sendirian.	7
Lovely pemuda dan begitu alami	2, 5, 8
Punya jari, Anda tahu ...	6
Bagaimana ini, Shufti?	2
- Yah ... kau sangat sopan	1
Semua orang tertawa di Ringo's tiba-tiba ketakutan	5
Ada seorang laki-laki di sana di kepalanya	4
- Anda telah sampai pukul lima sore	3
Anda yang beruntung!	1, 2
- Apa ini?	7
Di sini, Anda telah lalu ...	2
Kami memiliki banyak masalah kecil seperti ini.	3
- Oleh karena itu, harus menjadi logam.	4
- Anda tidak mendapatkan di mana saja, kan?	1
Ada sejumlah buru-buru terlibat, hidup saya dalam bahaya ... Tiga sepuluh	4
- Saya sarankan Anda melihat seorang spesialis. - Apa spesialis?	4, 6, 8
Ini tidak akan bekerja	6
Bisa bekerja jika pemerintah akan menghabiskan lebih banyak uang	6
Dia idiot.	1
It's the busi. Baik busi Inggris.	2, 5, 8
- Bagaimana perasaan Anda?	6
- Aku biasa menggunakan tangan	6
Hentikan!	1
Ini memalukan! Anda bukan apa-apa tapi seorang ilmuwan gila!	1, 3
Dengan cincin ini Aku bisa menguasai dunia!	2, 5
Algernon, laser Lepaskan dia atau aku akan memanggil polisi!	1
MIT itu setelah saya, ingin aku memerintah dunia untuk mereka chce po který mì zajistit vládu nad svìtem	1, 3
Mereka percaya padaku.	8
Bagaimana kita tahu bahwa kita bisa mempercayai dia punya jari-jari tua sebelum	4
Well, ada kesalahan.	8
- Laser siap	2, 8
- Dapatkan mereka	1, 2, 7
Jika Anda hanya memberi saya lima menit	2
Mulai saat ini itu adalah kematian kepada dia yang memakai cincin.	1
Ke mana saja kau?	2
- Saya tidak akan memikirkan hal seperti itu	7
- Ini adalah keguguran yang mengerikan	6
Jangan melihat kanan atau kiri. Mereka mungkin membawa kita untuk tidak bersalah oleh standers	4
pergi!	1, 2
- It's me, tolol	1, 3, 5
- Hei, adalah bahwa Paulus?	7
Apa yang lakukan?	2, 4, 7
Kalau aku punya Luger ...	1
Obat adalah di tangan Anda ...	8
Tunggu aku	2, 4
The darah bergegas ke kepalaku	1, 4
- Itu yang datang dari ajaran ilmu pengetahuan dengan televisi	3, 6, 7
Aku sangat sibuk ... silakan!	3
- Jadi ini adalah Beatles terkenal	4
- Sekarang lihat?	3, 6
Kami punya catatan untuk lakukan besok	8
Dan kamu akan memilikinya.	4
Ugh, mengejutkan	3, 4, 7
"- Bagaimana Anda tahu itu bukan Anda bahwa cahaya - ""Karena aku tidak pernah am"	7
Anda ingin membuang satu di?	2
- Ada drumer yang baik di Manchester	5, 8
cara ia pergi ke salju untuk teman-temannya	5, 8
Jadi, polisi memberikan perlindungan yang terkenal untuk jari, eh?	6, 7
- Kami tidak akan meninggalkan istana ini hidup	6
it's dari Harvard	8
Mengapa kau tidak chop it off, Ringo?	2
Aku selalu mendapatkan mengedipkan mata pada hari ini	7
Oh, Maaf Ringo	7
Semua anak tangga telah gergajian rapi di tengah-tengah	5
- Anda Ringo terkenal aman	2, 5
Dia tidak berbahaya.	8
- Kenapa kau tidak memikirkan itu!	1, 6, 7
- Di mana kita akan pergi lalu?	2
- Jangan pernah kau keberatan	1, 6
Anda harus berpikir itu sebelum kami meninggalkan rumah	1
Dia tidak perlu bersusah payah	5, 7
Hal-hal yang harus kita lakukan di negara-negara kafir ini Harus ada cara mudah untuk mengatur jebakan!	1, 3
- Orang timur berbicara dengan lidah bercabang	3
- Beranikah kita bertanya bagaimana kau tahu?	5, 7
Setelah mereka ... perlahan-lahan!	1, 2
- It's pada peta sebagai berada di sini	1
- Typical!	1
Ada satu di belakang, tapi bukan yang tepat	6
Ini bukan waktu untuk bodoh trik!	1, 2
- Itu melakukannya, dia sudah pergi	1
- Saya tidak bisa memulai mobil	6, 7
pisau	1, 2
Anda tidak ingin aku untuk masuk dengan pisau bedah yang tumpul	5
Pemerintah di telapak tanganku.	2
Mereka cukup kenal ampun ...	4
Aku selamat!	5
Aku hanya menunjukkan keberanian - Berapa banyak jari yang kau punya pergi?	2
- Saya mulai menyukainya.	2, 5
Dia yang memakai cincin ...	4, 5
Ini menunjukan dia di TKP ...dalam waktu satu jam di pembunuhan pertama.	4
Atau dengan apa?	1
Itu tidak membantu sama sekali.	6, 7
Tidak, tidak, tidak, tidak, tidak.	1, 4, 6
Tidak, aku pasti akan ingat sesuatu seperti itu.	6
Apakah kau menganggap aku membunuh para wanita itu?	4
Tapi sampai kita mengetahuinya, ada baiknya kau tetap tinggal di rumah.	4
Apakah dia tidak keberatan?	7, 8
Kami akan meringankanmu dalam beberapa jam.	2, 6
Aku tak yakin dia punya batasan atas apa yang dia lakukan.	4
Jangan khawatir, Kapten.	2, 8
Terima kasih, Wu.	5, 8
Jeritan mereka... kau takkan pernah lupa sesuatu seperti itu.	1, 3, 4, 6
Astaga. Tidak.	4, 6
Dia di dalam!	2, 4
Kapten, kau harus menghentikan ini.	6, 8
Kumohon. Tolong dengarkan aku.	4
Kita di sini untuk bersenang-senang. Jangan merusaknya.	2
Mungkin sedikit.	4
Dia mendapatkan wanita lain!	1
Dia akan membunuh wanita itu.	4
Apa yang terjadi?	7
Kenapa aku bisa disini?	4
Apa yang kalian berikan padaku?	2
Mungkin yang terbaik adalah aku mengingatnya.	4
Juliette.	5
Syukurlah.	5, 7
Aku tak ingat apa-apa. .	7
Ramuannya bekerja.	5, 7
Hampir.	6
Mencoba untuk membunuhku, begitukah?	1
- Tembak dia!	1
Tidak ingin itu, 'kan?	2, 4
Kau harus membunuhnya, Nick, sekarang!	1
Katakan apa yang kau berikan padanya!	1, 3, 5, 7
Berapa lama lagi kita harus menunggu?	1, 3
Bagaimana jika Jack belum pergi?	2, 5
Kuharap ini menyakitkan.	2, 6
Dia tidak kembali.	4, 6
Aku tak mungkin berdarah lagi.	4, 7
Kami rasa kami menyembuhkanmu.	2, 5
Hei. Aku tak percaya kau kemari.	5, 7
Dimana ibuku?	2, 4
Barusan hampir saja.	1
Ada kejadian yang sudah 30 tahun tak terjadi.	4, 6, 7
Aku harus pergi. Serius?	3
Apa-apaan...	7
Kenapa bisai di sini?	2, 7
Aku tak hapal sajak Perancis, tapi...	4, 8
Lihat sampah ini.	3
Coba baca sajak ini.	2
Tadinya aku mengharapkan hal yang lebih seram.	5, 7
Carson?	2
Tolong angkat tangan!	1, 6, 8
Aku bilang... Terbakarlah di neraka!	1
Aku membutuhkanmu.	8
Dijilid dengan daging manusia. Ditulis dengan darah.	7
Aku butuh bantuan menerjemahkannya.	4, 6
Terima kasih!	5
Bisa tolong urus gerbongku saat aku pergi?	2
Apa pun untukmu, manis.	5, 8
Kami ada di dekatmu!	2, 5
Waktumu telah tiba!	2
Lihat-lihat!	1, 7
Sekarang bereskan lampu itu, dan jangan sampai pecah.	8
Kau tak boleh pindah, kau hal terkeren di tempat ini.	6
Ceritakan, mungkin aku bisa membantu.	2
Sungguh? Memang.	7
Aku memang dari sana.	7
Dia sangat menarik.	2, 5, 8
Aku mau ucap selamat tinggal.	6
Lagipula bukan masalah, karena kau takkan pernah memikatku.	5
Dia menularkan gen cantik padamu.	5
Kau masih muda, kau akan paham nantinya.	2, 5
Entahlah... Entahlah...	6, 7
Hei, Williams!	2
Siapa itu?	2
Lepaskan aku! Lepaskan aku!	1
Lil' Lori membencimu!	1
Hei. Apa-apaan itu?	1, 3, 7
Kekuatan alam yang bisa memberikan kekuatan pada hal-hal jahat?	4
Iblis akan selalu menunggu di kegelapan.	2, 4
Kukira itu hanya bualan, tapi setelah melihat ini, kurasa ia benar.	7, 8
Kuceritakan sesuatu yang tak pernah kuceritakan pada orang lain.	2
Tempo hari aku mabuk dan membaca lagi bukunya. Sialnya, para Iblis menemukanku.	4
Itu alasanku mau pindah.	2
Sampai jumpa, sobat.	5, 8
Dengar aku.	1
Siapa pun diriku, itu kejadian lama.	6
Ayah tak apa?	2
Ya ampun!	1
Siapa yang datang?	4
Dia masuk. Ya Tuhan.	4
- Ayah? Ayah?	2, 4
Sial!	1
Kenapa kita ke sini?	2, 4
Si Bodoh ini?	1, 3
Tapi faktanya, aku malah kena batunya.	5
Apa-apaan?	7
Tak bisa lagi lari.	1, 5
Lakukan sesuatu!	3, 4
Tolong aku!	4, 8
Jangan ganggu kami!	1
Apa mereka berhasil masuk?	4
Ketuk dulu sebelum masuk.	1
Brengsek!	1
Kami sudah lama menunggu...	2
Pablo!	1
Enyah darinya, brengsek!	1, 3
Jefe, sadarlah!	2
Semoga kau sudah minum Geritol karena sekarang saatnya berdansa!	2, 5
Kau benar.	7
Bagaimana mungkin bisa menemukan itu?	7
Bawa wanita itu.	1
Tidak.	1, 6, 7
Trubel, lari!	4
Astaga.	7
Tidak, Juliette.	6
Terlalu banyak hal yang terjadi.	1, 6
Kau baik-baik saja?	6
Ada masalah apa?	2, 6
Apa-apaan ini?	7
Nick. / Ini ulah Chavez.	1
Nick.	4
Nick, apa yang terjadi? Juliette disini tadi malam, mencoba membunuhku.	4
Aku memeluknya saat dia tewas. Kupikir kau bilang dia naik helikopter.	7
Aku tidak melihatnya naik.	6, 8
Hank, dia tewas.	4, 6
Nick, Nick.	3
Siapa? / Entahlah.  Tapi mereka profesional.	8
/ Tidak, bukan. Jika itu Keluarga Kerajaan, saat ini aku sudah tewas.	4, 8
Dia pernah menculik Trubel sebelumnya. Apa?	7
Mereka pasti melacaknya atau menunggu dia hingga datang.	3, 4
Baik, apa yang akan kau lakukan? Aku akan mengejarnya.	4
Tunggu! Kau sadar bicara tentang akan mengejar agen FBI?	4
Kapan? / Laporannya masuk tadi malam.	4, 7
Hank, aku harus membahas tentang laporan 911 yang baru saja masuk.	4
Bagaimana Juliette bisa kesana jika dia naik helikopter itu?	4, 7
Nick membunuh Juliette?	4, 7
Juliette tidak naik bersama Keluarga Kerajaan. Sebaliknya, dia pergi ke rumah Nick dan mencoba membunuhnya?	2, 7
/ Untuk menutupinya.	7
Ada kemungkinan penampakan dua hari yang lalu di Dalles.	2
Jika Nick dibius, kau percaya apa yang dia katakan?	2, 4, 6, 7
Mungkin ini bukan waktu yang tepat untuk membahas ini, tapi laporan 911 baru saja masuk.	4, 6, 8
Petugas sedang dalam perjalanan.	2, 8
Aku tak ingin ada koneksi dengan kantor polisi ini. Jika kau akan melakukannya, jangan lakukan disini.	1, 4
Aku ingin kau katakan dimana Theresa Rubel. Theresa Rubel.	1, 2
Bukankah itu wanita muda yang tinggal di rumahmu?	2
Kau membawanya dari rumahku tadi malam!	1
Apa maksudmu dia diculik?	7
Kau membawa mayat Juliette.	3
/ Permisi?	7
Giring dia keluar dari gedung.	3
Jika dia menolak, tahan dia.	2
Aku rasa itu kabar baiknya.	5, 8
Ada kabar buruk?	6, 7
Aku melihat orang-orang itu menuju ke rumah Nick sebelum kami keluar.	1, 4
Lupakan dia sejenak dan kemarilah.	2, 8
Tiga tetanggamu tewas tadi malam.	6
Baiklah, aku kesana.	2, 5
Mayat tersangka, yang saat ini kita yakini sebagai peniru Jack the Ripper, ditemukan tadi malam.	7
Siapa yang terbunuh?	2, 4, 6
/ Apa yang kau bicarakan?	7
Mungkin mengerti, mungkin tidak, tapi kau bisa membuat dirimu ditahan atas tuduhan federal jika kau tak menghentikan apa yang kau lakukan.	1
Aku sudah diceritakan. Kita akan memeriksanya.	1
Jika tidak, maka aku akan menangguhkanmu.	1, 2
Bagaimana aku bisa istirahat saat aku tahu apa yang terjadi?	6
Nick tak mungkin berbohong, dan dia pasti tak akan menelepon dan cerita pada kita jika itu tidak benar.	1, 8
Astaga. Helikopternya jatuh.	4, 6
Itu semua terjadi di tempat yang sama.	7
Kau sudah bicara dengan Nick?	2
Aku tak sanggup.	4, 6
Tapi aku tidak yakin apa ada yang masuk akal saat ini.	4
Setidaknya yang bisa kita lakukan untuk Nick.... ...adalah mencari tahu tentang Chavez.	6, 8
Mereka mengambil mayat Juliette? Nick bahkan tak bisa menguburkannya?	7
Ini mengerikan.	4, 6
Ini semua bukan salah Juliette.	7
Dia tidak menjadi Hexenbiest karena dia ingin.	3, 6
Dia semacam menerimanya setelah dia begitu.	5
Dan Juliette berusaha membunuhnya.	4
Kita semua bertanggung jawab atas apa yang terjadi padanya.	6
Aku mulai merindukan Juliette yang lama, dan sekarang ini telah terjadi, dan itu hanya... Rasanya... rasanya sudah berakhir, kau paham?	6
Chavez punya catatan teladan dengan biro keamanan.	1
Kau tahu?	7
Ya. Chavez satu-satunya nama yang kita punya.	1, 6
Kita bermain dengan api.	2, 4
Aku tahu kau tak perlu menjawabku, tapi jangan lupa aku yang membantumu masuk ke dunia ini.	4, 8
Kita telah melalui banyak hal bersama, dan aku tak ingin melihat kau melakukan sesuatu, tanpa aku jika kau benar-benar membutuhkanku.	8
Sekarang pergi dari sini.	1
Aku kekurangan sirup maple, tapi aku punya banyak selai raspberry, yang mana lebih banyak orang yang suka.	2, 5
Kau jangan memikirkan apa yang akan terjadi dengan Diana.	6, 7
Dan jangan lupa, kau bukan makan untuk satu orang.	5, 8
Maaf. Aku tak bermaksud berlebihan.	4
Dia mulai... Dia mulai...	4
Itu normal. Pasti dia begitu.	5, 8
Kita harus mencari yang jauh dari normal.	7
Hei, kau menemukan dia?	2
Aku tahu kau Wesen.	8
Sepertinya sekolah Chavez bertempat di tempat kerja orang tuanya.	8
Di pintu belakang!	7
Untuk siapa kau bekerja?	1
Kau membuat kesalahan besar, Burkhardt.	1, 3, 6
Kau pernah mencoba untuk merekrut dia.	8
Kau mengancamnya jangan cerita padaku.	1
Tunggu. Aku melihat buku yang sama di kamarnya.	7
Seseorang memindahkannya.	1
Kau ingin mengetahui apakah Nick adalah Grimm.	2
Seseorang harus mulai mempercayai seseorang.	1
Tidak, tidak!	4
Adalind akan melahirkan.	5
Ya, ya, ya, sekarang.	2
Nick, Nick, sudah mulai.	4
Tadinya kupikir rekanku mulai menggila.	4
Dia sedang melahirkan sekarang?	7
Tentu saja kau harus masuk.	8
Dan didengar. Bahasa adalah sesuatu yang takkan pernah kau lupakan.	2
Tak peduli apa yang terjadi, anak ini akan membutuhkanmu.	4, 8
Ini akan menjadi canggung, tapi anak ini yang utama.	8
Nick, dengarkan aku.	6
Kau baik-baik saja. Tarik nafas saja.	8
Jangan didorong.	4
/ Ada apa? Kami kehilangan detak jantung bayinya.	6
Nick tidak akan membiarkanmu pergi kecuali kau memberitahu dimana Trubel.	1
Jangan dijawab.	4
Aku harus mengirim sidik jariku agar mereka tahu itu memang aku.	2, 8
Ya. Aku baik-baik saja.	8
Dokter spesialis ke kamar bayi.	8
Tak ada yang bisa kau lakukan.	6
Aku bersama Rosalee. Kau dipasang di pengeras suara.	8
Ini satu-satunya kesempatanmu untuk mendapatkan jawaban.	1
Kau datangi aku, sendirian, dan kita pergi 20 menit lagi.	2, 8
Nick, aku tidak begitu yakin tentang hal ini.	2
Kita kehabisan waktu.	1
Ayo pergi.	2
Kita tak perlu melakukan apa-apa?	7
Kau ingin tahu aku bekerja dengan siapa.	2
Kau yakin mereka disini?	2
Mereka disini.	2
Mereka datang kemari... Ke Portland.	4
Dia kelelahan, tapi dia baik-baik saja.	5, 8
Itu menghalangi dia keluar.	6
Aku tak ingin membesarkan dia sendiri.	6, 7
