Vélin okkar er ađ fara.	4
Fylgdu mér.	2
Ég vil ekki missa af fluginu.	4
Viđ vitum um samband ūitt viđ stjķrnarerindrekann.	1, 7
Viđ munum alltaf sigra.	5, 8
Andskotinn.	1
Ū ú myndir líka klikka á ūessu.	1
Ég ætti ađ nota klippingar.	6
-Heldur betur.	1
Ū ú veist hvađ ég meina og allir ađrir hér líka.	8
Vaknađu, frú Winkle,	2, 4, 6
-Jú.	4
Ūekki hana varla. Fann hana svona og kom međ hana hingađ.	6
Hvađ tķk hún?	4, 6
Hún er ūađ.	8
Ū ú munt hafa ūær um tíma.	5
Er ég í međferđ?	4, 6, 7
Já, auđvitađ.	8
Ū ú varst skilin eftir. Međvitundarlaus.	4
Ég er hér til ađ leggja ūig inn.	2
Ég hef nokkrar spurningar.	2
-Fyrirgefđu ef ūetta er mķđgandi.	1
Ef ég geri ekki eins og ūú vilt ķttast ég ađ ūú yfirgefir mig. Refsir mér.	4
Vel gert, Carol.	2, 8
Koma foreldrar ūínir?	2
Spjalliđ viđ gesti ykkar í nokkrar mínútur.	5, 8
Sæl, elskan!	5, 8
Ég ætlađi mæta.	6
-Sæll.	7
Afsakiđ, drengir.	6
Hvađ gerir Allen?	2
-Ķvenjuleg stúlka.	3
Gott ađ ūú eignast vini.	2, 5
-Ūađ er samt of seint.	3
Ég ūoli ūetta ekki.	1
Á morgun skal ég senda föt, segulbandstæki og rúmteppi.	8
Á sunnudaginn kemur Mary međ myndbandstæki, spķlur og stofuplöntu.	2
Frá ūeim sem dældi upp úr mér.	1
Mamma varađi mig viđ konum eins og ūér:	4, 5
Nema hætta ađ dķpa og mæta á AA-fundi alla ævi.	1, 6
Hún hlustar á ūig, ekki mķđur sína.	5, 8
Hvađ á ég ađ gera?	1
-Hjá mömmu?	1, 3
-Sækja fundi... -Ég vil gera ūessa mynd.	1, 2
Auđveldađi mér skilnađinn og fķsturmissina.	8
Ég skil ekki ūína kynslķđ.	3, 6, 7
Já, ūađ er allt í lagi.	5
Viđ förum ūá.	1
Sæl, elskan.	5, 8
Dũrlegur dagur.	2, 5, 8
Ūögn!	1
Mig dreymdi ūađ.	3, 6
-Í pallíettukjķl.	6
-Hvađ táknar ūađ?	2, 4
Hvernig barst taliđ ađ dauđa ūínum?	6
Mín voru heljarstķr.	5
Ég drep mig.	6
Ég ūarf ađ vakna snemma.	3
Ég vil ekki hitta neinn.	3
Suma hef ég ekki séđ síđan í skķla, né kæri mig um.	3
Hvar grķf hún hann eiginlega upp?	1
Síđast ūegar ég sá hann frussađi hann eggjum út úr nefinu á sér.	6
Ūrjķskari en asni, eins og Owen.	1, 7
Viltu meiri hnetur, afi?	5
Hættu ađ nöldra. Ég vil fara heim.	4, 6
-Viđ erum ađ fara.	1, 7
Já, herra.	2
Bráđum.	2
Howdy er međ orma.	3, 6
En ég elska ūau.	5
Syngdu eitthvađ.	5
-Ég verđ stressuđ.	5, 8
Einmitt.	5, 8
Ūađ er allt og sumt.	8
Nema ūú hélst einhverju eftir.	1, 2
Ég ūekki leikhús.	1
Ū ú varst gķđ í Public Domain.	5
Ég tek gagnrũni frekar illa.	6
Ūetta voru bara tvær mínútur.	2
En hvađ ég er fegin.	5
-Mér líđur mun betur.	2, 5
Hvernig ferđu ađ međ rúmsenuna?	2
En ķađlađandi.	6
Hún er frábærlega vaxin.	2, 5, 7
Jæja.	6
George Lazan, framleiđandi Kitchen Sink.	8
Eftir einn dag!	1
-Tökum upp!	2
Vertu ūú sjálf og ūá fer allt vel.	8
Hjálp!	8
Hræđilegt.	6
Eftir yndislega kvöldstund tekur hún handfylli af pillum og...	1, 6
Gott ađ sjá ūig heila á húfi.	5
Ég ætti líklega ađ ūakka ūér.	6, 8
Ég er ekki ķkunnugur.	8
Nei, ég vil ūađ ekki.	1, 6, 7
Hefur einhver sagt ūér ađ ūú ilmar eins og Catalina?	2
En ađ ūú ilmir eins og framtíđin?	5
Hafiđ ūiđ ūekkst lengi?	2
-Aha.	1
Gerđu ūađ, hættu.	4
Ég stend ekki í skyndikynnum.	6, 7
Ég ræđ ekki viđ ūessar tilfinningar.	3
Eina, tvær?	7
Ég skal ekki hæđast ađ ūér.	8
Ég held ég elski ūig.	2, 5
-Ūetta er nķgu erfitt.	4, 6
Ég hélt ég gæti ekki elskađ lengur.	5, 7
Í Public Domain leistu í myndavélina, og á mig og ég varđ ástfanginn.	5
Ūér gengur ágætlega.	8
Hugrakkur?	4
Ekki fara.	6
Ég er ūess virđi.	2, 5
Ég vil bara ūig, ilminn af ūér.	5, 8
-Ūig mun ekki iđra.	1, 6
Ū ú hljķmar eins og sölumađur.	3, 5, 8
Ég hringdi ekki ūví ég hélt ađ ūú svæfir.	8
Ég kom svo ūú hefđir ekki áhyggjur.	5, 8
Ég hafđi ūađ.	4, 6
Ég á ađ gæta ūín.	1, 6, 8
Hvađ átti ég ađ halda?	1, 4
Ū ķ svo væri, get ég réttlætt mig međ ūinni neyslu.	1, 3
Ū ú ert ekki í ađstöđu til ađ dæma mig.	1
Á mķti fæ ég bara hroka og yfirlæti.	1, 3
Eđa eitthvađ.	3
Ūví lokađirđu á mig?	1, 4, 8
Viltu frekar Joan Crawford fyrir mķđur?	5
Ū ú ert ađ reyna ađ gera líf ūitt ađ engu.	1, 3
Gleymdu unglingsárunum.	2, 8
Byssuna.	8
 Ég veit ūađ ekki, segi ég.	6
Má ég tala viđ ūig augnablik?	2, 8
Ūađ má segja ūađ.	5, 7
Ūví spyrđu?	2, 7
Var síđasta spurning ūađ ekki?	1
Ū ú virđist geta séđ um ūig sjálf.	5
Ekki vera leiđ.	2
-Ūađ er gķđs viti.	2, 5
Reyndu ađ skemmta ūér međ honum eins og hann međ ūér.	2
Ūađ geri ég.	5, 8
-Daginn.	5, 8
Var ūađ nærgætiđ sem ūiđ Evelyn gerđuđ?	7
Evelyn lyktar líka eins og Catalina.	7
Ég var ađ koma úr međferđ!	1, 3, 6
-Viđ vorum ađ kynnast!	1
Mér líkar ekki ūessi hliđ af ūér.	3
Hvort angrar ūig?	6, 8
Ū ú gast sagt satt og fengiđ allar.	1
"Konur segja: "" Ekki ađ ūú skyldir fara, heldur hvernig."""	2, 8
Engin hortugheit.	1, 3
Ég færi ūér... slæmar fréttir.	4, 6
Ekki reiđast ūķtt ég hafi séđ ūetta fyrir.	4
Umbođsmađurinn ūinn, Marty Weiner, sem ég grátbađ ūig um ađ fara frá...	1, 3, 6
Ég veit.	4, 8
Marty Weiner er horfinn.	1, 4, 6, 7
Er ég blönk?	1, 4
Sjálfsvorkunn gerir ekkert gagn.	5, 8
Suma daga...	4, 6
Viltu hætta ađ reyna ađ stjķrna mínu lífi augnablik?	1
Ég sagđi ūađ aldrei.	2, 8
Drykkjan truflar ekki starfiđ.	8
Hvađ gerđi ég svona slæmt ūegar ūú varst barn?	3, 6
Manstu ūegar ūú lyftir pilsinu ūínu á 1 7 ára afmælinu mínu...	5
Afsakiđ.	6
Hvađ er ađ?	1, 7
Ū ú hefur hefur átt of auđvelt.	1
 Ég byrja á mér.	1
Sjáđu hvađ ūú getur?	6, 7
Kannski ætti ég... ađ fara aftur á sjúkrahúsiđ.	2, 7
Ū ú ūarft ađ takast á viđ lífiđ.	2, 5, 8
Hvađ gerđist?	2, 7
Get ég ađstođađ?	2
Fjölmiđlar vita ūví miđur af veru hennar hér	3, 6
Hún er ađallega hrædd.	4
Hitt skrímsliđ mitt.	8
Ūiđ eruđ bara alltaf hér.	1, 6, 7
Hún hafđi áhyggjur af ūér.	6
-Ūađ væri viđ hæfi.	2, 8
Ekki ũta!	3
Ég er ađ fara!	5
Ég ætti ađ rassskella ūig eins og mķđur ūína!	1
Ef ég hef ūessi áhrif á ūig drep ég mig.	3
Hún vill svo sem vel.	4, 6
Ég hefđi ekki átt ađ rjúka í burtu.	6, 8
Heldurđu ađ ég vilji ūér ekki vel?	6
-Ūoli ekki ađ vera án ūeirra.	1
Ekki slæmt miđađ viđ aldur?	7
Ađ ég væri merkileg međ mig.	1, 3, 6
Ūarf ég ađ tala eins og bjáni til ađ ūķknast henni?	1, 3
Til orrustu.	2
Ūađ virđist ūurfa áfall til ađ sameina okkur.	6, 7
Hún virđist hressari.	5
Fékkstu blķmin frá mér?	1, 6
-Ū ú!	5, 7, 8
-Ég dældi upp úr ūér.	4, 7
Takk fyrir blķmin og hjálpina.	8
Reyndar... ūarf ég ađ fara.	4, 8
Örlögin leiddu okkur saman.	5, 8
Ūau og svefnpillur.	6
Ūađ má ekki heita stefnumķt.	4
Ég vil ađ ūú sjáir.	2
Ūú ert nautheimskur.	1
Eruđ ūiđ brjálađir?	1
Hvađ viljiđ ūiđ, fyrir utan vandræđi?	1, 2, 3
Mér finnst ūetta kjaftæđi ekki fyndiđ.	3
Ég ūekki ūennan skríl.	1, 3, 8
Ūetta eru eintķm látalæti.	3
Einbeittu ūér.	2
Skíthælar!	1
Slepptu mér, skíthællinn ūinn!	1
Hættu.	1
Ég vil ekki deyja á ūennan hátt.	6
Af hverju er mamma ekki hér?	4, 6
Herra, er ūetta himnaríki eđa hvađ?	4
Læra ađ lesa, ganga, tala, brosa og jafnvel berjast.	2
Til ađ ūjķna landi ūínu.	2, 8
Opnađu dyrnar!	1
Segđu ūeim ađ opna dyrnar!	1
Ūetta ætti ađ rķa ūig.	6
Viđ byrjum á einföldu forriti.	2, 8
Ef ūú smellir hér, geturđu teiknađ.	2
Ūetta eru ūau skotvopn sem viđ notum.	4
Tilbúin.	2
Fáđu ūér sæti.	8
En ef viđ leggjum hart ađ okkur og ef gæfan brosir viđ okkur mun okkur takast ađ gera ūig ađ manneskju.	3
Ūađ er ágætis byrjun.	5
lllt er ađ ganga hölt. Húmor.	6
Ūađ er gķđ byrjun.	8
Hefurđu eignast vini?	5
Ég verđ tvítug í næstu viku.	2
Ég er međ frábært forrit.	5
-Ég veit ūađ ekki.	6, 7
Til hamingju međ afmæliđ.	5
Ég get ekkert gert eftir ūađ.	6, 7
Ertu ađ horfa á hendurnar mínar?	1
Einu sinni voru ūær fallegar.	5
Á ég?	1, 6
Ūađ sama og venjulega?	5, 8
Taktu eftir.	2
Hún er hlađin.	2
Ūađ eru vandræđi hérna.	4
Opnađu dyrnar, skíthæll!	1
Ég mun sakna ūín.	6
Ekki setjast.	1
Ūú færđ borgađ í bankanum gegnt spítalanum.	2
Fullkomiđ.	5, 8
Getur ekki kostađ meira en 10 franka. Segjum ūađ!	2, 5
Fástu ekki um ūađ. Borđađu.	3
Ūađ gerđist dálítiđ fyndiđ í morgun í búđinni.	5
Maturinn verđur kaldur.	4
Ég setti ketilinn á.	2
Svaf yđar hátign vel?	2, 5, 8
Ég bũđ Léon í mat á laugardaginn.	5
Viđ ætlum kannski ađ stofna fyrirtæki.	2
Engir ættingjar, engir vinir.	1, 2
Herbergisūjķnustan, gķđan dag.	5
Bob hérna.	2
Ég hef ūađ stķrfínt.	5
Mig langađi ađ ķska ūér til hamingju.	2, 8
Međ ánægju.	2, 5
Bob frændi?	7
Hún er á bađinu.	1
Ég stend ekki undir ūessu.	4, 6
Eitt lokahrķs, allt í lagi?	2
Ūađ er örugglega líka ūér ađ ūakka.	5
Hún var mjög sæt ūegar hún var átta.	5, 7
Hún var međ borđa í hárinu og alltaf í hvítum kjķl.	8
Ég sá hana ađeins ūegar fjölskyldan leigđi sér bústađ yfir sumariđ.	6
Ūarna voru samankomnir á ađ giska 20 krakkar, alltaf međ eitthvađ á prjķnunum.	1
Síđan kom hún heim, rennandi blaut, en alltaf međ sömu afsökunina:	1, 8
Ekki gondķla.	4
-Ég er ūyrst.	8
-Sömuleiđis.	1, 6
Klæddu mig úr!	1, 3, 4
Joséphine?	7
Já.	8
Samsetningu lokiđ.	5
Ūađ er ekkert handfang!	1
nan	1, 2, 4, 5, 6, 8
Getum viđ talađ saman?	4, 6
Ég veit ekki hvađ er í gangi, hvađ ūú hefur mátt ūola sem lætur ūér líđa svona.	3, 6
Ūađ versta væri léttir.	1, 6
Skotmark sést eftir 10 sekúndur.	2, 4
Er ekki kominn međ upplũsingar.	6
Gaman ađ sjá ūig.	5
Ég sakna ūess ūegar ég hafđi ūig út af fyrir mig.	6
Mér varđ hugsađ til ūín.	5, 8
Til merkis um ást mína.	5, 8
Hvílíkar mķttökur!	5, 7
Svo sannarlega!	5
-Kampavín! -Frágengiđ.	5, 8
Hann hittir hjákonuna ūar.	8
Sjáumst.	5
Viđ höfum engan áhuga á honum.	3
Viđ vitum ūá hvar leita skal.	2
Ūú gerđir mér bilt viđ!	4, 7
Hvernig er hægt ađ ilma svona vel á spítala?	5, 7
Ūađ er leyndarmál.	2
Marie-Hélčne, gleđur mig.	7
Náungi sem var erfitt ađ eiga viđ.	1
Viskí.	5
Já, en viđ erum međ ūađ. Ūví hefur veriđ breytt.	1, 6
Fjandinn hirđi ūennan hreinsara!	1
Slakađu á!	8
Victor, viđ verđum fyrst ađ tala saman.	2
Hreinsa upp eftir ykkur.	1, 3
Fjandinn, hann er ekki dauđur!	7
Hjálpađu mér.	1
Ūú mátt fara í sendiráđiđ!	7
Ūú hringir ekki neitt.	1
Sé ūig eftir klukkutíma.	2
Gerđu ūađ, förum!	4
Hvađ er ađ gerast?	4
Ūeir eru klárir.	8
Viđ komum aftur. Stopp!	1
-Smá rúntur og síđan snúum viđ viđ.	2
-Stoppađu, gerđu ūađ!	4, 6
Ūetta starf er ūér ofviđa.	3
Ūær mega ekki slitna.	6
Ég veit allt, Marie.	1, 3
Ūađ hefur aldrei unniđ nein Marie Clément á spítalanum ūínum.	1, 2
Ég veit líka um eftirlitsverkefnin og videķspķlurnar.	4, 7
Af ūví ađ ég elska ūig.	5
Minn kæri Marco.	8
Ūú ert fallegasta manneskja sem ég hef kynnst.	5
Finnst ūér ekki ađ hún hafi greitt sína skuld?	6, 8
Ég skal reyna, en hún er í hættu stödd.	4
Flestir ungu spjátrunganna vilja komast í ráns- og morđdeildina.	5
Af ūví ég vil hjálpa fķlki, herra.	2
- Ūú myrtir brķđur ūinn.	3, 4, 6
David, er allt í lagi?	4
Ég kvíđi svolítiđ fyrir prķfinu á morgun.	2, 4
Ūví gerirđu sjálfum ūér ūetta?	1, 3, 7
Allt í lagi.	8
- Leggjum af stađ.	2
En á ūessari stundu dettur mér engin ástæđa í hug.	7
- Morales er 2 mínútum of seinn.	1
- Förum.	3
- Ūú ert seinn fyrir, vinur.	1, 5
- Farđu.	1
Áfram nú.	2
Er ekki svolítiđ snemmt ađ jķlainnkaupin núna?	5
Og ég er tannálfurinn.	3
Seinna, sķtraftur!	1, 3
- Powell var gķđur mađur.	6
Báđir mennirnir í vagninum eru í ūeim.	3, 4
- Nick, ūetta er David Ackerman.	8
- Sæll, David.	5
Gleđur mig.	5
- Nick, ūetta var nũi félaginn ūinn.	6, 7
- Ūú ert ađ grínast.	1
Hleyptu honum aftur inn strax, Nick.	1
Ekki fást um Pulovski.	1
Hann er asni en ūú venst honum smám saman.	7, 8
- Ūetta er ūá til ūess.	7
Kannast ég ekki viđ ūig?	3
Ekki hægt ađ ruglast á ūessum ūũska bjķr.	2, 8
- Bara mađur međ lélegan bjķrsmekk.	3
Hr. Ackerman?	7
- Hvađ segirđu gott, George?	7
Hvađ er ūetta?	1
Ūú færđ peningana fyrir föstudag.	1
- Afsakađu, herra.	4, 7
- Ég hef aldrei komiđ ūangađ.	6
Almáttugur, ég furđađi mig á ūví hver borđađi ūennan ķūverra.	3, 7
Ég á ađ heita félagi ūinn.	1
Ūađ er mannfjandinn sem sprautađi ūennan bíl.	3
Ūađ ætti ađ kjöldraga kauđa.	1, 3
Hvađ er eiginlega á seyđi?	5, 8
- Ég er hættur ađ æfa.	5
Gķđur strákur.	8
Bílinn er kyrr.	1
Hver ūremillinn.	7
Ūetta er ekki til skrauts.	1
Ef ūú ætlar ađ vera međ stæla... lenda heilaslettur úr ūér á félaga mínum.	1, 2, 3
- Ertu tilbúinn?	2
Ūađ er allt hérna.	7
Litla tæfan.	1, 3
Mađur verđur ađ standa viđ orđ sín.	2, 6, 8
Hvar fékkstu vindilinn?	2
Ūú ert svo laginn viđ viđgerđir... kannski geturđu gefiđ mér eld.	8
Honum var hent upp.	7
- Skilurđu ūađ?	1
Martröđum mínum, öllu heldur.	1
Ūú sest ekki heldur hérna.	1
Ég kanna manninn sem viđ höfum séđ út um allan bæ.	2
Betri en ūinn.	1, 3
Eigđu hann.	1
Ūví í fjandanum ekki?	1
Nú eruđ ūiđ lærđir sjķliđsforingjar.	2, 5, 8
Héđanaf verđur menntun ykkar í skķla stríđsins.	1, 3
Sem foringjar í sjķher Bandaríkjanna, haldiđ ūiđ út á hafiđ til ađ heyja hörđustu baráttu sögu okkar.	8
- Til hamingju, Villi.	8
Mamma, ég verđ ađ sleppa veislunni í kvöld.	3, 6
Strákarnir halda veislu.	5
- Allt hefur sinn tíma.	8
- Fyrirgefđu, Villi.	3, 6
Ég ætlađi ekki ađ skemma kvöldiđ.	6
Viđ getum fariđ í Fairmont...	6
- Hvađ áttu viđ?	1
- Ég hef ađeins tvo sķlarhringa.	4
- Villi, ekki.	1
Væri meiri tími til stefnu...	6
Ég bjķst svosem ekki viđ ūví.	2, 3
Ég gleymdi hver ég er.	7
En ég vil ekki meira af svo gķđu.	1, 2, 3
Skipiđ hefur átt í mörgum orrustum.	8
Taktu 1 00 dali í viđbķt.	8
Lofađu mér ađ fara varlega.	8
Alls ekki. Ég lofa ūví.	5, 8
Ūessa leiđ, Keith.	2
Hafđu stjķrn á hrifningunni. Ūetta er sjálf Caine.	1
Fyrirmæli ūín.	8
Breyta fyrrverandi borgurum í heilalausa menn.	1
Ég vona bara ađ ūú sért nķgu gķđur fyrir Caine.	2
- Ég reyni ađ vera verđugur.	2, 5
Eftir rúmt ár í orrustum tekur 24 tíma á dag ađ halda henni á floti.	5, 6, 8
- Ūađ er allt og sumt.	1
Ég ann konu minni og börnum.	5
Keith, ég ūarf ađ kasta upp, ūví miđur.	3, 6
En fallegt af ūér.	5, 7
- Allt í lagi.	5, 8
- Athyglisverđ skođunarferđ.	5
- Byrjar hann enn.	4
- Ég vissi ekkert um ūetta.	6, 7
- Hann á ekki ađ ūurfa ađ velja nú.	6
ūú átt eftir ađ iđrast ūessa dags.	1, 3
Standi stríđiđ tíu ár enn, lærirđu kannski muninn á máfum og flugvélum.	1, 3
Klippurnar út.	1, 2
Ūú hlũtur ađ elska hann, fyrst ūú fķrnar ūér svona fyrir hann.	7
Farđu og ūurrkađu ūér, Keith.	1
- Gæti veriđ gott ađ fá ūitt álit.	8
Ūví miđur gleymdi ég ūví.	3, 6
- Réđstu dulmáliđ?	2
- Ūađ var ķtrúlega heimskulegt...	1, 6, 7
- Allir geta gert mistök.	8
Hér er ekki mikiđ svigrúm fyrir slíkt.	8
Of mikil hætta á mannfalli og tjķni á búnađi.	3, 6
- Er ūetta ķsanngjarnt?	1
-,l hreinskilni, okkar í milli.	1, 2
Eins og ūú sérđ, er ég leystur frá skipsstjķrn.	1, 2, 6
Líđur ūér nú betur?	6
Viđ höfum hver sinn hátt á skipsstjķrn.	8
Ūađ ætti ađ bræđa ūađ upp í rakvélarblöđ.	1, 3
- Ķska leyfis til ađ fara. - Skipstjķri?	2, 4
- Hvađ er ūađ, kjötbolla?	4
- Ūetta er gegn reglugerđ flotans.	1
Ég hef veriđ of lengi á Caine.	3, 6
Hvađ er nú ūetta?	2
Komumst ađ efninu	2
Nú ūegar ég hef veriđ hreinskilinn, fáiđ ūiđ tækifæri til hins sama.	1, 2, 5
Rétt ađferđ, röng ađferđ, flotaađferđ og mín ađferđ.	8
- Skipstjķri.	4
En ūađ er ađ gerast!	2
Fífliđ ūitt.	1
- Viđ skárum markiđ frá.	2
Allar vélar á fulla ferđ.	2
Villi, ūú virđist hafa áhyggjur.	4, 6
Skipstjķri hefur einmanalegt starf.	6
Sjáđu hvađ var ađ berast.	7
Sá lendir í vandræđum.	6
Hann verđur sođinn í olíu.	1, 3, 4
- Hélstu ađ ég kæmi ekki?	7
Alltaf ánægja ađ hitta vini Villa.	5
- Fer ungfrú Wynn međ ūér?	7
- Ég er ūađ. Mjög hrifinn.	2, 5, 8
- Ég lofa.	4, 8
Bless, mamma.	6
- Eins og nũr söngur.	2, 5
Gaman og ķgn.	4, 5
Fallegt af mömmu ūinni ađ sleppa ūér.	5
- Hún réđ engu um ūađ.	1, 6
Látiđ eldinn falla!	5
Ūetta er paradís.	5
- Látum ūađ horfa.	8
Ūú hefur breyst.	7
Stundum held ég ađ viđ eigum möguleika.	5
- Villi, ūađ er orđiđ framorđiđ.	1
Pantađirđu?	8
Viltu eyđa ævinni međ mér?	5, 8
- Gast ekki kvatt kærustuna?	7
Ég sagđi ūeim ađ ūađ tæki mig tíma ađ koma skipinu í lag.	1
Frekari mistök verđa ekki gerđ af foringjum né áhöfn.	3, 6
Flotastjķrnin bíđur eftir mistökum frá mér, en ūau verđa engin.	2, 4
Nķg um gamlar sakir.	6
Herrar mínir, ég færi fréttir.	2, 5
Komum nú öllu í besta lag.	8
Flũja? - Forđastu vandræđi, Tom.	1
- Hann hlũtur ađ hafa ástæđu.	8
- Takk, pabbi.	5
Ég hélt ūér yrđi skemmt.	2, 7
Ūetta er saga um mann međ lítinn ūokka og enn minna hugrekki.	3
Finndu ūér annan til ađ syngja um.	1
- Gulblettur gamli yrđi upp međ sér.	2
Mér líđur ekki vel. Ūetta tekur skamma stund.	6
Ūú mátt fara.	1
Ūeim ūykir frekar vænt um mig.	5, 8
Ūađ er einmanalegt ađ stjķrna. Ūađ er ekki auđvelt ađ ákvarđa.	6
Stundum ūarf skipstjķri hjálp... uppbyggilega hollustu.	8
Allir hafa hugmyndir um rétt og rangt, en viđ verđum ađ leggjast á eitt fjölskyldunni til heilla.	2, 4, 8
Ef ūađ er eitthvađ sem ūiđ viljiđ segja, hlusta ég fúslega.	8
Höfuđverkurinn hefur versnađ.	6
- Vertu ekki svona væminn, Villi.	1
Mér fannst ūetta gķđ ræđa.	5, 6
Viđ hefđum átt ađ styđja hann.	6
Ūú vissir ekkert um DeVriess, og ūú veist minna um Queeg.	1, 3, 8
Ég ūekki afbrigđilega hegđun.	6
Klikkar kannski.	4
- Leyfđu honum.	1, 2
Kúlurnar, stældu setningarnar,... mígrenisköstin  Skyrtudellan og ræđan í kvöld:	6
- Mér finnst vit í ūessu hjá Tom.	8
- Skiptu ūér ekki af ūessu.	1
Svo hann fær migrenisköst og veltir kúlum. Hvađ um ūađ?	1, 3
Allir eru skrítnir á einhvern hátt.	2, 3, 5, 6, 8
Viltu fara međ mér til herlæknisins og endurtaka ūessi orđ?	4, 8
Ekki meira tal um ađ skipstjķrinn sé galinn.	1, 3
- Ūađ bitnar bara á okkur.	4
- Ég fullyrđi: hann er ofsķknarķđur.	3
Ūetta er vísvitandi lítilsvirđing viđ yfirmann ūinn.	3
Í dag fyrirskipađi skipstjķrinn öryggisæfingu fyrir áhöfnina.	2, 8
Margir eru ekki í baráttubúningi.	6, 7
Hættu ađ fara í búninginn!	1, 7
Sumir ykkar halda ađ ūeir geti leikiđ á mig.	1, 8
Ūađ verđa engin frí í ūrjá mánuđi.	1, 4
Ég læt ekki ađ mér hæđa.	1
Hvernig gengur?	5
- Hættu ūessu.	1
- Ég er ekki blindur.	1
Ūiđ undrist sjálfsagt ađ ég kallađi ykkur saman.	2
- Tvo.	8
- Painter?	7
Jorgensen?	7
,l ūessari skál er eins mikill sandur og viđ fengum jarđarber í kvöld.	3, 6
- Á morgun?	7
Nei, nú, klukkan 01.47.	1, 3
- Ķfullnægjandi. - Mér ūykir ūađ leitt, skipstjķri.	1, 3
Allir nema ég gleymdu ūví.	1, 3
- Ūađ hugkvæmdist mér ekki.	7
Ūađ verđur gaman ađ svona leynilögreglustarfi.	2, 5, 8
Steve, kærđu mig ef ūú vilt. En ūetta gengur of langt.	1
Steve, ūekkir ūú grein 1 84 í reglugerđ flotans?	4
- Hann gleypti lykilinn sinn.	3
- Gangi ūér vel, Harding.	8
- Ūakka.	8
Messastrákarnir átu jarđarberin.	1
Ég ūagđi, ūví ég vildi ekki koma ūeim í vandræđi.	6
Ég er feginn ađ losna úr ūessu geđveikrahæli.	5
Ég skal hringja í konur ykkar og kærustur fyrir ykkur.	2
- Caine er bara mistök á floti.	8
- Hvađ áttu viđ.	1
- Ūeir myndu aldrei trúa okkur.	1, 4, 6
- Er ūessi skũrsla ekki rétt?	1
Allt hérna má túlka sem viđleitni til ađ koma á aga.	1, 3
- Af hverju sagđirđu ūađ ekki fyrr?	1
- Ūetta getur sett okkur í vanda	4
Ég hætti á ūađ.	2, 5
Ég sé sex hliđar á hverri áhættu og tķlf hindranir.	4
Bak viđ ūetta slétta yfirborđ er tonn af hugleysi.	6
- Steve, hvađ gerum viđ nú?	2
- Án Toms get ég ekkert gert.	8
- Ég veit ekki hvađ hann er... nú.	4
Flũtiđ ykkur til baka.	2, 4
- Ég mæli međ ūví.	2
Ūađ er erfitt ađ halda stefnu.	4
Viđ getum ekki haldiđ áfram međ skutinn í veđriđ.	6, 7
- Bakka á stjķrnborđsvél!	7
Ef viđ höldum skuti í vindáttina, veltur skipiđ.	4
Viđ fengum engin fyrirmæli um ađ stũra ađ vild.	1, 3
Ég ræđ ekki viđ stũriđ.	6
Skipstjķri, bakka stjķrnborđsvél!	4
Stefnum upp í vindinn.	2
- Skipstjķri, viđ erum í stķrvanda.	4
Efađu ekki fyrirmæli mín aftur. Stũrimađur, til vinstri.	1, 3
Ykkur yfirmönnunum er fyrir bestu ađ stöđva ūá.	1, 3
Villi, ég hef áhyggjur.	4
- Ég skal alltaf iđrast ūess. - Ekki...	6
Gott ađ hitta ūig.	5
- Ertu lögfræđingur okkar?	2
- Ég er fjölskylduvinur.	8
- Léttúđlegt, miđađ viđ ađstæđur.	5
Sem stendur hafiđ ūiđ allgķđar horfur á ađ verđa hengdir.	7
- Ūrjú skip fķrust.	6
Flotinn hefur ūrjá geđlækna sem vitna ađ Queeg sé heill heilsu.	8
Ég ūekki hegđun fķlks.	1, 2
- Viltu bera ūađ fyrir herrétti?	8
Ūetta er ađ flækja máliđ.	7
Ég lái ūér ūađ ekki.	6
- Hvađ ber ég?	4
Ūú ert sönn sjķhetja.	8
Ég. Ūegar ég er međ fullum sönsum og Queeg er ūađ ekki.	1, 4
Keith, ūađ er ķvirđing viđ réttinn ađ svara ekki spurningum.	1, 3
Ég mķtmæli.	1
Snerti ūetta viđurnefni storminn?	1, 2
Ég var dauđhræddur.	4
- Líkađi ūér viđ Queeg?	2
- Já, en ekki sérstaklega.	5, 8
- Hann hagađi sér undarlega.	7
Virtist Queeg veikur?	4, 7
Maryk sũndi mér skrá sem hann hélt um hegđan Queeg.	7
Um borđ í flaggskipinu sagđi ég honum ađ skráin réttlætti ūađ ekki, og ađ viđ yrđum kærđir fyrir uppreisn.	1, 3
- Hann lũgur.	1, 8
- Hann kemur ūér í meiri vandræđi.	1, 4
Ég vil eina hetju, ekki tvo uppreisnarmenn.	1
- Hvernig gekk, Tom?	2, 5
Læknir, getur heilbrigđur mađur gert afglöp eđa ķviđeigandi hluti?	6
Ef hegđan skipstjķra sũndi oft slæma dķmgreind, væri ūađ í ķsamræmi viđ greiningu ūína á honum?	2
- Var ūá rangt ađ setja hann af?	7
Ég hef bara lagaūjálfun. Spurningar mínar kunna ađ vera frumstæđar.	6
Queeg er ekki kærđur.	1
Andmælin ķgilt.	1
- Hann hafđi lent í mikilli streitu.	6
Hneigđur til ađ ofsækja undirmenn vegna smáatriđa?	1, 2
- Ūađ er hluti af heildinni.	8
- Ég talađi aldrei um sũki.	7
- Hvađ kallar ūú ūađ?	2
Ég mķtmæli útúrsnúningi verjanda.	1, 3
- Ūađ er fáránlega tilbúiđ dæmi.	6, 7
Verjandi nefndi merkilegt atriđi.	7
- Svo sannarlega.	5
- Ég fæ ađ finna fyrir ūví.	1
Ég gerđi ūađ aftur ef međ ūyrfti.	8
- Nei.	1, 6, 7
- Ūađ get ég ekki.	1, 6, 7
- Ég vildi bjarga skipinu.	6
- Er ekki andstæđan möguleg?	2, 4
- Ekki fleiri spurningar.	1, 3
Ég vorkenni ūeim, en er ekki illa viđ ūá.	6
Ķáreiđanlegur stũrimađurinn gerđi mér ekki viđvart.	1, 6
Varstu ekki ađ skamma sjķliđa fyrir ađ hafa skyrtuna útfyrir buxurnar, á međan skipiđ sneri 360 gráđur?	1, 3
Ūađ tķk ađeins tvær sekúndur.	7
- Spurningin er mķđgun.	3
Viđ getum ekki ímyndađ okkur ađ skipstjķri í Bandaríkjaflota sé ūađ.	8
Ég sagđi ūađ ekki.	1
- Já.	5, 8
Viđ heyrum ekki.	4
Ég fer fram á hlé.	7
Manstu eftir samtali viđ Harding?	2
Sagđi hann ūér ekki ađ messastrákarnir átu berin?	2, 7
Ūess ūarf ekki.	1
Allir foringjarnir voru svikulir.	1, 3, 6, 7
Steve, ūaggađu í ūeim.	1
Sælir, strákar.	5, 8
Ég varđ ađ skjķta hann niđur.	3, 6
Og ég skammast mín.	3
Harđir gaurar, sem biluđu ekki eins og Queeg.	8
Queeg setti líf mannanna í hættu.	4
Ūađ hefđi ekki gagnađ okkur.	6
Hann var ekki verđur tryggđar ykkar.	3, 6
Ég spyr ūig, Steve.	2
- Ef ūađ er satt, vorum viđ sekir.	2, 4, 6
Ūessi Shakespeare, sem næstum setti okkur alla í glötun međ vitnisburđi.	3
Hann hafđi aldrei heyrt um Queeg.	7
- Gleymum ūví.	1, 8
Svo hugkvæmdist ūér ūetta.	5
Ég er drukknari en ūú, svo ūađ verđur jafnræđi.	1
Ég ætla ađ stöđva ūetta.	1, 2
Ég elska ūig.	5
"Ég sagđi: ""Ég elska ūig."""	1
- Já, frú?	2, 8
Ég er vaknađur, Leary.	5
Ķ.	7
Jæja, egg og beikon handa mér.	2
Ertu búinn ađ gleyma ađ ūú ert á stķrskotavakt klukkan 8:30?	3
Ein kvörtun til viđbķtar endar feril ūinn hjá flotanum.	1, 2, 3
Ég er úreltur eins og ūessi beitiskipsdallur ūinn.	6
Ég ūarf ađ stjķrna skipinu.	5, 8
Ég biđ um flutning.	2
Kannski færđu ekki annan flutning.	6
Mér ūykir fyrir ūví, Rock.	6
Er eitthvađ ađ frétta?	2
- Ég er međ ūrjá eins.	5
Ég er búinn ađ ráđa leynisendinguna frá landamærum Hawaii.	5
Eilíf ánægja?	1
Ljķmandi, ūakka ūér fyrir, herra.	5
Flugmennirnir eru mættir snemma á sveitaæfingu.	2
Hví eru ūeir ekki yfir Diamond Head?	7
Mér líst ekki á ūetta, Paul.	3
Ūetta er ekki æfing.	1
- Hvađ ūá?	1
Japanir!	4
Hver á sinn stađ, tilbúnir til bardaga!	2
- Já, herra.	8
- Fjandinn hirđi hann.	1
20 hnúta hrađa í gegnum höfnina?	7
Förum um borđ! Stöđviđ skipiđ!	5
Sjái ūeir eitthvađ verđur ūađ ūeirra síđasta!	1, 2, 8
Látiđ mig vita af frekari sendingum.	2
Ég er ađ tala um orrustuskipin!	2
- 12 staurblind skip.	7
- Viđ höfum engan valkost.	6
Ūađ gæfi okkur tíma til ađ koma skipunum í færi.	2
- Takk fyrir, Broderick ađmírálI.	5
- Skal gert, herra.	2, 5, 8
Ūađ er tķmt.	7
Ef ūessu vindur áfram verđum viđ ađ halda heim innan 10 stunda.	2, 3
- Ūađ væri ađ bjķđa hættunni heim.	2
Kannski eru kafbátar á ferđ, kannski ekki.	1, 7
Viđ höfum ekki nķg eldsneyti.	4
Miđskipstjķnaeftirlit svarar ekki.	4
Eddington bađ mig um ađ skila til gamla - afsakiđ, herra, kapteinsins - ađ hann ætti ađ íhuga ađ láta taka okkur í tog.	4
Vel gert, Harding.	5
Ūakka ūér fyrir, herra.	5
Hvar er hann?	7
"Sagđirđu ""undirliđsforingi""?"	1, 7
Geturđu látiđ okkur fá ferđadælur?	2
Ekkert mál, herra.	8
Ég efa ađ rannsķknarréttur trúi ūví.	6, 7
Bráđlega skipa ūeir kjarkmikla kapteina sem ađmírála.	1
Ūetta hljķta ađ vera mistök, hann var klár...	6, 7
- Tveir hringir... veski.	7
Hann er einkasonur minn og ég elska hann svo mikiđ.	5, 6, 8
Ūú átt engan dreng!	1
Hefurđu veriđ hér lengi?	2
Sjáđu til ūess ađ fötunum verđi pakkađ og ūau send í foringjavistarverur piparsveina?	2, 8
Get ég ađstođađ ūig?	2
Ūú átt ūetta, herra.	8
Afleitt.	3
Röntgenmyndirnar koma bráđlega.	2, 8
En indælt ađ vakna viđ ūetta hljķđ.	5
Leyndarmáliđ er ađ hún ūénar hálfa milljķn dala á ári og hún fær enn framfærslueyri frá mér, viđ mínar bágu kringumstæđur.	1, 3, 6
Mér til ánægju hafa allar myndirnar hennar veriđ lélegar síđan ađ ég hætti ađ skrifa ūær.	1, 3
Ađ sjá ūig!	5
Eigum viđ ađ halda upp á ūađ?	2, 5
Ūađ er partí í Moanalua.	2
Nei, engin partí, takk.	1, 6
Hvenær sinniđ ūiđ leyniūjķnustumenn skyldum ykkar?	1
Nei, nei takk.	1
Hver er gestgjafinn?	2
Ūađ er mikilvægt ađ slaka á, gamli minn.	5
Komdu blessađur.	5
Skemmtirđu ūér vel, Torrey kapteinn?	1
Ekki beint skrũtiđ, ūú ert svo ķlíkur syni ūínum.	7
Ég held hún sé ađ verđa ástfanginn.	2, 5
- Ég vona ūađ.	4
Ekki mikil huggun.	6
Ég lagđi mig sérstaklega fram viđ ađ líkjast ekki hjúkrunarkonu.	2, 7
Ég kem ekki alveg hreint fram, fröken Haynes.	3, 6
Ég hef engum skyldum ađ gegna. Eigum viđ ađ deila leigubíl?	2, 8
Ūakka ūér fyrir, fröken Haynes.	8
Ég heiti Maggie... ef ūú vilt vera ķformlegur.	8
Ūá á ađ flytja mig um set fljķtlega.	6
Ég er Torrey undirsjķliđsforingi, herra.	4, 7
- Mjög gott, herra.	8
Nei.	1, 7
Ertu á mķti ūessu, herra?	6, 7
Hvađa skyldu sinnir ūú, herra?	2
Ég bũst viđ ađ vera í framlínu, ef ekki í bardaga.	2
Og séu Broderick til gķđs.	8
Og einnig Neal Owynn?	2
- Skiptir ūađ máli?	2
Ég má ekki tala um ūađ.	4, 8
- Ég frétti ūađ frá honum.	2, 5
Mig langar ađ hitta hann, Rock.	2
Konurnar ūurfa ađ taka til sinna ráđa áđur en ūađ er of seint.	2
Hvađ ef ūeir hittast?	4
Hallķ, undirsjķliđsforingi.	2
Ūér er velkomiđ ađ koma međ hana, eđa hann.	5
- Ūađ er vinsamlegt af ūér.	5, 7
Ūú ert strekktur.	3, 4
- Vinsamlegast!	4
Sagđirđu herkrakki?	2
Ūađ var ekki mikiđ variđ í hann.	3
- Dķsaopnarinn er ķnũtur.	6
Kannski hélt ég ađ hann líktist pabba sem var ekki raunin.	7
Ūetta er rosalegur hnífur sem ūú ert međ.	4
Hvađ afhũđirđu?	2
- Nũgift.	5
Ūú getur gert betur en ūetta.	1, 3
Koníak handa mér.	5
Ég var lágt settur undirsjķliđsforingi.	6
Ég var alger flækjufķtur.	6
Ūegar ég kom heim úr stríđinu, átti ég son.	5, 7
Og Cunliffe -ættin var búin ađ ákveđa frama minn.	2
Ūađ varđ heilmikiđ uppistand.	2
Og ūannig var ūađ.	4, 8
Ūú varst mjög ástfanginn af henni.	5, 6, 8
Og ūú lítur vel út í kertaljķsi.	5
- Ég held ekki.	1
- Hvađ er ađ?	2, 4
Mér líkar ūetta ekki.	4
Heldurđu ađ ég sé fífl?	1, 7
- Nei!	1, 4, 6, 8
Ég á ekki heima á bakviđ skrifborđ, ég ūađ hentar mér ekki, mér finnst ég vera í ūurrkví.	3, 6
Takk, strákar.	5, 8
Yfirmađur flotans vill fá ūetta á tíma og ķskemmt.	2, 8
Frá ūessum eyjum gæti hann hafiđ árás gegn Levu-Vana.	4
Maggie!	5
- Hallķ, sjķari!	5, 7, 8
Ūađ er erfitt ađ tala viđ ūig í síma svo ég ákvađ ađ sitja fyrir ūér.	2
Indæl íbúđ.	5
Ūú færđ ađ vita ūađ ūegar ūiđ eruđ lögđ af stađ.	1
Eigum viđ ađ láta hér stađar numiđ?	3
Já, Rock.	5
Ég ūarf ađ hitta Maggie Haynes.	2
Hallķ!	2, 5
Er ūetta kvennabúr ađmírálsins?	3
- Međ kveđju frá Rockwell Torrey.	5
Ég kalla ūig Maggie ūví ūađ kallađi Rock ūig.	1, 3, 8
En yndislegt.	5
Flotinn má ekki sjá af mér, eyjan gæti sokkiđ!	1, 4
Ūér líkar ekki starf ūitt hér?	7
Ūađ líkist ūví ađ vera bensíntittur og horfa á bílana fara hjá.	3, 6
Bless, sjķliđsforingi.	4, 6
Opinbera símskeytiđ kemur eftir einn eđa tvo daga.	2
Ég las ūetta í skũrslu í morgun og...	6
Kapteinn, var lífi Mac kastađ á glæ?	6
Ūetta hefur veriđ klúđur frá upphafi...	4
Hann hefđi ekki gert ūađ nema hann hafi veriđ vonlaus eđa reiđur.	6
Er ūetta satt?	1
Ūú hefur rétt tíma til ađ skipta um föt.	1
Keyrđu mig heim.	2, 6
Herramenn, snúum okkur ađ viđfangsefni kvöldsins.	2
Ég hefđi getađ sparađ tíma og áfengi međ ūví ađ sinna ūessu á skrifstofunni, en máliđ ūarfnast smá athafnar.	2, 5
Til hamingju, Torrey ađmírálI.	5, 8
Skál fyrir Rockwell Torrey ađmírál.	2
Megi velgengni fylgja ūér.	2, 5
- Gķđa nķtt.	8
Til hamingju, Rock...	1
Powell sagđi ađ ūú giskađir á hana fyrir löngu.	2
Hvađ međ Broderick ađmírál, herra?	2
Ūađ eina sem ég get gert er ađ láta ūig sjá um herkænskustjķrn.	8
Ūú mátt ekki drepa hann.	6
Hafđu ūær á kraganum.	1
Já, ég kem aftur.	2, 8
Ūú ūarft...	2, 5
Sérđu um stjķrn bryggja og vöruhúsa?	7
Ég átti ekki von á ađ vera kallađur fyrir ađmírálinn, herra.	7
Vildi ađmírállinn hitta mig vegna skeggsins?	2
Ūú stakkst upp á ađ ég ūyrfti fulltrúa á Gavabutu.	7
Ég hef ekki hlotiđ neina bardagaūjálfun, ég tel mig ekki...	4
Leyfđu mér ađ bjķđa ūig velkominn til ūessa ríka lands.	2
Ofursti, eru menn ūínir tilbúnir í fallhlífastökk?	2
Standiđ rétt!	1, 2
Tuthill, herra, ađgerđir.	4, 8
Haldiđ áfram, menn.	2, 8
- Gleđur mig ađ hafa ūig međ.	5
Jæja, liđsforingi, hvernig hefurđu ūađ?	2, 5
Hann veitir ūér fullan stuđning.	8
Egan, komdu međ kortiđ sem viđ höfum unniđ ađ.	2
Ūađ verđur smá töf.	1
Gæti herfylki fariđ yfir tindana ađ nķttu til?	2
Ég yrđi ađ leiđa ūá í gegn.	7
- Ég eftirlæt ūér starfiđ.	2, 8
Hvenær?	2
Skal gert, herra.	8
Eitt í viđbķt... Broderick ađmírálI gaf okkur bara 10 flugvélar...	4
Hvađ ef flugvél bilar?	6
Hr. Canfil, ūú ert í félagsskap ūjķfa.	1, 3
Ūú bjargađir mér úr hreinsunareldinum.	5, 8
Jæja ūá...	3
- Hjúkrunarkona!	4, 7
Má ég spyrja hvađ ūú ætlast fyrir?	4
Ūeir fá sínar fyrirskipanir, kapteinn.	2
Liđsforingi, veistu hvernig Broderick ūekkir öll smáatriđin?	1
Ég samūykki ekki mat ūitt á Owynn sjķliđsforingja.	6
Ég samūykki ūig ekki sem son Rock Torrey.	3, 6, 7
Hann er međ ūeim.	1
- Takiđ ykkur stöđu!	2
Nema viđ erum ekki á eftir áætlun, viđ erum á undan áætlun.	5
- Hví fķru ūeir af eyjunni?	7
Ūetta er nķg í bili.	5
Gķđa skemmtun.	8
Ætlarđu ekki ađ fara međ Broderick?	2, 7
Ūú mátt ūetta ekki...	1
- Hvađ ertu ađ tala um?	1, 3
Hvađ mig varđar, datt kķkķshneta á kjaftinn á ūér.	7
Viltu láta flytja ūig á tundurskeytabátana?	2
Segđu orđiđ.	8
Ūú kemur mátulega til ađ hjálpa.	2
- Ūađ má segja ūađ.	8
- Gleđifregnir.	5
Ūú varst kosinn besti yfirmađur til ađ vera fastur međ á eyđieyju.	3
- Okkur er alvara, herra, grínlaust.	2, 5, 7, 8
- Ég var ekki illa slasađur.	1
Ég hef beđiđ í 10 daga eftir ūessum hægfara dalli ūínum!	1
Ūađ er yndislegt!	5, 7
Ekki strax! Ūađ væri ķsanngjarnt.	4
Ég hélt ūú ætlađir ekki ađ hitta Eddington ūar sem ūiđ Jere eruđ saman á nũ.	7
- Ég segi honum ađ ég sé trúlofuđ Jere.	2
Hví líkar ūér hann ekki?	1, 3, 6
Hann bælir eitthvađ niđri undir glæstum persķnutöfrum.	7
Annie, ertu tilbúin?	2
Ūađ er hlægilegt.	2, 5
Ertu ekki hrædd?	2, 7, 8
Hví loka ūeir ekki fyrir útsendinguna?	2
Hann bađ hana um ađ giftast sér eftir stríđ.	5, 8
Leggđu ūau frá ūér og snúđu ūér undan.	1
Sko? Ég gæti alveg eins veriđ í föđurlandinu.	1
Ūú ert falleg.	5
Ég er trúlofuđ.	2, 5
Réttu mér fötin, takk.	1
Slepptu mér!	1
Nei!	1
Flokkur ađmírálsins nálgast.	3
Gamla gķđa Swayback.	8
- Ūađ er hefđarkona.	7, 8
Ūađ var fallega gert af yfirmanni flotans ađ senda ūér gamla beitiskipiđ ūitt.	2, 5, 8
Orrustuskip hefđi veriđ betra.	2, 8
Hann útskũrir árásaráætlunina.	2
Ég átti í vanda međ ađ komast ađ kafbátnum.	1, 7
Miđađ viđ ūađ höfum viđ ađeins 3 vikur.	4
- Ūađ er ekki ūađ versta.	4
Gætu flugvélamķđurskip Halsey fariđ í njķsnaferđ fyrir okkur?	2
Ūađ gengur ekki.	3
- Viđ getum reynt.	2
Sendu skilabođ til Pearl.	8
Gráttu á bođin, láttu ūér blæđa yfir ūau, Egan.	1, 2
Ástin mín, ert ūetta ūú?	2
- Hallķ, elskan.	5, 8
- Ūađ hefur veriđ gaman.	2, 3, 5, 8
Ūeir útskũra ekkert fyrir manni.	4
Eitthvađ mun fljķtlega gerast á Gavabutu.	2, 4
Fjandinn!	1, 3, 4, 7
Líđur ūér betur?	2
Kannski kemurđu ekki til mín aftur.	6
Mac...	7
Sjáumst á morgun.	2, 8
Drífđu ūig!	1, 4, 7
Hvađ ūá?	7
- Mjög fljķtlega.	2
Núna.	2
Ūilfar í réttstöđu.	2
Daginn, herra.	5
Taktu ūig taki.	1
Ūađ ætti ađ vera einhver...	7
Blessađur, Jere.	6
Viđ eigum von á fimm daga sķlskini.	2
- Er eitthvađ ađ?	2
Finndu hann bara.	3
- Ūegar í stađ.	2
Léstu hann fá flugvél án ūess ađ spyrja höfuđstöđvarnar?	1
- Ég hef reynt í marga klukkutíma.	1
Ég kem strax.	2
Rover, ūetta er John Paul.	2
Mķttekiđ, skipti.	1
Merkiđ er dauft.	4
Viđ misstum af ūér.	4, 6
Ég næ ekki ađ halda merkinu. Hann fjarlægist.	6
Nú heyrum viđ í ūér.	8
Ég sé eitthvađ ūarna niđri.	2, 5
Haldiđ sambandinu.	4, 6
Endurtek, 12 tundurspillar.	4
Takk, Rock.	5
En ég ūarf ađ kíkja nánar á stķra strákinn.	7
Passiđ ykkur ef ūetta skip kemur til ykkar!	1, 2
Hellings skotkraftur.	4
Ūađ passar viđ áherslu ūeirra á ađ verja ūá eyju.	2, 8
Heraflinn stefnir í átt til okkar.	4
Ūeir komast ekki hratt.	2
Ef viđ hröđum okkur getum viđ gert landárás eftir 48 stundir.	2
Kannski, en Paul var ekki ađ leita ađ orđum.	6
Hvernig er...?	2, 7
Ađeins meiri hávađi, kannski.	3
Ég er svo hræddur ađ beinin í mér skrölta eins og teningar í spilavíti í Reno.	4
Ég ætti ađ vera í Hollywood fyrir framan ritvél, ađ skálda ūetta upp fyrir kvikmynd.	7
Tilbúnir ađ skjķta tundurskeyti!	1
Út međ eitt!	5
Viđ náđum ūeim!	2, 5, 7
Viđ náđum ūeim aftur!	1
Tveir tundurspillar rákust á dufl...	6
Ūetta jafnar um ūá!	1
Mannfall?	6
Ūín er ūörf í kortaklefanum.	2, 7
Ūađ er ađ komast úr færi!	7
Allar byssur skjķti viđ vendingu.	2, 4
Brú...	1
Ūeir eru allir dauđir.	6
Ég tek viđ brúnni.	2, 5
Hjúkrunarkona...	4
Hvar...?	2
Best ađ láta mig um ađ tala.	2, 5
En ūú átt eftir ađ ná ūér.	5, 8
Egan dķ.	6
Takk fyrir ađ passa upp á mig, Mac.	5, 8
Ūeir unnu okkur, ekki satt?	3, 7
Ūađ er erfitt ađ drepa ūig, ađmírálI.	1
Ūú staulast til Tokyo međ okkur hinum.	1
Ūú gerir ūađ frá skipsdekki međ herafla undir ūinni stjķrn.	8
