Radšej zomriem.	1, 3
Nemôže dať tvojim sestrám žiadne vená.	6
Jeanne!	4, 7
Upokoj sa!	1
Pochovajú ich za živa!	3
Jeho výsosť bola veľmi milosrdná.	1, 7
Váš návrh našiel u kráľa veľkú odozvu.	2, 5, 8
A tvoja loď?	2, 7
Ako dokáže piemontská flotila bez teba existovať.	5, 8
Budeme sa musieť stretávať pri iných príležitostiach.	2
- Zlatý.	2
Allesandro, čo si to porobil s mojou malou sestrou?	1
Nechaj nás osamote.	4
Ty!	1
Ale my sme šťastní!	5
Povedala som niečo zlé?	6
- Nemyslím si, že má svoje meno, či hej?	3
Bola ste veľmi tvrdá?	2, 4
Obaja predtŕčate vaše šťastie ľuďom popred oči!	5
Ustarostený, Výsosť?	4
Viete, čo by potešilo mňa, o mnoho viacej ako toto všetko ...	5, 8
Akej veci?	1, 4, 7
Už začínajú žiarliť.	5
Žiarlivosť vie byť veľmi deštruktívna.	6
Asi by som mal brať hodiny u de Verua.	2
Ten je vraj vynikajúcim šermiarom.	2
Na čom sa smeješ?	1
Rozdám si to s oboma!	1, 2
- Dvaja na jedného?	1, 4
Bezohľadný boj!	1, 6
Vojna, odteraz je vojna!	1
Pochválený buď Ježiš Kristus.	5, 8
Už nedokáže myslieť na nič iné.	3, 6
O čo viacej sa snaží potláčať tú vášeň, ... o to viacej je silnejšia.	4
Ani kráľ nemá požiadať manželku blížneho svojho.	3, 6
Tvoje viny sú ti už odpustené.	5, 8
-No desearás a la mujer de tu prójimo.	4
Povedzte kráľovi ... že sa pokúsim mu odpustiť.	2, 5
Môjho najlepšeho sokola. - Ale rád, Výsosť.	5, 8
Zaútočí zdola, brucho je mäkké, zraniteľné.	1
- Nie!	4, 6
Hrôza!	6
Vtedy sa nám rozprúdi rychlejšie krv.	8
Poznáš Alfreda Bruneleschoa, nášho tamojšieho veľvyslanca?	2, 5
Skúste si to.	2
Nemusíte sa báť.	2, 8
Tak teda musí ísť.	6
Vaše víno, Výsosť.	8
Čoho by som sa mala obávať?	4, 7
Naozaj?	2
Takže sa môj kuchár trafil do vašej chute.	5, 7, 8
Pán veľvyslanec!	1, 2
Nemôžem tomu uveriť.	4, 6, 7
Kedy odchádzame?	3, 7
- Fajn, až taká nebezpečná nie.	5
Pochopím?	1, 7
Bol by som nešťastný, ak by vám tá uloha sposobovala starosti, madam.	2, 3, 6, 8
Odmietni tu ulohu.	6
Čo je s tebou?	1
Dovoľ mi ísť s tebou.	2
Prečo ma nepočuvaš?	1
Pred dvoma rokmi si požiadal môjho otca o moju ruku.	5
- Alessandro, som v nebezpečí.	4
Môžeme vás niečim pohostiť?	2
Nebojte sa byť lepším ako ja.	8
Pred kráľom.	8
Počuješ ma, ktokoľvek postavenie rodiny Verua mu zabrani, aby to prejavil.	2
Niet najmenšieho dôvodu sa kráľovi vyhýbať.	2, 7, 8
Skôr sa zaujímaj o to, či mu dokážeš ty odolať.	4, 8
Nesmejete sa rada?	7
- Muži musia neustále niekoho naháňať.	1, 2
Prečo troška nepodložíš?	4, 7
Jej Výsosť kráľovná!	2, 8
Ako vidím dámy hrajú faraona, bez dobrej hry by sa tá zima nedala vydržať.	5, 7, 8
A čo ste také mali?	1, 6
Príklad pre nás všetkých.	8
A o akú úlohu sa jedná?	7
Cítim sa ako roztrhaný na kúsky.	6
Sám seba nespoznávam.	6
.. ktoré ma požiera vždy keď na teba myslím.	2, 5
Nikdy!	1, 3
Každý je nahraditeľný, ... ty však nie.	5, 8
Tak otvorte okná!	1
Nemyslíš na budúcnosť tvojho syna tu v Piamonte?	2
Nechaj ma odísť do Paríža.	6
To kvôli mne?	2, 4
Ano.	2, 5
Ja nie som dôležitá, kráľ je dôležitý.	2
Ja milujem kráľa.	5, 8
Nie sme také dôležité.	6
Výsosť, zmilujte sa nado mnou!	4
Prosím ťa, pomôž nám!	4
Odpusť mi.	6
Tak ako mu patrím aj ja ako jeho minister.	8
Ako môžete byť len taky zlí?	3, 6
Ano, chcem, aby si nechal priviezť rodinu môjho manžela.	1, 5
- Pretože to tak chcem.	1, 2, 3, 8
Dobre.	8
Ale mne hej.	5, 8
Čo som také urobil?	4, 7
Pomstiť?	7
Skôr by som to nazvala ... zadosťučinením.	1
Dúfal si, že sa všetko odohrá poza tvoj chrbát, ...zatiaľ čo ty si pri svojej tajnej úlohe.	3, 6
Čo som mohol robiť?	1
Nie som predsa blázon.	6
Mal som iba jednu obavu, že ťa stratím	4
Ty si chcel, aby ma dostal.	2
Povedala si, že ma miluješ a že ma budeš stále milovať.	5
A čo si povedal ty?	2
Ja sa už nikdy nechcem vrátiť do Turína.	3
Ja nie som tvoj kôň.	6, 7
Ty si môj domov.	8
Preháňaš.	1
Absurdné!	3
Na to je až príliš naivný	6
Toto sú ministri a poradcovia, ktorím môžeš dôverovať.	8
Momentálne nie.	3
Ja som si povinnosť splnila:	8
Hovorí sa tomu kurva.	1, 3
- Na jej rozkaz padajú hlavy...	6
Ano, o tom som presvedčená.	5, 8
Krvavé opojenie!	1, 4
Kto je tá žena?	7
Snažíme sa ako môžeme podporovať umenie.	2
Tá zrúda!	1
Zobrala si tiež môjho Tintoretta.	1
Takže aj on?	2
Prosím, pokračujte.	6
a keď tí fracúzi prídu, kde budú naši španielskí spojenci?	2, 7
... a nevohnať ich do ich vojny?	2
Pošlite ma do Paríža.	2
Teba?	7
Možno túto vojnu potrebujem.	8
Tak to teda podpíš!	1, 2
Chceš aby som sa ti prosíkal.	6
Nechaj!	1
To sa ti zahojí.	8
Ťahajte ...	1
Stoj!	1, 3
Urobte niečo!	4
Robíme, čo môžeme.	8
Len žiadne jazvy.	2, 5
Žiadne jazvy!	1, 4
Pane, kanfer je jediný liek, ktorý máme.	4, 6, 8
Prečo nie si pri tvojom vojisku ....	1
Drahá!	5
Dúfajme, že sa už nikdy neprebudí.	6
- Celá horím.	4
Spolu to dokážeme.	8
Uplne si sa zmenila.	3
Nie, ostaň dnu.	1, 2, 4
Spáľte ten zámok!	1
Spáľte tú francúzsku kurvu!	1, 3
Myslia si, že Boh trestá kráľa, pretože má francúzsku kurvu.	1, 3
Nech idú do pekla!	1
Je mi úplne jedno, či sa páčim Bohu.	1, 3
Čhceš vedieť ako sa volá jej kapitán?	7
Oddychuješ.	5
Chcem to iba zmeniť: v našich životoch, v našich domoch.	2
... namiesto tých starých.	2
Klamať moc nevieš, Jeanne.	1, 3
Nikdy si nevedela.	6
Nepozeraj.	1, 8
Je to ako mrtvy had.	3
Mám pre teba prekvapenie.	5
Je to pre mňa také ľahké ako ešte nikdy nič v živote.	2
Bojíš toho, že stratíš svoj zámer:	1, 3
Samozrejme, condesa!	8
Charles, braček!	5, 7
- Francúzske námorníctvo vie všetko.	4
Nehovor tak.	1
Bláznom nikdy nebol.	5, 8
Chceš naozaj utiecť, si si tým istá?	3, 7
Myslím si, že ťa napriek všetkému robí šťastnou.	8
To tá noc.	4
Spanikárila som.	6
Som uväznená.	3
Prosim!	4
A čo Rívoli?	2, 7
Ponechaj mi moje tajomstvá.	7
Prestaň ma kontrolovať.	1
Prečo sa tak na mňa divne pozeráš?	4, 7
Hej, nikdy nevieš, čo vidíte... či si myslíte.	7
Mám rada môjho brata.	5, 8
Ja mám rád teba.	5, 8
Zastavte!	1
Tak si mi chýbal, maličký!	6
Už ma ani nespoznáva?	6, 7
Nerón na teba počká.	8
Nemusíš sa báť.	5
Všetko je tuná, condesa.	5
Choď už!	4, 7
- Žiaden strach, budem rýchla ako vy.	8
Tuná to musí byť.	2
Bože!	7
Nie,Výsosť!	1, 4
Máš pravdu.	8
Prepáč.	6
Vstúpte!	1
Bojuj!	1, 2, 5
Zbabelec!	1, 3
Tak už niečo povedzte.	4
Bolo by tie milšie, ak by ma Verua zabil?	1, 6, 7
Patrí teraz tebe.	8
Von!	1, 4, 6, 7
Bože, prečo teraz?	1
A využili sme ju?	8
Tej sa obávame všetci.	4, 8
A to akceptovať.	2
Odíď!	2
Ochranári to nazývajú katastrofou.	1, 7
Najväčšia hrozba nášho národa.	4, 6
Atentát je zatiaľ posledným Cainovým útokom, Predchádzal mu bombový útok na kliniku pre liečbu drogových závislosti  Výsledok: 5 mŕtvych.	1, 3, 4, 6
OCP nám znížila platy o 40%. Zrušili nám dôchodky.	1
Boh vie prečo? Ale oni chcú tento štrajk.	1, 3
Moje oko! Vy štetky!	1
Drž hubu ty hajzel.	1
- auu! - lámeš mi ruku!	1, 2, 4
- dostanem vás vy štetky, zabijem vás!	1
- no tak! Rýchlo poďme!	2
Kde máš k tomu náboje, chlape! Čo?	1, 7
- policajti štrajkujú, somár!	1
Paráda...	5, 8
Skurvení poliši!	4
Ale to nie je moje!	4
Nehýbať sa.	1
Dámy, kryte sa.	1
Predsa nestrieľaš na deti.	1, 3
Zahoď to, lebo ju zabijem!	1
Lewisová... Schovaj to.	1
Naozaj! To nedovolíme.  VYZNAČENIE DRÁHY	1, 6
Takže... Cítiš sa byť človekom?	2
Odpovedaj mi!	1
Uvedomuješ si vôbec, čo robíš tej úbohej žene?	1
Špehovať ju, snažiť sa jej nanútiť že jej muž žije.	6
Si človek?	2
A nič viac.	6
To bude stačiť.	2, 5, 8
Nespoznávaš ma?	4, 7
Sú studené.	3
Ospravedlňujem sa za tu trošku, nepohodlia ctihodnosť.	3, 4, 6, 8
20 minút v špičke, nie je, troška nepohodlia.	5
Dobreee k veci. Kedy začnete platiť policajtom a aby sa vrátili do práce?	2
Čo si myslite ako zoženieme toľko peňazí pri súčasnom stave veci?	1, 2
Takže raz nezaplatíme a vy nás môžete vyhodiť?	7
Nevidíte koľko ľudí tam denne zomiera?	6, 7
Veď vy ste vrahovia!	1, 3
Toto nám zaplatíte.	1
Som až veľmi trpezlivý, Johnson.	2
Veľmi rád vám predstavujem... Robocopa 2.	5, 8
Keď im toto všetko zoberiete, nedivte sa, že páchajú samovraždy.	1, 3, 6
Nie, pane	8
Nezabúdame, kto ste!	1
- jeden po druhom!	1
Už lepšie sa nedali kúpiť.	5
Dúfam, že máš pre mňa niečo - poriadne, dôstojník.	2, 3
- jeden poliš na auto?	2
Díky.	2, 5
Mal by si to prerátať.	2
No tak, Duffy...	2
Nevstávate zajtra do školy?	7
Poliši!	7
Kde je Cain?	1, 2, 7
Prečo si prestal?	7
Som unavený.	2
Myslíš, že ja ťa týram?	6
No tak? Nechaj to tak!	2, 7
Oh, pane bože. Pozrite sa.	3, 6
Ja to vidím.	4, 6, 7
Hovno.	1
Ty s kurvy syn.	1, 3
Ešte sa uvidíme.	1, 2
Oh, paráda, vy ste fakt najlepší!	5
Tak čo? Poliši moc neotravovali, že nie ?	2
Hej, Cain.	7
Len také srandičky, ja sa fakt bojím...	1, 4, 6
Drž hubu.	1
Zaslúžiš si to, Duffy.	2, 5
Ale... To sú zločinci.	7
Maniaci.	3, 4
Predčasne ich hodnotíte.	1
Ja si skutočne myslím, že musíme hľadať tu.	2
Hneď stým idem k Johnsony.	2, 5
Nooo, my predsa nebudeme vyrábať hračky, Johnson.	1
Faxxová vie čo robí.	8
- chápte ako je pre nás dôležitá.	4
Nemôžem inak ako s vami len súhlasiť, pán Johnson.	8
"my? Kto je to kurva ""my""?"	1
Je na čase ho zmodernizovať a... Tak chcem počuť váš názor.	2
Mohol by hovoriť o ochrane prostredia.	2
Musím ísť.	6
Čo chceš?	3, 7
Porucha v systéme.	7
Odpovedz.	1
Kto si?	2
"Je ""dojatý""."	5
Ďakujem, že sa staráte.	5, 7, 8
Je geniálny.	2, 5
Mali by sme si pohovoriť.	4
I keď si môžte myslieť, že je to zábavne. Vy len ubližujete svojím blízkym.	6
Padáme.	2
Mali by sme ísť príkladom.	2
Je mi fajn.	2, 5
Padaj jebať chladničku, ty kokot.	1
Ty si blázon!	4, 7
Poďme.	1
Posrali ho.	6
Musí byť úplne mimo.	6
Natlačili mu tie kraviny do mozgu. Musí poslúchať.	1
To sa nedá, nie s týmto vybavením.	6
Neverím ti!	7
Môžem ním prehnať pár tisíc voltov a modliť sa aby to izolácia vydržala.	1, 2
Zavolám pomoc!	4, 8
Poďme! Ne dotýkajte sa ho, je horúci.	4, 7
- poďme na to. - uhnite!	1, 7
Cain ma sere.	1, 3
Za krátko sa rozšírime po všetkých mestách.	2
Dáme im možnosť kontrolovať... Ich emočné prejavy.	2, 8
Vďaka, Frankie.	5
Frankie...	3
Do riti! Bože!	1
Stačí sa natrieť a ste v bezpečí... Ochrana pre novú éru	2
Ten človek je sociopat, mysli si, že je boh.	6
Musím ťa mať.	2
O čom točíš?	1
- ja si nepýtam povolenie.	1
- kurva, Cain nás potrebuje!	1
- zabil by ťa, keby to počul.	1, 4
Za chvíľu sa začneš triasť, Angie.	4
Nie si na tom dobre.	3, 6
Ty malý bastard.	1
Od teraz budeš robiť čo ti poviem, Angie.	1, 2
Je mi ľúto náš pacient zomrel.	6
Dobrovoľník?	2
Tak to mal dobré srdce.	5, 8
Držte palce.	1, 2
Je krásny a čistý.	8
Paráda.	2, 5
Vďaka, vďaka!	5, 8
Ako sme zatiaľ na tom, Carrie?	2
Myslím... Že mesto je zachránené.	2, 5, 8
Tak... Teraz ma dobre počúvajte.	1
Ak mesto zaplatí budeme porazený.	2, 4, 6
Myslím, že je to ešte horšie, pane	6
Máme možnosti na sledovanie pána starostu.	8
Ako som povedala, pane Je dôležité, ako ďaleko môžeme ísť.	1
Tak to je už priveľa!	7
Ale pamätáš si toto, že?	1
Dobrý.	5, 8
Toto sa mi neľúbi.	3
Tak páni...	2
- nemyslíte, že to stačí? - samozrejme.	4
To neznášam!	1
Má to celé premyslené.	5
A tak nám dajte pokoj. A každý kto ho bude chcieť...  Ho dostane.	1
Takže koniec zločinu.	5
Z vás bude starosta čo vyčistí Detroit.	2, 5
Ne myslíte, že má pravdu?	2, 4, 8
Rýchlo!	1
Je mi zima.	6
A choď preč.	6
Zostanem tu.	2, 8
Väčší ako ty.	1, 3
13 mŕtvych vo včerajšej nukeovej masakre.	4
Pokúšalo sa mesto uzavrieť zmluvu s narkobarónmi?	1, 4, 7
Náš starosta, Kuzak.	2, 8
Tu je, sto poschodový. Darček OCP pre mesto Detroit - mestu áut.	8
Táto veľkolepá stavba bude sídlom novej vlády nového Detroitu.	2, 5
A tak... Priatelia,  Predstavitelia mesta,	2
Chystáme znova vybudovať nové mesto tam... Kde dnes stojí Detroit.	2
Špeciálne tu vítam starostu Kuzak, a jeho budúcu administratívu.	2
Postavíme pre ne veže zo skla a ocele.	2
Každý občan bude mať svoje obydlie. Čisté a bezpečné.	8
Nebuďte nostalgický.	1
A tí vám nedovolia toto všetko zrealizovať.	2
A tak potrebujeme novú poriadkovú jednotku schopnú zvládnuť nepriateľa na jeho vlastnom území, A ktorá bude vybavená dostatočným množstvom zbraní.	4
Dámy a páni... S veľkou radosťou...  Vám odovzdávam...	5
Čo sa deje?	2
Ja sa asi zbláznim.	7
Čo poslali?	4
Je to niečo na čo môžeme byť pyšný.	2
Pritom sa ich denne vyrábajú stovky... Vo fabrikách kde ľudia drú do zodratia  Aby zničili našich priateľov, našich milovaných, naše deti.	1, 3
- Oh, to nič nie je.	6
- vypnite ho.	1, 2
Tá vec je zabijak!	1
Toto začína pre nás vyzerať dosť zle, Johnson.	4
Zožeňte nejakú výhovorku.	2, 5
Padaj!	4
- ja už musím ísť.	4
Mŕtvy nám aj tak problémy robiť nebudú.	1
Nó, eh... Môžeme očakávať to najhoršie, pane...	4
Viete, že spravím aj to posledné...	2, 5, 8
Si v poriadku.	2, 4, 5, 7
Sklamala som.	6
Pozrite sa čo spravili.	3
Ten s kurvy syn sa z toho vyvlečie.	1, 7
(Zap things) Ty si skutočne tak blbý?	1
Kurva!	1
Svetlo! Zošaleli ste?	1
Tak čo keby ste sa vy sráči... vyhli problémom?	1, 2, 3
Ticho!	1
Nemysli si, že táto sračka je sranda.	3
Kľud. Ja viem, čo je tento odpad zač.	1, 3, 8
To je všetko len šou.	3
Sústreď sa.	2
Skurvysyni!	1
Nechaj... ty sráč!	1
Skonči to.	1
Ja nechcem takto odísť.	6
Prečo tu nie je moja mama?	4, 6
Pane... je toto Nebo alebo nie?	4
Uč sa. Uč sa čítať, chodiť, hovoriť, usmievať sa a aj bojovať.	2
Slúžiť krajine.	2, 8
Otvor dvere!	1
Povedz im, aby otvorili dvere!	1
To ti pristrihne krídelka..	6
Začneme jednoduchým programom.	2, 8
Ak to stlačíš tu, môžeš kresliť.	2
Tu sú zbrane, ktoré používame.	4
Priprav sa.	2
Sadni si tam.	8
Dobré pre začiatok.	5
Želám si, aby to už skončilo.	6
Zmysel pre humor.	8
Máš priateľky?	5
Budúci týždeň mám 20 rokov.	2
Mám tu pre teba skvelý program.	5
Neviem.	6, 7
Všetko najlepšie.	5
Potom už nemôžem nič viac robiť.	6, 7
Pozeráš sa na moje ruky?	1
Voľakedy boli nádherné.	5
A nezabudni... Sú dve veci, ktoré nemajú hranice.	2
Mám ísť?	1, 6
Ako obyčajne, pane?	5, 8
Sleduj.	2
Je nabitá.	2
Máme tu problém.	4
Otvor dvere, ty kretén!	1
Zajtra ideš von!	1
Budeš mi chýbať.	6
Ostaňte stáť	1
Výplatu budeš dostávať v banke naproti nemocnici.	2
Perfektné.	5, 8
To nemôže stáť viac, než 10 frankov. Takže 10.	2, 5
Nevadí. Jedz.	3
Dnes sa stalo niečo zábavné ... v obchode.	5
Vychladne to.	4
Postavila som vodu.	2
Vaša jasnosť spala dobre?	2, 5, 8
Pozval som Léona v sobotu na večeru.	5
Mohli by sme niečo rozbehnúť.	2
Žiadnych príbuzných, žiadnych priateľov...	1, 2
Hotelová služba, dobré ráno.	5
Tu je Bob.	2
Mám sa dobre.	5
Chcel som ti pogratulovať.	2, 8
Bude mi potešením.	2, 5
Strýko Bob?	7
Ona je v kúpelni.	1
Moment. budem žiarliť.	4, 6
Posledný kompliment, dobre?	2
Som si istý, že aj vďaka Vám.	5
Keď mala 8, bola veľmi pekné dieťa.	5, 7
Nosila stuhu... a vždy mala biele šaty.	8
Ja som ju videl jedno leto, keď si jej rodina prenajala farmu.	6
S ostatnými tam bolo 20 detí... ktoré všetky robili neplechu.	1
Marie mala svoju špecialitu.	5
Keď sa vrátila domov... premočená skrz naskrz, mala vždy rovnakú výhovorku:	1, 8
Nie gondolu, nie gondolu...	4
Ja tiež.	8
Som hladná.	6
Haló? Joséphine?	7
Áno.	8
Zbraň zložená.	5
Tu nie je žiadna zasraná kľučka!	1
..s ktorým by som zdieľal život.	6
Môžeme sa porozprávať?	4, 6
Neviem, čo sa deje.. čo si prežila... .. že si sa dostala do tohto stavu.	3, 6
Ale aj to najhoršie by mohlo byť úľavou.	1, 6
Cieľ v dohľade za 10 sekúnd.	2, 4
Nemám ešte informáciu.	6
Rád ťa vidím.	5
Chýbajú mi časy, keď som ťa mal pre seba každý deň.	6
Myslel som na teba.	5, 8
To je preto, lebo ťa milujem.	5, 8
To je ale privítanie!	5, 7
Šampanské!	5
O to je postarané.	5, 8
Je tu za svojou milenkou.	8
See you later.	5
Nezaujímame sa o neho.	3
Takže vieme, kde hľadať.	2
.. si ma vystrašila!	4, 7
Ako že tak pekne voniaš v nemocnici?	5, 7
To je moje tajomstvo.	2
Marie-Hélćne, ako sa máte?	7
Chlapík, ktorý mi bol osinou v zadku ešte predtým, než som vláčila jeho obraz.	1
Whisky.	5
Zmenili ho.	1, 6
Do četra s vašimi zasratým čističom!	1
Neser ma !	1
Victor, musíme sa najprv porozprávať.	2
Upratujem vašu špinu.	1, 3
Do riti, on nie je mŕtvy!	7
Pomôž mi.	1
Choď si sám... na ambasádu!	7
Nikam nebudeš volať.	1
Uvidíme sa za hodinu.	2
Prosím, poďme preč!	4
Kto je to?	4
Pane? Čo sa stalo, pane?	4
Sú pripravení.	8
Stop!	1
Jedna rýchla jazda a potom sa vrátime.	2
Prosím zastav!	4, 6
Tá práca je príliš tvrdá pre teba..	3
Nesmú zostárnuť.	6
Viem všetko, Marie.	1, 3
V nemocnici nikdy nebola zamestnaná Marie Clément.	1, 2
Tiež viem o ... sledovačkách, maskovaní... video kazetách.	4, 7
Pretože milujem len teba.	5
Môj malý Marco.	8
Si tá najlepšia osoba, ktorú som kedy stretla.	5
Nemyslíte, že ... už splatila svoje dlhy?	6, 8
Budem sa snažiť... ale je v nebezpečí, Marco.	4
Trafil som ho. Išiel k zemi.	8
Čo?	2
On má námietku a ona ju vždy prijme. Stará láska nehrdzavie, pravda?	7
Na obhajobu alkoholu musím povedať, že som robil sprostosti, aj keď som bol triezvy.	6, 7
Ale nechcem to toho ťahať dcéru, ani nikoho z kancelárie, aby z toho nerobili veľkú vedu.	4, 6
Bolo to hlavne pivo, ktoré som mal po večeri, zmiešané s liekmi proti bolesti, ktoré stále beriem, odkedy si ma postrelil do zadku.	1
A ak si kamarát, tak urobíš to isté.	2, 8
Dlžím ti láskavosť.	8
Práve sme nastupovali, keď sa to stalo.	1, 4
Šiesti hlásení zranení, dvaja sú na ošetrovni, dvaja viac zasiahnutí boli prevezení do Norfolkskej nemocnice.	4
Nedá sa prečítať meno na jej známke.	1
Niekto, koho poznáme?	7
Vďaka bohu, všetci ste v poriadku.	5, 7
Máme celkom dobrú predstavu.	2
Bomba?	4
Nič neuznávam.	6, 7
Nie vy. Nie agent Gibbs.  Ja.	6
Neverím, že sa opäť musím sám brániť, pred činmi toho kriminálnika.	1, 4, 7
Gibbs, je mi ľúto vašich strát.	6
Aj ja som musel niekoľkých oplakať, ale v tomto sme spolu.	1, 2, 5, 6
Veľa rúk stálo za stvorením Sergeja.	5
Ale teraz mi prosím povedzte, čo môžem urobiť.	2
Choďte mi z cesty.	1
Pane, veď je to ešte len dieťa.	3, 4
Kým nepríde zbabelec s bombou.	1
Pozbierali sme črepiny z granátu.	4, 8
Teraz!	2
Poďme, hýbte sa.	2
Čo tým chceš povedať?	1
Emily, prečo stále používaš mamin telefón?	1
Potrebujem ťa hneď vidieť.	2, 4, 5
Som kapitánkou reprezentačného družstva a nováčik.	8
Hádanie sa, mám tak trochu v krvi.	6
Pokúšam sa mu pomôcť, ale nepočúva ma, a aj ja sa musím stráviť vlastný smútok.	6
Potom mu nesmieme dovoliť znova zdrhnúť.	1
Použil granát?	7
Na obed!	5
Predtým než som počul o bombe.	1, 4, 6
Nemôžeme ho kryť, Gibbs.	1, 6
Upracem Fornella z cesty.	4, 8
Chceš opustiť svoj tím?	1, 6, 7
Možno som to ja aj Fornell.	7
Nikdy by som nepovedal, že sa dožijem tohto dňa.	7
Pre svätého Jeremiáša Johnsona.	7
Robíš si srandu? !	1
"Ja som povedal ""poďme."	2
Čo tu dopekla robíme?	1, 4, 7
Preto sme tu?	7
Ak sa chceš zabiť... mne to nevadí.	1, 6
Do toho.	2
Gibbs sa stále neozval?	2, 4
Podpichuješ?	1
Ak ale, nemá nejaký plán.	2
Možno to zistíme.	4
A ty si nám to nepovedal?	6, 7
A nechcem, aby sem niekto chodil keď im po zložení povieš, kde som.	3
Na začiatok mi povedzte novinky.	1
Nechceš nám niečo povedať?	1, 2
Fajn. Vyhral si.	1, 3
Máš pocit, že dávať mi sekeru v takejto chvíli je dobrý nápad?	1
A pozrite sa naňho teraz.	1
Keby sme oň prišli, nevadilo by nám to.	2, 8
Posádka bola milá.	5, 8
Neverím, že Katie je mŕtva.	6, 7
Najveselšia CS-3 akú ste kedy stretli.	5
Kto by niečo také urobil?	1, 2, 7
Všetci traja.	2, 5, 8
Z ktorej ste sa ty a Tony vykrútili.	6, 7
Nevykrútili. Pracovali sme.	6, 7
Ale umožnilo im to byť najlepšími kamošmi.	5, 7
Si snáď moja matka?	1, 4
Nepotrebujem, aby si kontroloval moje nasávanie.	1
No mne nie. A nepotrebujem ani toto.	1
Končíš. S čím?	1
Alebo možno zosmiešňovať odznak.	4
Nie v tomto stave.	1
Nepsychológuj Gibbs. Nie si na to oprávnený.	1, 3
Vieš na čo sa pýtam.	1
Viním seba. Ja môžem za jej vraždu.	6
Ale aj o tebe, aj o Diane, a o pití, je to o všetkom.	1
A teraz skutočne potrebujem drink.	2
Ešte len začíname riaditeľ, a je sa cez čo hrabať.	2
"Náš ""priateľ"" Anton."	3
Keď nikto z nich neprerazil,	1, 2
To vysvetľuje ešte viac.	5
Toto je Amerika. Hovor po Anglicky.	1, 3
Sme úplne sami, uisťujem ťa.	8
Keď si ma naposledy uisťoval, stratil som dobrých mužov.	1, 3, 6
Tvoja krvná pomsta sa ťahala už dosť dlho.	6, 7
Prečo tá náhla zmena názoru?	2, 7
Povedz mi. Presveč ma.	8
Pritahni ju sem. Drž ju.	2
Áno, mám ju.	2, 8
Nádhera! Pozri na ňu.	5, 7
Tá bude aj pre dvoch.	8
Problémy v detstve.	6, 7
- Zavoláme mu?	2, 7
Ten stolík nebol úplne najhorší.	6
Vieš, Diane vždy strčila pod jednu nohu zakladač, aby nás upozornila, že sme merali zle, ale nikdy sa ho nezbavila.	1, 5
O ničom takom neviem.	4
Ale na to, aby taký grantát vybuchol ako tento, to chce rozbušku.	4
Toto vyzerá skvele.	5
Je prirodzené byť nervózny.	8
A v žiari hnevu som jej povedal, že naše spolužitie, náš opätovný zápal romantiky, bola veľká chyba.	6
A odišiel som.	1
Preto dúfam, že som nestratil svoj telefón.	4
Pozri, môžeme zabudnúť na minulú noc?	4
Myslím, že to môže fungovať vďaka maličkostiam.	2, 8
Jethro mi akurát napísal, aby som sa s ním stretla, no zavolaj mi akonáhle to bude možné, dobre?	2
Umrela s pocitom, že by mohol byť medzi nami koniec.	4, 6, 8
To boli posledné slová, ktoré ma počula povedať.	6
A preto si neviem odpustiť.	6
To je tvoja jediná šanca.	6
Predtým, ako včera vybuchla bomba, pamätáte si, že by ste videli tohto muža?	2, 6
Čo sa deje? Môj syn potrebuje pokoj.	1, 7
My... chceme sa opýtať ešte pár otázok.	4
Nie je to Sergei?	7
Ja to viem.	8
A cením si to, Gibbs.	5
Sergei nie je priateľ.	1, 3
Prišiel som do tejto krajiny splniť si svoj americký sen.	4
A robil som to roky, kým Sergei minulý týždeň nevkročil do môjho obchodu.	4, 8
Ale nie to dobré.	6
Je prenosný, s veľkým dosahom, veľmi drahý.	2, 7, 8
Ja ťa poznám... Ty si ten sukin syn čo mi zabil ženu.	1, 3
To ti nikdy nepoviem.	3
Vrátiť čas?	1
Toto je medzi ním a mnou, a nikým ďalším.	1
Vyzerá to tak, že máš niekoľko možností.	2, 5
Mishnev je stále mŕtvy.	6
Znie to tak, že je naše načasovanie perfektné.	5
A ja som myslela skôr na sushi?	7
Čokoľvek budeš potrebovať, je tvoje.	5, 8
Nejaké detaily, ktoré mi unikli a mal by si mi o nich povedať?	2
Priznám sa, že som bol nervózny.	4
Z počiatku bol podozrievavý, ale mal si pravdu. Keď som mu povedal, že vražda Nelly Beninovej bol podfuk, uveril tomu-- dalo by sa povedať-- chytil sa ako ryba na háčik.	2, 5
I.S.I posiela niekoho dôležitého na stretnutie CIA.	2, 7
Skúste suterén.	2
Ten idiot sa objavil v jeho TV, a ja --	1, 3
Ďakujem.	2, 5, 8
- Nie.	4
Nevieme s čím máme do činenia.	4
Kde do pekla sú?	1
Asi sa to zvrtlo na nejakú večeru, výrobu plagátov, spievanie.	3, 7
Chceš ma poúčať ako mám vychovávať svoju vlastnú dcéru?	1
Dobre, ale mám urobené všetky úlohy.	8
Zostávam.	2
Musíš nám povedať či to chápeš.	8
Ale potom v tom musíš žiť.	3, 6
A ten zápach -- zostáva, však to poznáš.	3
Je to pekné miesto.	5
Je to domov.	5
Prepáč, že som ťa prepadol tak neohlásene.	6
Vieš, občas sa s ňou rozprávam, a prosím ju, aby ma prebrala.	6, 7
To je pekné.	5, 8
V práci som počula klebety o tvojom manželstve...	8
Vážim si toho, agent Beeman.	5, 8
Uvidíme sa zajtra. Áno, uvidíme.	2, 5, 8
Hans mi dal znamenie.	1, 6
Je v poriadku?	4
Ona si to nevezme.	7
Stretnem sa s tebou potom, keď povieme.	2
Áno, Ja viem, ja viem.	3, 6
Čo tu robím, Clark?	7
- On -- on je priateľ.	4
Nemohol som si byť istý, či je tvoj byt v bezpečí.	4
Čo budem robiť, Clark?	4
Odpočúvali by ti telefón, sledovali by ťa 24 hodín, a neprezradili by sa tým, že by poslali agenta Beemana.	4
Sľubujem.	2, 5
- Meškám na schôdzu.	7
Obviňuješ ma z niečoho?	1
Nasadil si plošticu?	1, 2
Nie.	1
Možno ona zabila môjho partnera, Chrisa Amadora.	1, 3
Nemôžete tam ísť a niečo povedať?	1
Srandujete?	1
Máš s tým problém.	1, 2
Mám.	5, 8
Ako si praješ.	1
Ibaže hľadá niečo iné.	7
Je to Roger, s ktorým sme išli do Podmorského Sveta?	7
Je naozaj náš bratranec?	7
Bola naozaj chorá?	7
Nedotýkaj sa ma.	3
Paige...	1, 3, 6
Ako sa všetci máte?	1
Iba to je -	4, 6
Tvojej mame nebolo dobre, a potrebovala čas na zotavenie, aby jej bolo lepšie.	6
Nie všetko je klamstvo, Paige.	1, 6, 7
Tvoja mama povedala, aby som ťa priniesol v tú noc, hoci bolo neskoro.	2
Ja neviem.	2
Mám tu nejakého dôstojníka pre Abassina Zadrana.	2
To bola nádej.	5
Prečo si myslíte, že sa už nebojuje v Haji Satar alebo v Rahime?	2
Všetko čo chceme, je žiť v krajine našich otcov v mieri.	4
Oni chcú bojovať a zomrieť ako mučeníci.	3, 6
Jeho telo a šaty nasiaknuté krvou?	4
Ja som ten, kto podrezáva komunistom hrdlá.	2
No, nemôžem si pomocť, či Philip nemá pravdu.	2, 6
Alebo si to nepočul?	2
Len som si nie istý, či je to správne.	4
Nie, pre Philipa a Elizabeth.	6, 7
Okej, máme harmančekový, Earl Grey --	7
Úprimne...	6
Všetci smútili.	6
A teraz po tom všetkom... to chcú skúsiť znovu?	4
Myslia si, že to dokážete.	8
Idem pozrieť moju matku, predtým ako zomrie... do Ruska.	2, 4, 5
Všetci v práci vedia, že klamem.	4, 6
Nie, nie, nevedia.	1, 7
Viem, že áno.	8
Pracujem na tom a vyrieším to.	4
Martha, Milujem ťa.	4
Nemám nič proti tomu.	6, 8
Chceš povedať - všetci sú mŕtvi!	1
Je tu človek, ktorý sa plavil na Golden Arrow a môže vám o tom porozprávať.	7
Roztrieštilo nám kormidlo.	1, 7
Zázrak je, že to prežil Billy.	5, 7
Jeho dych bol ohnivý ako pec.	7
Teda, poriadne ohnivý, bol by z neho grog pre všetkých.... na zapitie týchto bláznivých historiek...	5
Toto nie je miesto pre kňazovho syna.	1, 3
Odtiahnime!	1, 2, 3, 4, 5
Profesor. Len na moment.	7
Áno?	7
Nepopierate teda, že také monštrum môže existovať. Správne?	1, 2, 3, 4, 6, 8
- Ja nič nepopieram.	1
- Čo si to tam kreslíte?	2
Nakresli tomu ešte krídla.	8
"Žijúce príšery hlbín boli dnes opísané....
da/1954/46672/3631734.xml.gz	sk/1954/46672/3151649.xml.gz	113	110	Nu jeg tænker over det, er det da en interessant forestilling.	Keď sa nad tým zamyslím, je to celkom zaujímavá predstava.
da/1954/46672/3631734.xml.gz	sk/1954/46672/3151649.xml.gz	117	114	I har gjort skade nok.	Už ste spravili dosť škody.
da/1954/46672/3631734.xml.gz	sk/1954/46672/3151649.xml.gz	139	135	Deres iagttagelser vil påvirke den offentlige mening.	Vaša prítomnosť bude mať vplyv na verejnú mienku.
da/1954/46672/3631734.xml.gz	sk/1954/46672/3151649.xml.gz	147	143	Professoren er blevet fejlciteret på det værste.	Profesorove tvrdenia prekrútili.
da/1954/46672/3631734.xml.gz	sk/1954/46672/3151649.xml.gz	148	144	Ja, jeg blev desværre fejlciteret.	Áno, obávam sa, že je to tak.
da/1954/46672/3631734.xml.gz	sk/1954/46672/3151649.xml.gz	154	151	- Det er venligt af Dem.	- To je od vás veľmi milé.
da/1954/46672/3631734.xml.gz	sk/1954/46672/3151649.xml.gz	155	152	- Vi siger ja.	- Prijímame.
da/1954/46672/3631734.xml.gz	sk/1954/46672/3151649.xml.gz	156	153	Godt.	Dobre
da/1954/46672/3631734.xml.gz	sk/1954/46672/3151649.xml.gz	159	156	Jeg skulle måske tilføje, at han har sine meninger, hvad angår søuhyrer.	Podotýkam, že má vlastné názory.... ..ohľadne morských oblúd.
da/1954/46672/3631734.xml.gz	sk/1954/46672/3151649.xml.gz	162	159	Vi stak sydover, og spændingen steg.	Smerovali sme na juh, naše vzrušenie vzrastalo.
da/1954/46672/3631734.xml.gz	sk/1954/46672/3151649.xml.gz	168	165	Falske alarmer var dagens orden, og det højnede ikke just moralen.	Plané poplachy boli bežné a nepomáhali ani našel morálke.
da/1954/46672/3631734.xml.gz	sk/1954/46672/3151649.xml.gz	178	175	- Opgiver De eftersøgningen?	- Prerušujete teda hľadanie?
da/1954/46672/3631734.xml.gz	sk/1954/46672/3151649.xml.gz	197	193	Det er altid den største fisk, der undslipper.	Najväčšia ryba vždy unikne.
da/1954/46672/3631734.xml.gz	sk/1954/46672/3151649.xml.gz	212	205	Hun byttede mig for en torsk	Za pstruha sa vydala
da/1954/46672/3631734.xml.gz	sk/1954/46672/3151649.xml.gz	215	208	Om den store fisk Og piger jeg har haft kær	'O plieskajúcej rybe A dievčati, ktoré som miloval
da/1954/46672/3631734.xml.gz	sk/1954/46672/3151649.xml.gz	221	214	Da vi kyssede boblede jeg op som glødende lava	Jej bozky boli horúce ako láva
da/1954/46672/3631734.xml.gz	sk/1954/46672/3151649.xml.gz	223	216	Træd mig ned og hjælp mig op	Odvrhla a obrala
da/1954/46672/3631734.xml.gz	sk/1954/46672/3151649.xml.gz	229	222	En hval historie, og den er ganske sand	Pravdivý príbeh o veľrybe
da/1954/46672/3631734.xml.gz	sk/1954/46672/3151649.xml.gz	243	233	En aften som denne med Månen i sky	Za mesačnej noci, ako je táto
da/1954/46672/3631734.xml.gz	sk/1954/46672/3151649.xml.gz	252	242	Alle mand til redningsbådene!	Všetci na záchranné pozície!
da/1954/46672/3631734.xml.gz	sk/1954/46672/3151649.xml.gz	255	245	Ikke en levende sjæl tilbage.	Nikto neprežil.
da/1954/46672/3631734.xml.gz	sk/1954/46672/3151649.xml.gz	257	247	Krudt og det, der er værre.	Pušný prach alebo niečo podobné.
da/1954/46672/3631734.xml.gz	sk/1954/46672/3151649.xml.gz	260	250	Hun må have ramt noget.	Musela do niečoho naraziť.
da/1954/46672/3631734.xml.gz	sk/1954/46672/3151649.xml.gz	262	253	Hvad mener De?	Čo tým myslíte - niečo narazilo do nej?
da/1954/46672/3631734.xml.gz	sk/1954/46672/3151649.xml.gz	263	254	- De mener et uhyre, ikke?	- Myslíte to monštrum, že?
da/1954/46672/3631734.xml.gz	sk/1954/46672/3151649.xml.gz	264	255	- Ja!	- Áno!
da/1954/46672/3631734.xml.gz	sk/1954/46672/3151649.xml.gz	266	257	Uhyre?	Monštrum?
da/1954/46672/3631734.xml.gz	sk/1954/46672/3151649.xml.gz	269	260	- Det er uhyret!	- Bol to netvor!
da/1954/46672/3631734.xml.gz	sk/1954/46672/3151649.xml.gz	276	266	Gør tændladningerne klar!	Nabite hlavne a pripravte delá!
da/1954/46672/3631734.xml.gz	sk/1954/46672/3151649.xml.gz	283	273	Javel.	Rozkaz, pane.
da/1954/46672/3631734.xml.gz	sk/1954/46672/3151649.xml.gz	287	277	Hun vender!	Otáča sa!
da/1954/46672/3631734.xml.gz	sk/1954/46672/3151649.xml.gz	295	284	Hjælp!	Pomóc!
da/1954/46672/3631734.xml.gz	sk/1954/46672/3151649.xml.gz	304	293 294	Kan De se noget som helst?	Vidíš niečo? Vidíš vôbec niečo?
da/1954/46672/3631734.xml.gz	sk/1954/46672/3151649.xml.gz	307	297	Jeg er helt følelsesløs.	Začínam celý krehnúť.
da/1954/46672/3631734.xml.gz	sk/1954/46672/3151649.xml.gz	312	302	Jeg siger pyt, når bare det flyder.	To mi je jedno, hlavne že to pláva.
da/1954/46672/3631734.xml.gz	sk/1954/46672/3151649.xml.gz	330	320	Er der nogen dernede?	Je tam dole niekto?
da/1954/46672/3631734.xml.gz	sk/1954/46672/3151649.xml.gz	344	333	- Kom.	- Poďte.
da/1954/46672/3631734.xml.gz	sk/1954/46672/3151649.xml.gz	348	337	- Tag fat om åren.	- Chyť to veslo.
da/1954/46672/3631734.xml.gz	sk/1954/46672/3151649.xml.gz	352	341	Så fik han så sandelig sit uhyre.	No, aspoň dostal to svoje monštrum, nie?
da/1954/46672/3631734.xml.gz	sk/1954/46672/3151649.xml.gz	369	358	Professor.	Profesor!
da/1954/46672/3631734.xml.gz	sk/1954/46672/3151649.xml.gz	375	364	Professor.	Profesor.
da/1954/46672/3631734.xml.gz	sk/1954/46672/3151649.xml.gz	378	367	Jeg er herinde.	Tu som.
da/1954/46672/3631734.xml.gz	sk/1954/46672/3151649.xml.gz	380	369	Jeg troede aldrig, jeg skulle se Dem mere.	Už som myslel, že vás nenájdem
da/1954/46672/3631734.xml.gz	sk/1954/46672/3151649.xml.gz	392	382	Grib ham!	Vezmite ho!
da/1954/46672/3631734.xml.gz	sk/1954/46672/3151649.xml.gz	393	383	Sænk den travalje.	Potopte ten čln
da/1954/46672/3631734.xml.gz	sk/1954/46672/3151649.xml.gz	394	384	Lad være med at skubbe.	Nestrkaj do mňa
da/1954/46672/3631734.xml.gz	sk/1954/46672/3151649.xml.gz	395	385	I er fra fregatten, der angreb mig, ikke sandt?	Ste z vojnovej lode,ktorá na mňa zaútočila?
da/1954/46672/3631734.xml.gz	sk/1954/46672/3151649.xml.gz	407	397	De kom som fjende for at knuse mig.	Prišli ste ako nepriatelia, ktorí ma chcú zničiť.
da/1954/46672/3631734.xml.gz	sk/1954/46672/3151649.xml.gz	408	398	Det er ikke sandt.	To nie je pravda.
da/1954/46672/3631734.xml.gz	sk/1954/46672/3151649.xml.gz	410	400	Giv ikke os skylden for, at fregatten beskød Dem.	Neobviňujte nás z toho, že na vás zaútočila loď.
da/1954/46672/3631734.xml.gz	sk/1954/46672/3151649.xml.gz	412	402	- De har været for retten.	- Už sa stalo.
da/1954/46672/3631734.xml.gz	sk/1954/46672/3151649.xml.gz	416	406	Det kan De da ikke.	To predsa nemôžte.
da/1954/46672/3631734.xml.gz	sk/1954/46672/3151649.xml.gz	417	407	Det er uciviliseret.	To nie je civilizované.
da/1954/46672/3631734.xml.gz	sk/1954/46672/3151649.xml.gz	423	413	Men vi har ikke mere skyld end resten af verden.	Nie sme viac vinní, ako zbytok sveta
da/1954/46672/3631734.xml.gz	sk/1954/46672/3151649.xml.gz	426	416	Deres bog er genial, men den mangler visioner.	Vaša kniha je úžasná, ale postráda pozorovanie.
da/1954/46672/3631734.xml.gz	sk/1954/46672/3151649.xml.gz	435	427	- Og gør klar til afgang.	- A uzavrite loď.
da/1954/46672/3631734.xml.gz	sk/1954/46672/3151649.xml.gz	436	428	- Javel.	- Áno, pane.
da/1954/46672/3631734.xml.gz	sk/1954/46672/3151649.xml.gz	439	432 433	Gør klar til dykning.	Stanovištia pripravené. Pripravené na ponor.
da/1954/46672/3631734.xml.gz	sk/1954/46672/3151649.xml.gz	455	447 448	Værsgo.	Na. Na.
da/1954/46672/3631734.xml.gz	sk/1954/46672/3151649.xml.gz	468	461	- Kald mig bare kaptajn Nemo.	- Môžte ma volať Kapitán Nemo.
da/1954/46672/3631734.xml.gz	sk/1954/46672/3151649.xml.gz	473	467	Tja.	Moc nie.
da/1954/46672/3631734.xml.gz	sk/1954/46672/3151649.xml.gz	474	468	Har en fange ikke ret til at flygte?	Aj vezeň má právo utiecť.
da/1954/46672/3631734.xml.gz	sk/1954/46672/3151649.xml.gz	475	469	- Det er korrekt.	- To je pravda.
da/1954/46672/3631734.xml.gz	sk/1954/46672/3151649.xml.gz	497	491	Min kok tryller med havets ingredienser.	Môj šéfkuchár vyniká v príprave rôznych pokrmov.
da/1954/46672/3631734.xml.gz	sk/1954/46672/3151649.xml.gz	513	505	Eftersom vi nærmer os øen Crespo, får De lejlighed til selv at vælge Deres mad.	Keďže sa blížime k ostrovu Crespo, budete mať príležitosť vybrať si vlastné jedlo.
da/1954/46672/3631734.xml.gz	sk/1954/46672/3151649.xml.gz	514	506	Vil det sige, vi kommer op af undervandsbåden?	Takže vystúpine z tejto ponorky?
da/1954/46672/3631734.xml.gz	sk/1954/46672/3151649.xml.gz	518	510	- Hvornår starter vi?	- Kedy začneme, kámo... kapitán?
da/1954/46672/3631734.xml.gz	sk/1954/46672/3151649.xml.gz	523	515	- Tag imod en af disse cigarer.	- Okrem týchto cigár, profesor.
da/1954/46672/3631734.xml.gz	sk/1954/46672/3151649.xml.gz	529	521	Jeg kan ikke påstå, at De ikke gør os det behageligt, kaptajn.	Nemôžem poprieť vašu pohostinnosť, kapitán.
da/1954/46672/3631734.xml.gz	sk/1954/46672/3151649.xml.gz	532	523	Tak.	Vďaka.
da/1954/46672/3631734.xml.gz	sk/1954/46672/3151649.xml.gz	534	525	Jeg ville teste Deres loyalitet over for Deres kammerater.	Vo vašom prípade som chcel otestovať vašu oddanosť k svojím spoločníkom.
da/1954/46672/3631734.xml.gz	sk/1954/46672/3151649.xml.gz	535	526	Jeg kan få brug for malplaceret hengivenhed.	Mám pochopenie pre také nemúdre rozhodnutie.
da/1954/46672/3631734.xml.gz	sk/1954/46672/3151649.xml.gz	542	533	Her er litteratur, kunstskatte, mine samlinger, og sågar musik, skulle De ønske det.	Mám tu literatúru,.... umelecké poklady, svoju zbierku,... a aj hudbu, ak by ste po nej túžil.
da/1954/46672/3631734.xml.gz	sk/1954/46672/3151649.xml.gz	547	538	- Under vandet?	- Pod vodou?
da/1954/46672/3631734.xml.gz	sk/1954/46672/3151649.xml.gz	550	541	Jeg vidste, der var en hage.	Tušil som, že v tom bude háčik.
da/1954/46672/3631734.xml.gz	sk/1954/46672/3151649.xml.gz	559	550	De lærer det hurtigt.	Učia sa rýchlo.
da/1954/46672/3631734.xml.gz	sk/1954/46672/3151649.xml.gz	564	555	Jeg skal præsentere Dem for dem.	Predstavím vám ich.
da/1954/46672/3631734.xml.gz	sk/1954/46672/3151649.xml.gz	570	560	Han havde til overflod alt de ting, der er nødvendige for livets opretholdelse.	Prekypovali hojnosťou látok.... nevyhnutných pre život.
da/1954/46672/3631734.xml.gz	sk/1954/46672/3151649.xml.gz	572	562	Det er ikke til at tro!	Ja tomu nemôžem uveriť!
da/1954/46672/3631734.xml.gz	sk/1954/46672/3151649.xml.gz	573	563	Vi efterlod en skat derude!	Kapitán, veď sme tam nechali poklad!
da/1954/46672/3631734.xml.gz	sk/1954/46672/3151649.xml.gz	578	568	De lægger absurd megen vægt på billige menneskelige goder.	Priveľmi si ceníte to najlacnejšie.
da/1954/46672/3631734.xml.gz	sk/1954/46672/3151649.xml.gz	593	583	Tro ikke et sekund, at det var en tom trussel, han kom med.	Nech vás ani na chvíľu nenapadne, že kapitán svoje slová nemyslel vážne.
da/1954/46672/3631734.xml.gz	sk/1954/46672/3151649.xml.gz	594	584	De får os alle dræbt, hvis De bliver ved med at støde ham.	Kvôli vám všetci zahynieme, ak mu neprestanete odporovať.
da/1954/46672/3631734.xml.gz	sk/1954/46672/3151649.xml.gz	601	591	Ikke det?	Vážne?
da/1954/46672/3631734.xml.gz	sk/1954/46672/3151649.xml.gz	602	592	De hjalp med at bære kisten, løgnhals.	Dokonca si mi pomohol vzniesť truhlicu, ty klamár!
da/1954/46672/3631734.xml.gz	sk/1954/46672/3151649.xml.gz	619	611	Jeg kan få min egen båd, og De skal ikke sulte på en professorlønning.	Kúpil by som si vlastnú loď... a vy by ste nemusel hladovať na profesorskom plate.
da/1954/46672/3631734.xml.gz	sk/1954/46672/3151649.xml.gz	620	612	Se ikke på mig med de der dådyrøjne.	Nepozeraj na mňa tými vypúlenými očami.
da/1954/46672/3631734.xml.gz	sk/1954/46672/3151649.xml.gz	626	618	Prøv nu på min måde først.	Tak to najskôr skúsme po mojom.
da/1954/46672/3631734.xml.gz	sk/1954/46672/3151649.xml.gz	627	619	Jeg kan vinde Nemos fortrolighed med lidt tid og hjælp fra Dem.	Podarí sa mi získať kapitánovu dôveru, ale potrebujem na to čas a vašu pomoc.
da/1954/46672/3631734.xml.gz	sk/1954/46672/3151649.xml.gz	628	620	Kan jeg regne med Dem?	Môžem sa na vás spoľahnúť?
da/1954/46672/3631734.xml.gz	sk/1954/46672/3151649.xml.gz	633	626	Der er en ting, De skal vide, professor.	Je ešte niečo, čo by ste mal vedieť, profesor.
da/1954/46672/3631734.xml.gz	sk/1954/46672/3151649.xml.gz	637	630	Tåbe.	Hlupák.
da/1954/46672/3631734.xml.gz	sk/1954/46672/3151649.xml.gz	642	635 636	Det afhænger af, hvordan man ser på det.	- To záleží len na uhle pohľadu. - Čo tým myslíš?
da/1954/46672/3631734.xml.gz	sk/1954/46672/3151649.xml.gz	644	638	Hans liv er uden betydning.	Jeho život nič neznamená.
da/1954/46672/3631734.xml.gz	sk/1954/46672/3151649.xml.gz	648	642	Et almindeligt fartøj ville have lidt stor skade.	Obyčajné plavidlo by utrpelo ťažké škody.
da/1954/46672/3631734.xml.gz	sk/1954/46672/3151649.xml.gz	650	645	Jeg havde meget at tænke på, så jeg lod min tjener tage sig af Ned Land.	Mňa zamestnávali iné záležitosti, tak som nechal svojho učňa, aby sa postaral o Neda Landa.
da/1954/46672/3631734.xml.gz	sk/1954/46672/3151649.xml.gz	653	648	Har en hval historie, drenge	Poviem vám príbeh o veľrybe, chlapi
da/1954/46672/3631734.xml.gz	sk/1954/46672/3151649.xml.gz	657	652	Er den ikke sød?	Roztomilý, že?
da/1954/46672/3631734.xml.gz	sk/1954/46672/3151649.xml.gz	661	657	Vi beså selveste fartøjets hjerte, drivaggregatet.	Šli sme až do samotného srdca lode, hnacej jednotky.
da/1954/46672/3631734.xml.gz	sk/1954/46672/3151649.xml.gz	679	673	Her på havets bund hersker kun uafhængighed.	Tu, na dne oceánu, je jediná nezávislosť.
da/1954/46672/3631734.xml.gz	sk/1954/46672/3151649.xml.gz	689	683	De kan bedre se, hvad jeg mener, gennem denne her.	S týmto to uvidíte lepšie.
da/1954/46672/3631734.xml.gz	sk/1954/46672/3151649.xml.gz	691	685	Nitrater og fosfater til ammunition, kimene til krig.	Nitráty a fosfáty pre muníciu - zárodky nových vojen
da/1954/46672/3631734.xml.gz	sk/1954/46672/3151649.xml.gz	693	687	Jeg var engang en af de ynkelige stakler, De ser der.	Kedysi som aj ja bol tým poľutovaniahodným úbožiakom tam dole.
da/1954/46672/3631734.xml.gz	sk/1954/46672/3151649.xml.gz	694	688	Kig en gang til.	Ešte sa pozrite.
da/1954/46672/3631734.xml.gz	sk/1954/46672/3151649.xml.gz	695	689	De må ikke glemme, hvad De har set i dag.	Nechcem, aby ste zabudol, čo ste tu dnes videl.
da/1954/46672/3631734.xml.gz	sk/1954/46672/3151649.xml.gz	698	692	Jeg undslap ikke derfra alene.	Neušiel som odtiaľ sám.
da/1954/46672/3631734.xml.gz	sk/1954/46672/3151649.xml.gz	699	693 694	Der var andre, og de fleste er blevet hos mig.	Ušli aj iní. Väčšina z nich je stále so mnou.
da/1954/46672/3631734.xml.gz	sk/1954/46672/3151649.xml.gz	705	700	Fjernt og godt.	Vzdialene a užitočne.
da/1954/46672/3631734.xml.gz	sk/1954/46672/3151649.xml.gz	713	708	- De kender Deres ordrer.	- Rozkazy poznáte.
da/1954/46672/3631734.xml.gz	sk/1954/46672/3151649.xml.gz	723	718	Kollissionoshastighed, fuld fart!	Plný výkon!
da/1954/46672/3631734.xml.gz	sk/1954/46672/3151649.xml.gz	728	722	De var sømænd ligesom jeg og blev slagtet af det uhyre De prøver at blive venner med.	Boli to námorníci ako ja.... zavražedení tou ohavou, s ktorou sa chcete spriateliť.
da/1954/46672/3631734.xml.gz	sk/1954/46672/3151649.xml.gz	729	723	Nej, Ned.	Ned, nie.
da/1954/46672/3631734.xml.gz	sk/1954/46672/3151649.xml.gz	741	734	Hvorfor?	Načo?
da/1954/46672/3631734.xml.gz	sk/1954/46672/3151649.xml.gz	748	740	Ikke skrevet i de dødes ansigter derude, men på tusinder af andre dødes!	Nie týchto ludí, ale o tisícoch iných!
da/1954/46672/3631734.xml.gz	sk/1954/46672/3151649.xml.gz	750	743	Jeg er hævneren.	Ja som len pomstiteľ.
da/1954/46672/3631734.xml.gz	sk/1954/46672/3151649.xml.gz	754	746	De prøvede.	Aj to skúšali.
da/1954/46672/3631734.xml.gz	sk/1954/46672/3151649.xml.gz	755	747	De kastede mig i fængsel, og da det ikke lykkedes dem...	Uväznili ma, ale keď sa im to nepodarilo....
da/1954/46672/3631734.xml.gz	sk/1954/46672/3151649.xml.gz	757	749	Ved De, hvad kærlighed vil sige, professor?	Viete, čo znamená láska, profesor?
da/1954/46672/3631734.xml.gz	sk/1954/46672/3151649.xml.gz	759	751	Hvad De ikke forstår, er hadets magt.	Čomu ale nerozumiete, je sila nenávisti.
da/1954/46672/3631734.xml.gz	sk/1954/46672/3151649.xml.gz	761	753	Det gør mig ondt for Dem.	Je mi vás ľuto.
da/1954/46672/3631734.xml.gz	sk/1954/46672/3151649.xml.gz	762	754	Det er en køn trøst.	Je to trpká náhrada.
da/1954/46672/3631734.xml.gz	sk/1954/46672/3151649.xml.gz	764	756	Jeg ville bare rydde op.	Len som to tu chcel trochu poupratovať.
da/1954/46672/3631734.xml.gz	sk/1954/46672/3151649.xml.gz	765	757	- Jeg vil gerne tale med Dem.	- Profesor, rád by som sa s vami pozhováral.
da/1954/46672/3631734.xml.gz	sk/1954/46672/3151649.xml.gz	767	759	Jeg synes, det er gået vidt nok nu.	Myslím, že už to zašlo pridaleko.
da/1954/46672/3631734.xml.gz	sk/1954/46672/3151649.xml.gz	770	762	Det er De sikker på?	Ste si tým istý?
da/1954/46672/3631734.xml.gz	sk/1954/46672/3151649.xml.gz	773	765	Det tilkommer ikke Dem at dømme.	Vy ho nemôžte súdiť.
da/1954/46672/3631734.xml.gz	sk/1954/46672/3151649.xml.gz	788	780	Har professoren bedt Dem om det?	Na toto ťa nahovoril profesor?
da/1954/46672/3631734.xml.gz	sk/1954/46672/3151649.xml.gz	790	782	De havde ret.	Mal si pravdu.
da/1954/46672/3631734.xml.gz	sk/1954/46672/3151649.xml.gz	791	783	Nemo har fået ham på sin side.	Nemo si ho celého podmanil.
da/1954/46672/3631734.xml.gz	sk/1954/46672/3151649.xml.gz	793	786	Jeg har hele tiden vidst, at De stjal mad og værdier.	Viem, že si kradol jedlo a šperky.
da/1954/46672/3631734.xml.gz	sk/1954/46672/3151649.xml.gz	808	800	- Og?	- No?
da/1954/46672/3631734.xml.gz	sk/1954/46672/3151649.xml.gz	821	812	Det er det, jeg har ventet på!	Na toto som čakal!
da/1954/46672/3631734.xml.gz	sk/1954/46672/3151649.xml.gz	823	814	- Ja da!	- Jasné!
da/1954/46672/3631734.xml.gz	sk/1954/46672/3151649.xml.gz	836	828	Det var på et hængende hår.	Tak to bolo o chlp.
da/1954/46672/3631734.xml.gz	sk/1954/46672/3151649.xml.gz	840	832	Han sørger godt for sig selv.	Vie si to tu zariadiť.
da/1954/46672/3631734.xml.gz	sk/1954/46672/3151649.xml.gz	846	838	- Til hvad?	- Na čo?
da/1954/46672/3631734.xml.gz	sk/1954/46672/3151649.xml.gz	849	841	Se.	Vidíš?
da/1954/46672/3631734.xml.gz	sk/1954/46672/3151649.xml.gz	851	843	Det er de også.	To je pravda.
da/1954/46672/3631734.xml.gz	sk/1954/46672/3151649.xml.gz	856	848	- Stille.	- Ticho.
da/1954/46672/3631734.xml.gz	sk/1954/46672/3151649.xml.gz	861	852	Så giv mig et kys.	Najskôr bozk.
da/1954/46672/3631734.xml.gz	sk/1954/46672/3151649.xml.gz	868	858 859	Du skal nok få en cigar.	Dám ti cigaru. Počkaj.
da/1954/46672/3631734.xml.gz	sk/1954/46672/3151649.xml.gz	871	862	Ja, jeg elsker også dig.	Aj ja ťa mám rád.
da/1954/46672/3631734.xml.gz	sk/1954/46672/3151649.xml.gz	876	867	Vær en god pige.	Buď poslušná.
da/1954/46672/3631734.xml.gz	sk/1954/46672/3151649.xml.gz	888	881 882	- Dem i flaskerne.	- Fľaše. Prines mi ich.
da/1954/46672/3631734.xml.gz	sk/1954/46672/3151649.xml.gz	893	886	Det er ikke sæson for østers.	Ústrice už nie sú v sezóne.
da/1954/46672/3631734.xml.gz	sk/1954/46672/3151649.xml.gz	899	893	De har glemt, vi lever i det 19. århundrede.	Zabudol si, že sme v 19. storočí.
da/1954/46672/3631734.xml.gz	sk/1954/46672/3151649.xml.gz	905	899	Selvfølgelig er vi venner!	Jasné že sme!
da/1954/46672/3631734.xml.gz	sk/1954/46672/3151649.xml.gz	910	903 904	- De kan ikke undgå at ramme.	- Hej. To musíš trafiť.
da/1954/46672/3631734.xml.gz	sk/1954/46672/3151649.xml.gz	913	907	Nu skal jeg fortælle Dem, hvad jeg havde i sinde.	Teraz ti poviem, čo mám v pláne.
da/1954/46672/3631734.xml.gz	sk/1954/46672/3151649.xml.gz	917	911	Vi sier haletudserne fra og beholder sprutten.	Vyhodíme polipy a zachránime grog.
da/1954/46672/3631734.xml.gz	sk/1954/46672/3151649.xml.gz	924	918	Hvad er der i vejen?	Čo sa deje?
da/1954/46672/3631734.xml.gz	sk/1954/46672/3151649.xml.gz	929	923	Hun lystrer ikke roret, sir.	Ovládanie zlyhalo, pane.
da/1954/46672/3631734.xml.gz	sk/1954/46672/3151649.xml.gz	931	925	- Hvad er der sket?	- Čo sa stalo?
da/1954/46672/3631734.xml.gz	sk/1954/46672/3151649.xml.gz	935	929 930 931	Roret er i stykker, vi ramte et rev. Tidevandet bringer os flot i aften.	- Príhoda. Kvôli našemu pokazenému kormidlu sme na plytčine.  Príliv nás vzydvihne do večera.
da/1954/46672/3631734.xml.gz	sk/1954/46672/3151649.xml.gz	958	954	Overhovedet ikke, kammerat.	Na tom vôbec nič zlé nie je.
da/1954/46672/3631734.xml.gz	sk/1954/46672/3151649.xml.gz	961	957	- Er De kvalificeret til det?	- Myslíte, že ste na to kvalifikovaný?
da/1954/46672/3631734.xml.gz	sk/1954/46672/3151649.xml.gz	962	958	- Kvalificeret?	- Kvalifikovaný?
da/1954/46672/3631734.xml.gz	sk/1954/46672/3151649.xml.gz	965	961 962	- Og en stærk trang til at flygte.	Mám silný chrbát. - A veľkú túžbu utiecť.
da/1954/46672/3631734.xml.gz	sk/1954/46672/3151649.xml.gz	973	970	De indfødte er kanibaler.	Domorodci sú kanibali.
da/1954/46672/3631734.xml.gz	sk/1954/46672/3151649.xml.gz	979	976	Jeg ser ingen indfødte piger, der hungrer efter kærlighed.	Nevidím tu žiadne prítulné domorodkyne.
da/1954/46672/3631734.xml.gz	sk/1954/46672/3151649.xml.gz	984	982	- Skynd Dem og kom.	- Poď sem, rýchlo!
da/1954/46672/3631734.xml.gz	sk/1954/46672/3151649.xml.gz	992	991	Glem ikke kanibalerne.	A nezabúdaj na kanibalov.
da/1954/46672/3631734.xml.gz	sk/1954/46672/3151649.xml.gz	994	993	Det sagde han for at skræmme os.	Povedal to, len aby nás vystrašil.
da/1954/46672/3631734.xml.gz	sk/1954/46672/3151649.xml.gz	997	996 997	Se mig, jeg kommer aldrig gennem junglen.	Pozri sa na mňa. Cez džunglu sa nedostanem.
da/1954/46672/3631734.xml.gz	sk/1954/46672/3151649.xml.gz	1001	1001	Og jeg pudser hele flåden på Nemo.	And I'll have every gunboat in the navy hunting Nemo.
da/1954/46672/3631734.xml.gz	sk/1954/46672/3151649.xml.gz	1008	1008	Vent på mig!	Počkaj!
da/1954/46672/3631734.xml.gz	sk/1954/46672/3151649.xml.gz	1010	1010	Hej!	Hej!
da/1954/46672/3631734.xml.gz	sk/1954/46672/3151649.xml.gz	1018	1018	Selvfølgelig gør vi det.	Prirodzene.
da/1954/46672/3631734.xml.gz	sk/1954/46672/3151649.xml.gz	1023	1022	Luk lugen!	Zatvorte príklop!
da/1954/46672/3631734.xml.gz	sk/1954/46672/3151649.xml.gz	1038	1036 1037	Men siden De insisterer på at blive behandlet som en, har jeg intet andet valg.	Keďže sústavne chcete, aby sa s vami tak zaobchádzalo, Nemám inú možnosť len vám vyhovieť
da/1954/46672/3631734.xml.gz	sk/1954/46672/3151649.xml.gz	1046	1045	Jeg skulle have taget kampen op med kanibalerne.	Mal som si to radšej rozdať s tými kanibalmi.
da/1954/46672/3631734.xml.gz	sk/1954/46672/3151649.xml.gz	1047	1046	En fregat.	Vojnová loď.
da/1954/46672/3631734.xml.gz	sk/1954/46672/3151649.xml.gz	1054	1053	Let skib og smid al ballast.	Odľahčite loď a odhoďťe všetku záťaž.
da/1954/46672/3631734.xml.gz	sk/1954/46672/3151649.xml.gz	1061	1060	af dette blodbestænkte fangehul!	Pustite ma z tejto vyhne!
da/1954/46672/3631734.xml.gz	sk/1954/46672/3151649.xml.gz	1062	1061	Professor!	Profesor!
da/1954/46672/3631734.xml.gz	sk/1954/46672/3151649.xml.gz	1070	1069	De lukker døren.	Zatvárajú dvere.
da/1954/46672/3631734.xml.gz	sk/1954/46672/3151649.xml.gz	1073	1072	- Luk os ud!	- Pustite nás!
da/1954/46672/3631734.xml.gz	sk/1954/46672/3151649.xml.gz	1076	1075	Vent!	Počkajte!
da/1954/46672/3631734.xml.gz	sk/1954/46672/3151649.xml.gz	1079	1078	Fem fod og stadigt stigende.	Päť stôp a stúpa, pane.
da/1954/46672/3631734.xml.gz	sk/1954/46672/3151649.xml.gz	1093	1091	- Javel!	- Áno, pane!
da/1954/46672/3631734.xml.gz	sk/1954/46672/3151649.xml.gz	1105	1103	Vi overskred dem med 5.000 fod.	Prekonali sme ich o 5,000 stôp.
da/1954/46672/3631734.xml.gz	sk/1954/46672/3151649.xml.gz	1108	1106	Katastrofefart, alle motorer!	Núdzová rýchlosť, všetky motory!
da/1954/46672/3631734.xml.gz	sk/1954/46672/3151649.xml.gz	1125	1124	Hold afstand!	Ustúpte!
da/1954/46672/3631734.xml.gz	sk/1954/46672/3151649.xml.gz	1138	1137	Er De hårdt såret, kammerat?	Si na tom zle, kamarát?
da/1954/46672/3631734.xml.gz	sk/1954/46672/3151649.xml.gz	1139	1138 1139	Hvad skete der?	Čo je? Čo sa stalo?
da/1954/46672/3631734.xml.gz	sk/1954/46672/3151649.xml.gz	1140	1140	Mr. Land.	Pán Land.
da/1954/46672/3631734.xml.gz	sk/1954/46672/3151649.xml.gz	1149	1150	Det sværger jeg på min tatovering	Skutočný ako moje tetovanie
da/1954/46672/3631734.xml.gz	sk/1954/46672/3151649.xml.gz	1150	1151	Godt, du kan lide musikken.	Som rád, že sa ti páči hudba.
da/1954/46672/3631734.xml.gz	sk/1954/46672/3151649.xml.gz	1152	1153	Tak, skat.	Vďaka, baby.
da/1954/46672/3631734.xml.gz	sk/1954/46672/3151649.xml.gz	1153	1154	Vil du ikke have en lille en?	Čo takto pohárik?
da/1954/46672/3631734.xml.gz	sk/1954/46672/3151649.xml.gz	1155	1156	Hov!	Hej!
da/1954/46672/3631734.xml.gz	sk/1954/46672/3151649.xml.gz	1160	1161	Esmeralda, du er den eneste her om bord, som forstår mig.	Esmeralda, ty si jediná na tejto bárke, kto mi rozumie
da/1954/46672/3631734.xml.gz	sk/1954/46672/3151649.xml.gz	1166	1167 1168	Lad os tage den en gang til.	Skúsme to ešte raz. Poď, skúsme to ešte raz.
da/1954/46672/3631734.xml.gz	sk/1954/46672/3151649.xml.gz	1167	1169	En gammel mand ved navn Nemo	Bol raz starec Nemo
da/1954/46672/3631734.xml.gz	sk/1954/46672/3151649.xml.gz	1168	1170	Bespiste sit mandskab med orm og fisk	Kŕmil svoju posádku červíkmi a rybami
da/1954/46672/3631734.xml.gz	sk/1954/46672/3151649.xml.gz	1170	1172	Slimet og kold på en bund af tang	Klzké a studené na riadoch z chalúh
da/1954/46672/3631734.xml.gz	sk/1954/46672/3151649.xml.gz	1176	1178	Hun elsker Flabellinas oculinas.	Miluje tie Flabelliny oculiny.
da/1954/46672/3631734.xml.gz	sk/1954/46672/3151649.xml.gz	1177	1179	Det glæder mig, at du ikke sidder i fangehullet mere.	Som rád, že nie si vo väzení, Ned.
da/1954/46672/3631734.xml.gz	sk/1954/46672/3151649.xml.gz	1183	1185	Vi vil ikke have hans taknemlighed!	Nechceme žiadnu jeho vďačnosť!
da/1954/46672/3631734.xml.gz	sk/1954/46672/3151649.xml.gz	1185	1187	Hils og sig det fra os begge to.	Môžeš mu to povedať za nás oboch.
da/1954/46672/3631734.xml.gz	sk/1954/46672/3151649.xml.gz	1192	1194	Godnat, Esmie.	Dobrú noc, Esmi.
da/1954/46672/3631734.xml.gz	sk/1954/46672/3151649.xml.gz	1207	1208	De protesterer for meget.	Príliš protestujete.
da/1954/46672/3631734.xml.gz	sk/1954/46672/3151649.xml.gz	1210	1210	De kan ikke bære at tro på menneskeheden, for så vil grundlaget for hele Deres eksistens, som bygger på had og hævngerrighed, smuldre og blotlægge Deres livsløgn.	Nemôžte tolerovať vieru v ľudskosť, pretože keby áno, všetko, základy vašej samotnej existencie, ktorú ste postavil na nenávisti a odplate, všetko by spadlo na nahej lži vášho života.
da/1954/46672/3631734.xml.gz	sk/1954/46672/3151649.xml.gz	1219	1217	Det gode, han gør den ene dag, ødelægger han gerne den næste.	Čo spraví v jeden deň, to v kľude odčiní na ďalší.
da/1954/46672/3631734.xml.gz	sk/1954/46672/3151649.xml.gz	1227	1225	Hvis folkeslag og nationer havde den godhed, jeg taler om, var jeg villig til at dele alt dette... mine optegnelser, alt.	Keby ľudia a národy mali dobrotu, o ktorej hovorím bol by som ochotný sa o všetko toto podeliť, o svoje záznamy, o všetko.
da/1954/46672/3631734.xml.gz	sk/1954/46672/3151649.xml.gz	1233	1231	- Fordi De ikke stoler på mig?	- Je to tým, že mi neveríte?
da/1954/46672/3631734.xml.gz	sk/1954/46672/3151649.xml.gz	1238	1236	Lad mig forsøge.	Dajte mi šancu.
da/1954/46672/3631734.xml.gz	sk/1954/46672/3151649.xml.gz	1239	1237	Vi nærmer os Vulcania.	Blížime sa k Vulcanii.
da/1954/46672/3631734.xml.gz	sk/1954/46672/3151649.xml.gz	1251	1249	Der har De Deres svar, professor.	Tu je vaša odpoveď, profesor.
da/1954/46672/3631734.xml.gz	sk/1954/46672/3151649.xml.gz	1252	1250	De styrker, de ville handle med, er faldet os i ryggen.	Boli sme napadnutý silami, s ktorými ste chcel obchodovať.
da/1954/46672/3631734.xml.gz	sk/1954/46672/3151649.xml.gz	1263	1261	Fire grader nedad.	Štyri stupne nadol.
da/1954/46672/3631734.xml.gz	sk/1954/46672/3151649.xml.gz	1270	1268	Øen er omringet af fregatter.	Ostrov je obkľúčený vojnovými loďami.
da/1954/46672/3631734.xml.gz	sk/1954/46672/3151649.xml.gz	1278	1276	De kommer.	Už prichádzajú.
da/1954/46672/3631734.xml.gz	sk/1954/46672/3151649.xml.gz	1280	1278	- Nej, Ned, lad være!	- Nie, Ned, nie!
da/1954/46672/3631734.xml.gz	sk/1954/46672/3151649.xml.gz	1288	1286	Vi sendte flaskeposten!	My sme poslali tie správy!
da/1954/46672/3631734.xml.gz	sk/1954/46672/3151649.xml.gz	1297	1295	Professor...	Hej, profesor...
da/1954/46672/3631734.xml.gz	sk/1954/46672/3151649.xml.gz	1298	1296	Tilintetgøre alt?	Všetko zničiť?
da/1954/46672/3631734.xml.gz	sk/1954/46672/3151649.xml.gz	1316	1314	Nautilus går ned for sidste gang.	Klesáme s Nautilom poslednýkrát.
da/1954/46672/3631734.xml.gz	sk/1954/46672/3151649.xml.gz	1319	1316 1317	Vent, jeg forstår det ikke.	Počkať chvíľu. Ja nerozumiem.
da/1954/46672/3631734.xml.gz	sk/1954/46672/3151649.xml.gz	1320	1318	Hvad har det med os at gøre?	Čo to má spoločné s nami?
da/1954/46672/3631734.xml.gz	sk/1954/46672/3151649.xml.gz	1321	1319	Jeg skal dø, og Nautilus skal dø sammen med mig.	Umieram a Nautilus zomrie so mnou.
da/1954/46672/3631734.xml.gz	sk/1954/46672/3151649.xml.gz	1323	1321	- Ja.	- Áno.
da/1954/46672/3631734.xml.gz	sk/1954/46672/3151649.xml.gz	1332	1330	Jeg vil ikke dø.	Ja nechcem zomieť.
da/1954/46672/3631734.xml.gz	sk/1954/46672/3151649.xml.gz	1341	1339	Når verden er rede til en ny og bedre tilværelse, vil alt dette en dag blive glemt... når Gud finder, at tiden er inde.	Keď bude svet pripravený pre nový a lepší život všetko toto sa stane v správny boží čas.
da/1954/46672/3631734.xml.gz	sk/1954/46672/3151649.xml.gz	1343	1341	Giv ikke op!	Nevzdávajte to!
da/1954/46672/3631734.xml.gz	sk/1954/46672/3151649.xml.gz	1345	1343	Luk ham inde i hans kahyt.	Dajte ho do kabíny.
da/1954/46672/3631734.xml.gz	sk/1954/46672/3151649.xml.gz	1350	1348	Lad os få jollen i vandet og komme af sted.	Vytiahnime čln a odplávajme preč.
da/1954/46672/3631734.xml.gz	sk/1954/46672/3151649.xml.gz	1351	1349	- Professor, hvor skal De hen?	- Profesor, kam idete?
da/1954/46672/3631734.xml.gz	sk/1954/46672/3416173.xml.gz	13	4	De mener en kiste at ligge i!	Chceš povedať - všetci sú mŕtvi!
da/1954/46672/3631734.xml.gz	sk/1954/46672/3416173.xml.gz	17	8	Her er en, der var med på Golden Arrow"" og overlevede."	4
Keď sa nad tým zamyslím, je to celkom zaujímavá predstava.	7
Už ste spravili dosť škody.	1
Vaša prítomnosť bude mať vplyv na verejnú mienku.	2, 8
Profesorove tvrdenia prekrútili.	3
Áno, obávam sa, že je to tak.	6, 7
- To je od vás veľmi milé.	3
- Prijímame.	8
Podotýkam, že jeho názory sú dosť vyhranené čo sa týka morských oblúd.	2, 8
Smerovali sme na juh, naše vzrušenie vzrastalo.	5
Plané poplachy boli bežné a nepomáhali ani našel morálke.	1
- Prerušujete teda hľadanie?	7
Najväčšia ryba vždy unikne.	6
Za pstruha sa vydala.	5
Odvrhla a obrala.	2, 5, 8
Pravdivý príbeh o veľrybe.	5
Všetci na záchranné pozície!	1, 2, 4
Nikto neprežil.	5, 6, 8
Pušný prach alebo niečo podobné.	3
Musela do niečoho naraziť.	5
Čo tým myslíte - niečo narazilo do nej?	2
- Myslíte to monštrum, že?	7
- Áno!	4
Monštrum?	4, 7
- Bol to netvor!	4
Nabite hlavne a pripravte delá!	2
Rozkaz, pane.	5, 8
Otáča sa!	5, 7
Pomóc!	4
Vidíš niečo? Vidíš vôbec niečo?	2
Začínam celý krehnúť.	4, 6, 7
To mi je jedno, hlavne že to pláva.	2, 8
Je tam dole niekto?	4
- Poďte.	2
- Chyť to veslo.	1
No, aspoň dostal to svoje monštrum, nie?	1, 5
Profesor!	2, 7
Profesor.	7
Tu som.	4
Už som myslel, že vás nenájdem.	7
Vezmite ho!	1, 3
Potopte ten čln.	4
Nestrkaj do mňa.	5
Ste z vojnovej lode,ktorá na mňa zaútočila?	1
Prišli ste ako nepriatelia, ktorí ma chcú zničiť.	6
To nie je pravda.	6
Neobviňujte nás z toho, že na vás zaútočila loď.	1
- Už sa stalo.	4
To predsa nemôžte.	1
To nie je civilizované.	1
Nie sme viac vinní, ako zbytok sveta.	6
Vaša kniha je úžasná, ale ch7ba jej pozorovanie.	7
- A uzavrite loď.	2, 5
- Áno, pane.	2, 6
Stanovištia pripravené. Pripravené na ponor.	2
Na. Na.	6, 8
- Môžte ma volať Kapitán Nemo.	8
Moc nie.	6, 7
Aj vezeň má právo utiecť.	2, 5
- To je pravda.	5
Môj šéfkuchár vyniká v príprave rôznych pokrmov.	8
Keďže sa blížime k ostrovu Crespo, budete mať príležitosť vybrať si vlastné jedlo.	2
Takže vystúpine z tejto ponorky?	4
- Kedy začneme, kámo... kapitán?	2
- Okrem týchto cigár, profesor.	2
Nemôžem poprieť vašu pohostinnosť, kapitán.	5, 8
Vďaka.	5, 7
Vo vašom prípade som chcel otestovať vašu oddanosť k svojím spoločníkom.	8
Mám pochopenie pre také nemúdre rozhodnutie.	2
Mám tu literatúru,.... umelecké poklady, svoju zbierku,... a aj hudbu, ak by ste po nej túžil.	2
- Pod vodou?	7
Tušil som, že v tom bude háčik.	6, 7
Učia sa rýchlo.	2, 5, 8
Predstavím vám ich.	2, 5, 8
Prekypovali hojnosťou látok... nevyhnutných pre život.	2
Ja tomu nemôžem uveriť!	7
Kapitán, veď sme tam nechali poklad!	7
Priveľmi si ceníte to najlacnejšie.	1, 3, 7
Nech vás ani na chvíľu nenapadne, že kapitán svoje slová nemyslel vážne.	4
Kvôli vám všetci zahynieme, ak mu neprestanete odporovať.	6, 7
Vážne?	4, 7
Dokonca si mi pomohol niesť truhlicu, ty klamár!	1, 3
Kúpil by som si vlastnú loď... a vy by ste nemusel hladovať na profesorskom plate.	1
Nepozeraj na mňa tými vypúlenými očami.	1
Tak to najskôr skúsme po mojom.	8
Podarí sa mi získať kapitánovu dôveru, ale potrebujem na to čas a vašu pomoc.	2, 8
Môžem sa na vás spoľahnúť?	2, 4
Je ešte niečo, čo by ste mal vedieť, profesor.	4
Hlupák.	1
- To záleží len na uhle pohľadu. - Čo tým myslíš?	1, 3
Jeho život nič neznamená.	3, 6
Obyčajné plavidlo by utrpelo ťažké škody.	5
Mňa zamestnávali iné záležitosti, tak som nechal svojho učňa, aby sa postaral o Neda Landa.	8
Poviem vám príbeh o veľrybe, chlapi.	2, 5
Roztomilý, že?	5
Šli sme až do samotného srdca lode, hnacej jednotky.	4, 6
Tu, na dne oceánu, je skutočná sloboda.	2
S týmto to uvidíte lepšie.	8
Nitráty a fosfáty pre muníciu - zárodky nových vojen	1, 2, 5
Kedysi som aj ja bol tým poľutovaniahodným úbožiakom tam dole.	3, 6
Ešte sa pozrite.	1
Nechcem, aby ste zabudol, čo ste tu dnes videl.	8
Neušiel som odtiaľ sám.	2
Ušli aj iní. Väčšina z nich je stále so mnou.	8
Vzdialene a užitočne.	8
- Rozkazy poznáte.	8
Plný výkon!	4
Boli to námorníci ako ja zavražedení tou ohavou, s ktorou sa chcete spriateliť.	1, 3
Ned, nie.	4
Načo?	2
Nie týchto ludí, ale o tisícoch iných!	4
Ja som len pomstiteľ.	5
Aj to skúšali.	6
Viete, čo znamená láska, profesor?	2
Čomu ale nerozumiete, je sila nenávisti.	1, 2
Je mi vás ľuto.	6
Je to trpká náhrada.	6
Len som to tu chcel trochu poupratovať.	1
- Profesor, rád by som sa s vami pozhováral.	4, 8
Myslím, že už to zašlo pridaleko.	4
Ste si tým istý?	7
Vy ho nemôžte súdiť.	1
Na toto ťa nahovoril profesor?	1, 3, 4
Mal si pravdu.	4, 8
Nemo si ho celého podmanil.	5, 8
Viem, že si kradol jedlo a šperky.	6
- No?	3
Na toto som čakal!	2, 5
- Jasné!	5
Tak to bolo o chlp.	2, 4, 5, 7
Vie si to tu zariadiť.	8
- Na čo?	1
Vidíš?	2
To je pravda.	4, 5, 8
- Ticho.	1
Najskôr bozk.	2, 5
Dám ti cigaru. Počkaj.	5
Aj ja ťa mám rád.	8
Buď poslušná.	4, 8
- Fľaše. Prines mi ich.	2, 7
Ústrice už nie sú v sezóne.	3
Zabudol si, že sme v 19. storočí.	6
Jasné že sme!	1
- Hej. To musíš trafiť.	8
Teraz ti poviem, čo mám v pláne.	2
Vyhodíme polipy a zachránime grog.	2, 5
Ovládanie zlyhalo, pane.	7
- Čo sa stalo?	2, 7
- Príhoda. Kvôli nášmu pokazenému kormidlu sme na plytčine.  Príliv nás do večera vyzdvihne.	2
Na tom vôbec nič zlé nie je.	5
- Myslíte, že ste na to kvalifikovaný?	1, 3
- Kvalifikovaný?	7
Mám silný chrbát. - A veľkú túžbu utiecť.	2, 8
Domorodci sú kanibali.	3
Nevidím tu žiadne prítulné domorodkyne.	7
- Poď sem, rýchlo!	2
A nezabúdaj na kanibalov.	4
Povedal to, len aby nás vystrašil.	3, 4
Pozri sa na mňa. Cez džunglu sa nedostanem.	4
Privediem všetky delové člny námorníctva na lov kapitána Nema.	1, 2
Počkaj!	5, 7
Hej!	2, 5, 7
Prirodzene.	1, 3, 5
Zatvorte príklop!	1
Keďže sústavne chcete, aby sa s vami tak zaobchádzalo, nemám inú možnosť len vám vyhovieť	1, 3, 5
Mal som si to radšej rozdať s tými kanibalmi.	4
Vojnová loď.	2, 4
Odľahčite loď a odhoďťe všetku záťaž.	1, 4
Pustite ma z tejto vyhne!	1
Zatvárajú dvere.	4, 7
- Pustite nás!	1, 4
Počkajte!	7
Päť stôp a stúpa, pane.	4
- Áno, pane!	8
Prekonali sme ich o 5,000 stôp.	5
Núdzová rýchlosť, všetky motory!	4
Ustúpte!	1, 4
Si na tom zle, kamarát?	7, 8
Čo je? Čo sa stalo?	4, 7
Pán Land.	1, 3
Skutočný ako moje tetovanie.	8
Som rád, že sa ti páči hudba.	2, 5, 7
Vďaka, baby.	5, 8
Čo takto pohárik?	5, 8
Esmeralda, ty si jediná na tejto bárke, kto mi rozumie	5, 8
Skúsme to ešte raz. Poď, skúsme to ešte raz.	1
Bol raz starec Nemo.	5
Kŕmil svoju posádku červíkmi a rybami.	5
Klzké a studené na riadoch z chalúh.	3
Miluje tie Flabelliny oculiny.	5, 7
Som rád, že nie si vo väzení, Ned.	5
Nechceme žiadnu jeho vďačnosť!	1
Môžeš mu to povedať za nás oboch.	1
Dobrú noc, Esmi.	8
Príliš protestujete.	1
Nemôžte tolerovať vieru v ľudskosť, pretože keby áno, všetko, základy vašej samotnej existencie, ktorú ste postavil na nenávisti a odplate, všetko by spadlo na nahej lži vášho života.	6
Čo spraví v jeden deň, to v kľude odčiní na ďalší.	3
Keby ľudia a národy mali dobrotu, o ktorej hovorím bol by som ochotný sa o všetko toto podeliť o svoje záznamy, o všetko.	6
- Je to tým, že mi neveríte?	1
Dajte mi šancu.	2
Blížime sa k Vulcanii.	2
Tu je vaša odpoveď, profesor.	1
Boli sme napadnutý silami s ktorými ste chcel obchodovať.	1, 3
Štyri stupne nadol.	5
Ostrov je obkľúčený vojnovými loďami.	4, 8
Už prichádzajú.	4
- Nie, Ned, nie!	4
My sme poslali tie správy!	2
Hej, profesor...	5
Všetko zničiť?	4
Klesáme s Nautilom poslednýkrát.	2, 4
Počkať chvíľu. Ja nerozumiem.	4
Čo to má spoločné s nami?	1
Umieram a Nautilus zomrie so mnou.	6
- Áno.	2
Ja nechcem zomieť.	4, 6
Keď bude svet pripravený pre nový a lepší život všetko toto sa stane v správny boží čas.	2, 6
Nevzdávajte to!	4
Dajte ho do kabíny.	1, 2
Vytiahnime čln a odplávajme preč.	5
- Profesor, kam idete?	2
