Zamujam?	8
Brian je imel prav.	5, 7
Da lahko hitro pobegnete?	8
"Brian iz podjetja me je poskušal ""poročiti""."	6
Oprostite, ker vprašam, ampak zakaj ste pristali na slepi zmenek? Nič nimam proti, ravno nasprotno.	7, 8
Zdel se je simpatičen.	5
Najhujše, kar se lahko zgodi je, da se dobro najem v kakšni dobri restavraciji.	2, 5
Je kaj resnega?	4
Hvala.	2, 5, 8
Nas ne boš povabil notri?	1
Vidim, da si bil zaseden. -Da.	6
Torej, kaj lahko storim zate?	7
Za to ti plačam.	1, 5
Zadolžil se je do grla. Investicije so propadle.	3, 6
Ni prišel prositi za pomoč človeka, ki mu je zaupal.	6
Ampak mi je enostavno vzel denar.	6, 7
Ni bil ravno pameten in zvedel sem za to.	8
-Razumem.	1, 5, 8
Ni to, kar misliš. Nikoli ti ne bi...	4, 6
Spoštuj me vsaj toliko in mi ne laži.	1
Vzel sem nekaj denarja z računa Con-Amalgate...	4, 6
Takole boš naredil.	8
Vrnil mi boš, kar mi dolguješ. Z obrestmi.	1, 2
Imaš prav, Michael.	8
Impresioniran sem.	5, 7, 8
Pohvalite me.	8
Preverili smo odtise v federalnem računalniku.	1, 4
Priskrbel sem si naslov Billingsove in jo šel zjutraj obiskati.	2, 5
Tvoja priložnost je bil informator, ki je bil v zaporu in bi prodal lastno mater, da bi skrajšal kazen.	1
-Mrzim te stvari.	1, 3
Ne zanima me. Ne želim postati njen prijatelj.	3
Misliš, da bi pilot vedel, če bi nam kdo sledil?	1, 4, 7
Kako ste me našli?	6, 7
Kava je na štedilniku.	5
Lahko ste tudi prijetni...	7
Točno vem, v kakšni situaciji se nahajam.	1
Ni razloga, da bi me iskali.	3
Ne bom pričala.	1
-Sprejela bom riziko.	2, 5
Ne bi vi tega morali vedeti?	1
Vlak upočasnjuje? Kako daleč je do postaje?	2
-Oprostite...	6, 7
Ne, ne šalite se.	2
Rad bi vam pomagal. Ničesar ne morem storiti.	3, 6
-Bojim se, da ne.	6
Zakleni vrata. Nikomur ne odgovarjaj, niti ne odpiraj.	4
Vi ste naredili napako.	1, 6
Enkrat...sem izgubil avto.	6
On laže, mama.	1, 3
-Imate pištolo?	2
Bom.	2, 4
Prijetno pot. -Tudi vam.	5
Kako ste?	2, 8
Pričakujeva družbo?	2
Izstopam na naslednji postaji.	2
Nisem neumna, g. Caulfield.	1
Sedaj se počutim veliko bolje.	5
-Dolg jezik imate.	1
Mislim, da me niste dobro slišali.	1, 4
Gospod je izgubil aktovko.	6
Očitno je ni tu.	3
-Je že prav, gospod.	6, 7
Helikopter je uničen. in pilot je mrtev.	6
Krivca sta še vedno na vlaku. Mene sta videla.	4
Mislim, da ne bova zdržala tako dolgo, preden naju najdejo. -Katera je naslednja postaja?	4
V tem je preveč ljudi.	1, 3, 7
Morajo vas najti in opraviti čisto in ne smejo pritegniti pozornosti.	2
Povem vam, da bo še vse dobro.	5, 8
Katero pivo?	5
V enem tednu mi bo zrasla druga.	2, 5
-Tako nerodna sem. Oprostite.	3, 6
Pa vi?	8
Rekli ste, da imate denar.	1, 2
Morali bi kaj reči. -Kaj?	4, 6
Kmalu bova prispela na postajo.	2, 5
Lahko jih obtožim samo za vožnjo na tem vlaku.	1
Potem še pogreb za pilota. Ne takšen kot Bentijev.	6
Brez zastave, nič takšnega.	1
Kakšen idiot...	1
-Torej, vi ste konjenica?	2, 7
Kje je ženska? -Na vlaku.	2
G. Caulfield?	7
Kdo te je poslal?	1
-Da, res sem bil neumen.	3, 6
V tem bom užival.	5, 8
Ljudje, za katere delam, so zelo odločni.	8
Seveda pa obstaja nenehna možnost, da ne boste živeli tako dolgo.	4
To niti ni tak napor za toliko denarja.	1, 2, 3
Druga stvar, ki bi vas utegnila zanimati...	1, 6
Profesionalca sva, tako kot vi...	4
Ni nama v interesu, da se zgodi nek incident na vlaku in ni možnosti za pobeg.	1, 4
Malce sem povprašal o vas.	4, 7
-Škoda, kajne?	3, 6
Rad imam svoj del sodne dvorane.	5
-Me je.	1
Zares bom užival v tem.	2, 3, 5, 8
Vlak ne stoji do Vancouverja.	1
Jezus! Kaj se je zgodilo?	7
Mi pravite, naj ne skrbim, ker boste za vse vi poskrbeli?	1
Za moje življenje gre.	1, 4
Mislila sem, da ste mrtvi.	1
Prijateljica se je dogovorila za slepi zmenek.	5, 8
Videla sem, kako so ubili človeka. Ne vem niti, če je bil dober ali slab.	7
Ne vem, kako sem se tisti večer vrnila domov.	4, 7
Pri dnevniku so povedali, kdo je bil Michael Tarlow. Rekli so, da je odvetnik poznanega gangsterja Wattsa.	2
Zato mi boste takoj povedali, kaj se dogaja.	6, 7
Niti nimava koga poklicati na pomoč.	4
Poskusite se naspati.	2, 5
Pustil vas bom malo samo.	1, 3
Kam greste?	7
Bi kavo? To bi bilo lepo.	2
Tega vlaka ne boš oropal.	1, 4
-Jezus...	4, 7
Ni prava, kajne? -Seveda ni.	4
Lahko bi nastradal.	1, 3, 4, 6
-Nisem vam dovolil, da se premaknete.	6, 7
-Lahko ti dokažem.	7
V tem je problem.	6
-Če pa ni prava.	1, 3
Nikomur ne bova povedala. V redu?	4, 7
Pravzaprav samo pijem kavo.	4
Bi se dobili z mano? -Oprostite?	2
Dal sem jima najin kupe.	5
Jaz goljufam in ona goljufa.	5
Moram iti.	4, 8
Ne razumete. -Razumem.	1
Ne, prosim vas! V nevarnosti ste!	1, 4
Pustite me.	1
-Pojdite v kupe in zaklenite vrata.	1
-Ni časa.	6
V drugem vagonu.	2
Mislim, da so komunikacijske veze uničene.	7
Naj povedo Larnerju, da je Dahlbeck pokvarjen.	2
Takoj.	2
Odpeljali so jo.	1, 4
-Koga?	7
Umaknite se...	1, 3
Primite se za ročko.	7
Povzpnite se na streho.	4
Ko boste na krovu... lezite.	8
Konec poti, budalo.	1
Greva...	2
Veš kaj mi je všeč pri tebi?	8
Ženska je na varnem.	5
Stopi v kontakt z njimi.	2
Tarlow poklical koga po imenu?	2
Da.	5, 8
-Nam ga lahko pokažete?	2
Kaj je narobe Barbara.	6
A bi prenehal že enkrat?	1
- Kdaj si imela zadnji zmenek?	1, 2, 7
Prestrašena si a ne? - Res te je strah tega mesta.	2, 7, 8
V imenu boga Johnny.	1, 3
O bog, kako si čudna.	5
Narediva to.	1, 3
Prihajajo po tebe Barbara.	1
Ni poti nazaj.	6
Prosim. Potrebujeva pomoč.	4
A je kdo tukaj?	2, 7
Daj no! Daj no.	1, 2
Umri. Presneto.	1
In upala, da pride kakšna pomoč.	4
Ne rabim te, da se boriš ločeno, razumeš?	6
Kar sem slišal je bilo utrujajoče govorjenje.	6
Kako bi lahko razložili da hodi naokrog moški z zlomljenim tilnikom?	7
...jih ujamejo in jih naložijo na tovornjake.	1
Imajo jih deset dvajset na tovornjakih.	6
Zunaj je eksplodiral avto.	4
Videl sem enega, ki je bil 30 krat ustreljen pa je še vedno hodil.	4
Dokler ni dobil strela v glavo.	1, 4
To ga je ustavilo.	8
Nekaj je, o čemer še nihče ni nikoli slišal in nikoli ni videl.	2
Morajo biti puške nekje v hiši.	4
Kaj je?	2
V redu je.	4, 8
Vse je v redu.	5, 8
Spodaj v kleti pa se dere njegova žena.	7
Lahko vprašam kdo sta vidva?	1
Skoraj ste mi zlomili ,roko gospod Ben.	1, 3
Strah nas je bilo.	4
Stari stric Rege, mrtev je. Videl sem ga.	7
Prekleto! Vse to smo že prej slišali.	1
Nadaljuj Tom.	2
A bi vi tvegali?	2
Zunaj pri skednju je bencinska črpalka.	2, 5
To je sranje.	1
Ne odločam o vas ali komurkoli drugem.	1
Razmišljam za mojo lastno rit.	5
Ne morem trezno razmišljati, če kričiš.	4
Ti misliš isto o meni, zato se raje eden drugega izogibajva.	3
Kaj mi še imaš za povedati?	7
Videl sem, da je njuna majhna deklica ranjena tako sem poskušal poklicati pomoč.	6
Motiš se. Delaš napako.  To je vse.	8
Šel je za njim kot...	4
Sam se je ustrelil.	3, 4, 6
- Bila je dobra ideja.	8
- Ni časa..	6
Okna pa bodo.	7
Nor si.	4
A se ti je strgalo'	3
Daj, naredi, kar sem ti rekel.	1
Kaj pa mi?	4
Tukaj je samo eno kladivo.	1
Kasneje jih bomo pojačali.	8
Če kdo najde kakšne ključe, naj jih obesi nase.	7
Lahko jih imajo tudi 100. Ampak to sploh ni pomembno zato, ker je tukaj spodaj bolj varno.	2, 5
Niti ti in niti jaz ne bova odprla teh vrat. - Če boš poskusila bom...	4
Moramo najti zdravnika za njo.	4, 6
Zgoraj ni zdravnikov. In ni nobenega izhoda.	4
Na kakšnem mestu smo obtičali.	4, 7
Ne bo dovolj.	1
Prinesi mi puško, ko se vrneš.	1
Daj, zabij jo.	8
Morali bi odtit, preden bo prepozno.	4
Vem, da bi rada šla od tod. Tudi jaz bi rad.  In to bomo storili.	2, 8
Dobro ti gre. Meni gre dobro.	5
Uspelo nam bo. Če bomo previdni.	2, 8
Je ona nora?	1, 3, 7
Zabijaj.	2
Še ena vrat.	3
Ne hodi gor.	4
Prekleto.	3, 7
Tako kot če bi bilo sto.	3, 4
Ne moremo čakati na njih.	2
Ta klet je edini varen prostor v tej hiši.	4
Še prosili nas bodo, naj jih spustimo dol.	1
In kaj boš potem Harry?	1
Kaj pa počneš?	7
- Kaj pa... - Utihni.  - Kaj bi rad dosegel?	1
Odprla bova.	2
Raje takoj odprite vrata.	1
Roke dol z mene.	5, 7
Od zdaj naprej bodo ta vrata odprta.	1
Tako se pa ne gremo. Niste hoteli v klet.  Pojdite zdaj ali pa pozabite na to.	1
To je Tommyjeva hiša. Vidva pa se nekaj petelinita.	7
Nikogar ne bomo vrgli ven. Nič takega ne bomo storili.	8
O moj bog.	4, 7
Morava priti dol. Hitro.	1, 2
Daj mi žeblje. In ključ za odvijanje.	1, 2
- Roke z mene. - Roke z mene.	1
Ustrelila si gospoda McGruderja	7
Mrtev je, ampak vseeno je šel na nas.	4
To ne more biti.	6, 7
Zgrabi ga.	2
Je mrtev?	2, 4, 6
Tako misliš?	7
Karkoli sem izgubila, sem izgubila že dolgo časa nazaj. Ne načrtujem izgubiti ničesar več.	1, 6
Vse bo še v redu.	2, 5, 8
Koliko nabojev gre v to stvar? 15.	2
Izgubili so sposobnost komuniciranja in razsojanja. Ne odzivajo se na ukaze ali oblast.	6
Civilne in vojaške sile so bile mobilizirane ampak nasilje je tako zelo razsežno, da je nemogoče da bi reševalne ekipe bile učinkovite.	6
Pravijo, da je edina razumna razlaga klica bakterija ali virus, ki spreminja možgane svojih žrtev.	4, 6
Lepo seronja.	1
- Nisem. Ti neumen...	1, 3
Prekleti!	1
Ubil te bom ti prasec.	1
Obstajala je samo ena pot, da izvemo kaj se dogaja. In ti si jo razbil.	1, 6
- Helen, prekleto. Ostani tukaj.	1, 4
Prekleto, gremo noter.	1
Nobenih zaprtih vrat med mano in njim. - Za jokanje na glas!	6
- Utihni Cooper. Brez besed.	1
Mimo teh bo težko priti.	6
Držali bomo te stvore vstran od tebe.	1, 2
Tom, Gremo v tovornjak.	1
Judy Rose, upočasni. Izgubila sva Bena.	1, 4
Ustavi avto.	4
Izgubila sva Bena.	4, 6, 7
- Izgubila sva Bena. Zakaj mi nisi rekel?	1, 6, 7
Ključi niso pravi. Kaj?	6, 7
Tom, kaj za vraga pa počneš?	1
Pojdi k vragu.	3
Nehaj Cooper.	1
Prekleti prasec.	1, 3
Presneto.	1, 3, 4, 7
Lahko nama uspe. Ne morem.	2, 7, 8
Potrjeno je, da so mrtva bitja zopet zaživela zaradi sil, ki so zaenkrat še nepoznane.	4
Likvidirati se lahko samo na en način. Tako, da se jim onesposobijo možgani.	4, 8
Potrjena so dejanja umorov in kanibalizma o katerih smo poročali popoldan in zvečer 23 avgusta 1989 so pripisane v celoti ali po delih tem ponovno oživljenim bitjem.	1, 6
Ne streljaj.	4
Jezus. Presneto.  Sveto sranje.	3
Kaj v imenu jupitera pa počneš tukaj sama mlada gospodična?	4
Lepo se imaš?	2
Krij mi hrbet. Lahko jih je več.	4
Pravega zlata vama ne bi zaupal.	3, 8
Čudovita zabava je.	1, 4, 6, 8
–Ne vem.	1, 2
Kam greš?	5, 7
Ne bi smel voziti. Razburjen si.	4
Nov avto je.	7
Vseč mi je.	5, 7
Režija	2, 5
Dobrodošli. Tu se vsem uresničijo sanje.	2, 5, 8
Pomiri se.	1, 7
–Kaj bova oddelali?	2, 5
Ti je res všeč?	7
Narkomanka.	3
Dominic ji je skušal pomagati.	6
Ker sem lačna.	5
Dekleti!	7
Carlosu si všeč.	7
Ves denar bi nama vzeli.	1, 4
Sami bova določali s kom, kdaj in za koliko.	8
Iščeš prijateljico? Ne.	2
Tega ne moreš zaračunati. Lahko.	1
Je tvoj?	8
Neverjetno.	2
Kako, da ti veš tako malo?	7
Na noč? –Na uro.	7
Šališ se.	1, 7
Ne. A ni slab.	2, 8
Upam, da ne.	2, 4
Vse bo v redu.	2, 5, 8
Pošljite mi šampanjec in jagode.	2
Ne nosim jih.	2
Zapri usta, dragi.	1
–Najboljši je.	5
–Vedno vse načrtuješ?	1, 2
Verjetno sprejemaš gotovino.	2
–Rada imam varnost.	8
Veliko odvetnikov poznaš.	2
–Kam?	2, 5
Lahko sezujem škornje? –Ja.	2
Moja bivša žena je v mojem bivšem stanovanju ... z mojim bivšim psom.	3, 6
Tu naj ostanem?	2, 8
Takoj pridem.	2
Ne smeš zanemariti dlesni.	7
Tega dela še nisem gledala.	5, 7
Kako bi rad?	2
Vse sem naročil.	2
Si dobro spala?	2
–Poslovna deformacija?	4
Ni lahko.	4, 6
Veliko čednih deklet poznam.	5, 8
–Posloven predlog imam.	2, 5
–Ja.	7
Sveta nebesa.	7
Ves čas kličem.	1, 8
Ves teden bom ostala.	2
Postaven je.	5
Kaj dobrega.	5
Ne odpirajte.	4
–Nič nimamo za vas.	6, 7
–Zakaj pa?	2
Torej ste njegova ...	2
Denar imam, pa mi ne dajo obleke.	6
Kar dajte.	1
Pozabi.	1, 2
Ne razumem, kaj se dogaja.	4, 6, 7
Tako dober je.	5
Tudi čevlje imam.	4, 6
Pokažem?	2
Še enkrat jo pokličite.	4, 6
Sredi razgovora sem.	1
Ne dvigaj slušalke.	1
–Potem nehaj klicati.	1, 3
Ne tako sklonjeno.	1, 3
–Od vaše nečakinje.	5
Zelo zanimiva je.	7
Greva na večerjo?	2
–Me veseli.	5, 8
Dovolj denarja imam.	1
Rad bi vodil ladjedelnico.	1, 2, 6
Nisem vedel.	6, 7
Kako?	7
Oprostite.	3, 6
Komaj čakam.	2, 8
Hvala za zaključek.	2, 5
Pridi dol.	3
Kar živčen sem.	2, 4
Zelo sva si podobna.	5, 8
Kdaj je umrl?	6, 7
14 let in pol nisem govoril z njim.	2
Ob smrti nisem bil pri njem.	4, 7
–Ne.	1, 3, 6, 7
Osamljena sem bila.	6
Te ljudje vedno poslušajo?	1
Spet v trgovino?	5
Presenečen sem bil, da si kupila le eno obleko.	7
Odvrzi žvečilko.	6, 7
Res veliko?	1, 2, 3
Kako mi je všeč.	5, 7, 8
–Res? Težak nasprotnik.	7
Kljub vsemu potrebuje posojilo.	2
Prav si imel.	7, 8
Moja mama je bila učiteljica glasbe. Poročila se je z mojim očetom, ki je bil zelo bogat.	5, 8
Potem se je ločil zaradi druge.	1
Zelo sem se jezil nanj.	1
–Z njimi preživljam čas.	2, 5
Kje si jo našel?	7
–In zdaj sta prijatelja?	2, 7
Senator Adams. Me veseli.	5
Nič novega?	1, 7
Ne skrbite.	8
Morda bi se lahko kdaj dobila, ko bo Edward odšel.	2, 8
Res mi je žal.	1, 8
Še nikoli me ni nihče tako ponižal.	1, 3, 6
–Hočem denar.	1, 4
Oprosti.	6
Neumno je bilo.	6, 7
Zakaj?	2, 5, 7
Ni mi bilo všeč.	6
Samo govorila sva.	6
Ni bilo dovolj za najemnino.	6
Kurba je bila. Rekla je, da je odlično.	3, 6
Ves čas sem jokala.	6
Veliko več bi lahko naredila.	8
Povejte, da ga pokličem v ponedeljek.	1
Nekaj manjka.	4
Koliko?	7
Jasno je.	5, 8
Sem, g. Lewis.	2
–Ker je najboljše.	2
Če ti je všeč, ti bo vedno.	3
Pozno je in delati moram.	6
Jaz da ne bi delal?	7
Potem se me boš znebila.	2
Stanovanje boš imela.	2
Ne bo ti več treba na cesto.	2
In da bo zlezel k meni.	5, 8
Rad bi te videl.	2, 3, 7
Zagrabili so ga.	2
Iti moram.	6, 7
Lepa si, ko se čista.	7
Vprašal me je, če se bova še videla.	7
Ga ljubiš?	5, 7
Nisem neumna.	1, 3
Morda bi lahko živela skupaj.	1
Premislil sem o ponudbi.	3
Bi kavo? –Črno.	5
Nočem kupiti vaše družbe in jo razbiti.	1
Težko mi gre z jezika, a ponosen sem na vas.	7
Znorel bom.	4
Morda bi bil srečen, če bi te nategnil.	5, 7
Računaš 50?	3
Nočem te prizadeti.	1, 3, 6
Poberi se!	1
Moški veste, kako je treba udariti žensko. Oko mi bo razneslo.	3, 6
Dobro sem se počutil.	5
Vidim, da si že pripravljena.	6
Vedno bo kdo, ki bo o meni mislil tako kot Stuckey.	3, 4, 6
Vse si spremenil.	6
Pokličem nosača?	1, 2
Ne morem.	6, 7
San Francisco ni kaj posebnega.	7
Kaj boš tam?	7
Naj nihče ne reče, da ni res.	5, 8
Kdaj odhajaš?	2
Kakšno sporočilo zame?	2
Še nekaj.	2
Gotovo se je težko ločiti od take lepote.	6, 7
Pravočasno boste v New Yorku.	2
In kaj se je zgodilo potem, ko je splezal gor in jo rešil?	2
Potem je ona rešila njega.	2, 8
Dobrodošli v Hollywoodu.	2
Kakšne so vaše sanje?	2, 5
Moja, moja!	2
- Počel bom kar bom hotel!	1, 5, 8
Odidi Satan!	1
Mami!	6
Oče, je vsega konec?	4, 5, 8
Dober dan.	2
Kaj je to?	3
Takrat so ljudje priimek dobili po poklicih.	6
Če bo mogoče bova ozdravila	2, 5
Nikoli ne pozabite, da je med nami	2, 4
Otroci, tako mi je žal.	6
Vendar me je duh tiste noči še vedno preganjal.	6
Po mojem izganjanju hudiča,	4
Nisem grešila.	1, 5
Daj mi znamenje.	2, 8
- Nikamor ne greš, svinja!	1
Oče, kaj se tu dogaja?	7
Nikoli še nisem tega počel.	7
Močnejši sem kot si lahko predstavljaš.	1, 2, 8
Jaz predstavljam vero množic. Veš, da ima krščanski nauk	8
Zato me ne poskušaj očarati s številkami. Sovražim vse religije.	1, 3
- Bog te blagoslovi.	8
"Zadnji ""beli ovratnik"", ki se je ukvarjal z menoj je končal z izpahnjeno ramo."	3
Kako si potem pojasnjuješ Pee Weeja. (komedijant)	8
Bil sem šibak in utrujen.	6
- Pokaži roke! - Oprostite?	4
Rekel sem ti!	1
Seveda! Da!	5
Mogoče je to Božji način, da ti utrdi vero.	2
Ga bodo zasmehovali?	4, 6, 7
Dobili bodo veliko mene.	1, 2
Hotel je mene.	2, 4
- Ne bom vadil z ženskami.	3, 4, 6
Zapri vrata!	1
Tole je odlična vaja.	2, 8
Moje srce je slabotno. Star sam že.	1, 4
Poglejte, to je Seann Penn!	5, 7
Samo pohiti.	2, 5
G. Aglet Ni hudič.	5
Izganjam te v pekel! - V pekel!	1
– Izganjam tee in vračam v pekel!	1
Se rad preoblačiš v ženska oblačila?	7
Dovolj vode!	1, 3, 6, 7
Satan, počakaj!	1
To je to, Amerika.	1
Ne boš!	1, 2
Temu praviš napitnina, prašič skopuški?	1, 3
Ne bo zdržal prvega udarca.	2
Ne poslušaj ničesar, kar ti reče.	1
Mislim da je bolj intimna razsvetljava primernejša.	2
– Dolgo časa se nisva videla, Mayii.	1
Kar si ti naredil meni.	1, 3
Odvratno, Ogabno Gene.	3
Kako si upaš? !  - Koliko časa je v takem stanju?	1, 3, 4, 6, 7
Ne pametuj!	1
Gospod ...	2
- Kakšna lebdeča poteza! Jezus mu reče...	7
- Dovolj!	1
Ti?	1, 7
Jutri nima šole.	6
Kakšen slabič. - Oče!	1, 3, 7
Ne morem verjeti!	7
- Satan, pregnal si jih.	7
- Oče, opazil sem neki vzorec.	2, 4
On je nedolžen!	4, 6
Sranje!	1, 4
In za grahovo juho tudi.	5
Daj no.	1, 4, 6, 7, 8
Tale se je ujema.	1, 4
Položi stave, kolega.	2, 5
Sem ti rekel, da me ne kliči tako.	1
Jih boš obral ti ali jaz?	2
Kako to misliš?	7
Ste slepi ali kaj?	1
Mislim, da je nekdo označil karte.	1, 4
Si nor?	1, 7
Ne bi stavil 194 dolarjev na ušiv par.	1, 3
Pravim, da si označil karte.	1
Ni mi treba označiti kart, da bi te premagal.	1
Tu počakaj.	2, 4, 8
Jaz bom poskrbel zanj.	5, 8
Daj mi denar.	1, 2
Že ves dan gredo mimo mene.	1
Zate 17, Philly.	3
Koliko sem ti dolžan?	1
Si kaj zaslužil?	2
Neki tip me je obtožil, da sem označil karte.	1, 7
Si igral z amaterji?	3, 6, 7
Ti nisem rekel, da ti bodo razbili betico?	4, 5
Bilo je edino omizje, v katerem mi ni bil nihče dolžan.	7
Kid bo moral igrati z njim.	2, 4
Odlična ideja, g. Howard.	5, 8
V veselje mi bo.	5
Sporočite moje pozdrave svoji očarljivi soprogi.	8
Odlično.	2, 5, 8
Velja.	5, 8
Ne dotikaj se me.	1, 3
Predolgo.	1, 3
Položil me je, nato pa zvezal in...	3
Počakaj, da bo tebi gledal v goltanec.	3, 4
Mislil sem, da sem najboljši pokeraš na svetu.	6
Za najboljšega sem se imel.	6
Čisto vse bo naredil, da bi te pokopal.	4
Nočem lekcije.	1
Hočem vse, kar ima.	2
Kaj si naredil z jopičem?	7
Ne bom več povedala.	1, 6
Ne boš verjel.	7
Tudi možje so bili zadovoljni.	5
Ker je razumno.	2, 5
Zakaj sploh hodiš gledat francoske filme?	1, 3, 7
-Saj vem.	5, 8
Meni je Melba všeč.	5
Moraš pri vsem goljufati?	1, 3
Ne razumeš?	1, 4
Sestavljanko si uničila.	1
Ta košček ne gre sem.	1
Zakaj bi se jaz oglasila?	1
Prišel bom.	8
Bi res nosila kaj takega?	3, 6, 7
Gotovo bi tudi tebi pristajale.	2, 5, 8
Kam pa zdaj?	1
Pridi, pa boš ugotovila.	2
Prav to je najlepše.	2
To je že nekaj.	5
Bi ti hotela do smrti ostati s Shooterjem?	2
Vsaj veš, koliko nekomu pomeniš.	5, 8
To je najvišji polog doslej.	7
Kako ste vedeli, da nimam dame ali asa?	1, 7
-Hvala.	8
Boš igral s Kidom?	2
Ampak mislim, da boš v njegovi igri užival.	2, 7
Daj no. Včasih si imel rad čim boljše tekmece.	2, 5
Kaj čakamo, Shooter? Igrajmo.	2, 7
Nikoli ne boš uganil, kje sva bili.	2, 7
Se vidimo.	2
Kdaj greš?	2
Razen če bi rad, da ostanem.	2
Niti tega nisi vprašal, zakaj grem.	1
Tega nisem nikoli rekel.	1
Sem že spakirala.	5
Je tako, Shooter?	1
Hvala za zabavo, gospodje.	2, 8
Koristno je bilo gledati velikega umetnika pri delu.	5, 7, 8
Hvala za to čast, gospod.	5, 8
Ni za kaj, sinko.	5, 8
Lepo je spoznati nekoga, ki ve, da pravemu kockarju denar ni cilj, ampak le orodje, tako kot je jezik za misli.	5, 8
Nocoj ne morem.	2, 6
Se vidiva.	1, 2, 4, 8
Hvaležen bi ti bil.	5, 8
Hvala, Kid.	2, 5
-Na tleh je.	6
Pri partiji fara je pogorela.	1
-In naj zmaga najboljši.	2, 5, 8
Saj res, Shooter, povej, bom imel s tem tvojim mladeničem težave?	3
Najdaljšo igro sem odigral na prvi plovbi Mauretanie.	3
To je vsekakor res.	8
Nisem se še pripravljen umakniti.	6
Morava sedeti z njimi?	3, 4
Daj, Jessie, umakni se.	1
Ne sekiraj se, Kid.	8
Tudi mene je moja zapustila.	6
Koga pa misliš, da slepiš, sestrica?	1
Pripravljena.	2
Kaže, da nama boš plačal, debelinko.	3
Alice Lee, kaj ko bi g. Williamu dotočila pijačo?	5, 8
Ljubica, pojdi v kuhinjo in nama prinesi nekaj tistih izbranih malih prigrizkov.	8
Prav to sem nameravala, srček.	2, 5
Resno, Billy, včasih se mi zdi, da znaš brati misli.	4, 7
Ta deklica mi pomeni več kot ves svet, Shooter.	5, 8
Melba je prijetno dekle.	8
Dekle s slogom in okusom.	5
Okus za lepe stvari.	5
Takrat se nam začnejo odtujevati.	6
V New Yorku bodo verjetno stavili v razmerju 8: 5 za Lanceyja.	2, 8
Sam pa mislim, da ima Kid boljše možnosti.	2
-Jaz ne bi ravno stavil na to.	8
Z njim bo kmalu konec.	3, 4, 5
Težava je, da bo Kid morda živčen. Pomembna igra bo.	4
Tega ne bi mogel narediti.	6
Ne pride v poštev, g. Slade.	1
Melba bi bila zelo ponosna nate, če bi dobil 25.000 $.	2, 5
Žal mi je, g. Slade.	6
Veš, kdaj sem to spoznal?	7
-Vse te zgodbe poznam.	3
V tebi prebudi najboljše, Melba.	5, 7
Ti je všeč, kar vidiš?	2
Ne reci, da je Shooter tvoj najstarejši in najboljši prijatelj.	3, 7
Ja, mislim, da se je imela lepo.	5
Baraba!	1
Upam, da boš izgubil.	1, 3
Hvala, srček.	8
Slišim, da bo polno.	2
Veš, kdo je bil to?	8
-Danes ne.	1, 3
V mestu bo veliko denarja.	2
Se vidimo pozneje.	2, 5
Hej, Kid!	8
Tudi nate so veliko stavili.	2
Se vidiva pozneje, Shooter.	2
To pa je presenečenje.	7
V grelniku je topel kruh.	5, 8
O stvareh, o kakršnih sanjarijo deklice.	3, 6, 7
Slišala sem zgodbo o kamnu želja nekje na bregu Misisipija.	2
Če bi ga poljubila in si nekaj zaželela, bi se uresničilo.	2, 7
Taka kot po navadi.	8
Zdaj lahko očetu pokažeš nekaj trikov.	2
Trikov?	2
Česa takega pa še ne!	3
To moraš videti. Pridi sem.	2
Dobro glej.	5
Ne pokažite mi je.	1
-Nekaj že.	2
Nič naj te ne skrbi.	8
25 let sem gradil svoj ugled.	5
Dobro veš, o čem govorim.	8
Nekaj ti povem.	2, 8
Ne bom mu pomagal, če tega ne bo potreboval.	2
Dobri stari pošteni Shooter.	8
Vedno bolj me spominjaš na mojega prvega moža.	1, 3, 5, 7
Tudi on je bil zguba.	3
-Jaz nisem zguba.	1
Pozdravljeni!	5
Kako lepo!	5
Kaj bi pa še lahko bilo?	1
Pa še kako.	5
Ubij tega mačka, Kid.	1, 4
-Odlično.	5
Lepo te je spet videti.	5
Lepo, da sem vas spoznal.	5
Tudi mene veseli.	5, 8
New Orleans je bil vedno dober do mene.	5
Pravijo, da ste zelo dober pokeraš, mladenič.	2, 8
Že nekaj let slišim govorice o vas.	2
To je nevarno početje.	4
Iz neworleanškega kluba za bridž so. Upravnik jih je zvezal.	4
Shooter, Lady Fingers in jaz smo jih prinesli naravnost sem.	8
No, Kid, kaj igraš?	2
Gospodje, če nima nihče nič proti, bom jaz delil.	1, 8
-Škoda, Lady Fingers.	6
Saj veš, kako občudujem tvoj slog igre.	2, 5, 8
Upam, da bo zdržal.	2
Kdor ostane brez denarja, ima pol ure, da ga dobi in se vrne v igro.	1
Igram.	2
-Igram.	2, 8
-Ne lovim devetic.	6, 7
Meni pa ne steče.	1
Shooter ve, kaj dela.	8
Bolje, da ostane pri tem, če hoče obstati.	1
Igrat sem prišel.	2
To je zelo lepo.	5
Lancey?	7
Kaj se dogaja?	2, 4
Kid ga je enkrat obral, ni si še opomogel.	4
Fant h kralju.	8
Jaz pa stavim vse.	8
Polom.	1, 4
Izenačim na 1.500 in zvišam na... 2.500.	8
Hvala, Lancey.	5
Hvala lepa.	5
Nima sreče, kaj?	7
Hvala lepa, Melba.	8
Veš, Melba, vedno me razžalosti, če človek kot Shooter pride v srednja leta, pa še vedno ne ve, ali bo prihodnji teden kaj zaslužil.	3, 4, 6, 7
Slade. -Te to nič ne moti?	3, 4
-Spider Man je umrl počasi.	6
-Počasi je umrl.	6
Dobra družba.	5
Veš, Kid, ti si najboljši pokeraš, kar sem jih videl v 35 letih igranja.	8
Si vedel, kaj bo?	1, 7
Pridi kdaj.	2
Mogoče bom res.	7, 8
-Samo dobre živce potrebuješ.	8
Človek izgubi občutek za karte, ker toliko igra dan za dnem.	6
Imam, ampak zdaj ni v mestu.	1
Upam, da ni nič neprijetnega.	2, 4, 8
-Takoj pridem, Shooter.	8
Vesel sem, da sva poklepetala.	5, 8
Res je, Lancey.	5, 7
Nov pristop.	7
Trojka.	8
Konec.	1
Koliko imam?	2
Tvoje je, Shooter.	2, 5
Ti in ta tvoja knjižica.	1
As, kralj, desetica.	5
Kakšna zmešnjava.	3
Deli, Shooter.	2
Treh sedmic ne morem premagati.	8
-O čem je govoril film?	2
Dobro.	5, 7, 8
Hotel sem se prijaviti, vendar pravijo, da sem prestar.	6
Grozna.	1, 4, 7
Lepo dekle.	5
Ne bodite vljudni.	1, 3, 8
V primeru, da zavrne, lahko lady Tadminster otvori zabavo prvi dan, ga.	1
Kaj bomo pa z vojvodinjo?	2, 7
John je srečen človek.	5
Zamujava.	3, 6
Veš, draga moja, prepričan sem, da je ta blazina vlažna.	8
Ne moreš sedeti na vlažni blazini, kajne?	3
Tu je Cynthia.	5
- Na stotine!	7
Velik gizdalin, toda neverjetno pameten.	8
Vi, ljudje. Kje je ostanek voda?	2
Styles Court je zares veličastno staro mesto.	7
Ti ne more brat pomagati?	1
- Lawrence?	1
Odkar se je poročila, seveda...	3
Dober dan, g. Poirot.	5
Vse te steklenice različnih velikosti, ki so zložene brez reda.	1
Kaj to pomaga, ha?	2
Poskušam jim vcepiti smisel za red in metodo, toda vedno uidejo v gostilno.	1
Izredno dober konj.	8
Kmetijstvo je ena od tistih panog, ki so izvzete, na srečo.	5
Tu je zares tako malo dela naokrog.	2
Nisem mislil, da je to žensko delo.	7
Vojna je.	4
- Z veseljem. Mary.	5
Kaj je narobe?	3, 6
Lepa godlja.	2
Evie, to ne more biti res.	7
Bojim se, da sem Emily povedala nekatere stvari, ki jih ne bo hitro pozabila ali oprostila. O, Evie.	6
Končala je s tem, da je rekla, da čimprej, ko zapustim hišo, tem bolje. Tako, da odhajam.	1, 2, 4
G. Hastings. Vi ste najbolj pošteni.	2, 5
- Pazite na njo, g. Hastings.	8
Skoraj je prevroče, kajne?	3
Zares, mon ami Hastings!	1, 5
Ona je ljubeznivo podaljšala gostoljubnost sedmim mojim rojakom, ki so begunci iz svoje domovine.	5, 8
Poleg tega nam je odstopila tisto ljubko hišo tam čez.	2, 7
Da, res pravi.	8
To je samo posojilo. Ne!  Ne!	1
Dorcas, prinesite mi nekaj znamk, boste?	1, 3
Ali ne bi šli raje počivat? Da.	1
Ali ste zakurili ogenj v moji sobi? Sem.	2
Vse sem izvedela od Dorcas. Da, vem.	2
- Opozarjam te, John.	1
Utrujena sem.	6
Moram oditi dol v vas, da obiščem našega agenta za nepremičnine.	1, 2, 3, 4, 6
Odpri vrata!	1, 2
Tam so vrata z druge strani.	4
V redu je. V redu je.	5
Sedaj se počutim malo boljše.	6
Ne!	1, 4, 6, 7
Gotovo je bil to infarkt.	6, 7
O, moja uboga Emily.	6
Zadovoljen sem z vami, Hastings.	5, 8
Povsem razumem.	7
Hastings, to morava pustiti, dokler ne bo navzoč odvetnik ge.	4
To je zelo zanimivo, mon ami.	2
Ogenj v spalnici sredi poletja, Hastings?	5
Tu bi lahko bilo...	2
Tako kot sem pričakoval.	3, 4, 8
- Draga moja Dorcas. Ga.  Inglethorp leži mrtva.	1, 2
Nadaljujte, gospodična.	8
Ne vem, kaj naj naredim.	4
No, če je bil zadnji odmerek vzet pred dvema dnevoma, to ne more biti pomembno.	1
Kaj?	2, 7
Bojim se, da tukaj ne moremo govoriti o slučajnosti.	4
Vi ste vzeli ključe, kajne, g. Poirot?	2, 7
- Mais c'est impossible.	7
Videti je precej očiten.	2
Verjetno je bilo 27 stopinj v senci.	1, 2, 7
Ali ni bilo tako?	3
- Razumem.	5
Ali nam lahko poveste, g. Inglethorp, kje ste bili v ponedeljek, osemnajstega junija zvečer?	1, 2
- Sam si je zadrgnil zanko okrog vratu.	1, 4
Stvari se hitro odvijajo, prijatelj moj.	7
Poirot sva se srečala že prej. In ni človeka, katerega mnenje bi raje slišal od njegovega.	7
Tožba proti njega bo takoj opuščena, comme ça.	2
Alfred Inglethorp ne sme biti aretiran, načelnik.	8
- Ne? Prelepo mesto.	5
Hastings, ali vam ni bilo sumljivo, da je g. Lawrence Cavendish sugeriral, da bi lahko bila njegova mati zastrupljena slučajno?	1
Ne, ne, ne, Hastings.	6, 7
- Na postajo.	6
Razumem.	8
Povejte!	6, 7
Popisal sem jih. Imena in naslove.	7
Torej smo spet na začetku.	3
ne odvedi nas v težko bolečino večne smrti.	4
Toda midva morava biti še bolj inteligentna.	2
In tu boste vi zelo dragoceni, mon ami.	2, 5, 8
Ali vam ga lahko ukradem, g. Poirot?	3
Pa, predvidevam, da je pozabila. Ali pa ni pričakovala, da bo umrla.	6
Sovraži me.	1
Tudi on me ne prenaša.	4, 6
Vseeno, grozno je, če vas nihče nima rad, kajne?	6
Lawrence se nikoli ne pogovarja z mano, da bi mi to pokazal.	1, 6, 8
Ne bodite neumni!	1
- Nisem neumen.	2
Zelo ste me razvedrili.	5
Ta zlobni detektiv!	1, 3
Sojenje starejšemu Baileyju za umor!	1, 4
Ali priznate krivdo?	2
Slišali ste del pogovora z njeno taščo, ko je ona zahtevala, da ji ga. Inglethorp nekaj pokaže?	8
Imate mirno roko, Poirot, moram reči.	7
- Pokažite dokaz D.	2
Potem pa najbolje, da greste gor.	2
Smo se vsi zbrali, da?	2
To bi tudi jaz hotel vedeti, stari moj.	2
Mesdames et monsieurs, dober večer.	5
Ali nimam prav, gospa?	1, 2, 8
Inglethorp osebno.	7
Kljub temu, mon ami.	2, 8
To je samo posojilo. - Ne!	8
Če strihnin ni bil v kavi, mi pa vemo, da ni bil v kakavu, kje je potem bil?	4
Ne?	1
Njeno zdravilo.	7
Verjetno je bila zadnja doza usodna.	6
Nekdo je dodal uspavalni prašek v njen tonik!	7
Toda jaz sem že zaklenil škatlo za pisma ge. Inglethorp tisto jutro, ko je umrla.	3
O, da.	2, 5, 7
V redu.	5
Zaslužila sva si ta denar v vsakem primeru.	1
Grozno!	3, 4
Nikoli ga ni končal pisati, vidite, mon ami.	5
Ostalo vemo.	1
Nikoli nisem niti za trenutek verjel, da si ti to naredil.	4, 7, 8
- Mislil sem, da je z mano konec.	5
Hočem slišati vse o tem.	2
Veste, ena stvar, ki jo ne razumem, je, zakaj se je zdelo, da je Inglethorpu toliko do tega, da ga aretirajo?	4
Potem bi obelodanil svoj popolni alibi in bi bil varen za celo življenje.	3
Gospa Howard? - Mais oui.	1, 3
Prebrisana vraga.	8
Tista neumna zveza z go. Raikes je pozabljena.	1, 3
Kaj vse moški in ženske ne počnejo zaradi ljubezni! Mais oui.	5, 7
Nikoli ne bom pozabil način, kako je gledal, ko smo odšli v sobo ge. Inglethorp.	5
- Ker je zaljubljen vanjo, seveda!	5
O, vi ste oba tako draga človeka.	5
Kakšno očarljivo dekle!	5, 7, 8
Nikoli ne bom razumel žensk.	6
-Na stotine!	7
-Lawrence?	1
-Z veseljem.	5
Bojim se, da sem Emily povedala nekatere stvari, ki jih ne bo hitro pozabila ali oprostila.	6
O, Evie.	2, 5, 7
Ljubi bog.	7
Končala je s tem, da je rekla, da čimprej, ko zapustim hišo, tem bolje.	1, 2, 4
-Pazite na njo, g. Hastings.	8
-Draga moja Dorcas. Ga.  Inglethorp leži mrtva.	1, 2
-Mais c'est impossible.	7
-Sam si je zadrgnil zanko okrog vratu.	1, 4
-Ne? Prelepo mesto.	5
-Na postajo.	6
-Nisem neumen.	2
Poirot.	4
-Pokažite dokaz D.	2
To je samo posojilo. -Ne!	8
-Mislil sem, da je z mano konec.	5
Gospa Howard? -Mais oui.	1, 3
Kaj vse moški in ženske ne počnejo zaradi ljubezni!	5, 7
-Ker je zaljubljen vanjo, seveda!	5
Oba sta zelo ljubka.	5
Pridi!	2
Vse zamočiš.	1
Kaj bi radi, razen težav?	1, 2, 3
Tiho!	1
Meni se tole ne zdi smešno.	3
Nehaj. Vem, kakšni so ti kreteni.	1, 3, 8
Zberi se.	2
Prasci!	1
Nočem tako umreti.	6
Zakaj je ni tukaj?	4, 6
Gospod, ali so to nebesa?	4
Naučiti se brati, hoditi, govoriti, smejati in boriti.	2
- Da bi služila domovini.	2, 8
Reci jim, naj odprejo vrata.	1
To ti bo pristriglo peruti.	6
Če pritisneš tukaj, lahko kaj narišeš.	2
To orožje uporabljamo.	4
Pripravi se.	2
Sedi tja.	8
A če se bova potrudili, te bova spremenili v človeka.	3
To bo za začetek dovolj.	5
Ko bi vsaj že šlo.	6
Humor. Dober začetek.	8
Sta že prijateljici?	5
Naslednji teden jih bom dopolnila 20.	2
Odličen program imam za preizkušnjo.	5
Ne vem.	6, 7
Vse najboljše.	5
Potem ti ne bom mogel več pomagati.	6, 7
Opazuješ moje roke?	1
Nekoč so bile lepe.	5
In ne pozabi. Dve stvari na svetu ne poznata meja:	2
Naj grem?	1, 6
Kot ponavadi, gospod?	5, 8
Glej tole.	2
Nabita je.	2
Tukaj se nekaj dogaja!	4
Odpri vrata, kreten!	1
Pogrešal te bom.	6
Kar stoj.	1
Jasno?	1
Račun imaš v banki nasproti bolnišnice.	2
Gotovo ni vredno več kot 10 Frankov. Naj bo 10!	2, 5
- Ohladilo se bo.	4
Pristavila sem kotliček.	2
Je vaša visokost dobro spala?	2, 5, 8
Leona bom povabil na večerjo v soboto.	5
Lahko bi odprla posel.	2
Ne sorodnikov ali prijateljev.	1, 2
Dobro jutro. Sobna strežba.	5
Bob tukaj.	2
Rad bi ti čestital.	2, 8
Z veseljem.	2, 5
Stric Bob?	7
V kopalnici je.	1
Nehaj. Kdaj te bom dohitel.	4, 6
Še en poklon, prav?	2
In prepričan sem, da po tvoji zaslugi.	5
Njega sprašujem, ne tebe.	1
Pri osmih je bila čudovita.	5, 7
Vedno je nosila pentljo, ki se je ujemala z obleko.	8
Videl sem jo samo poleti, ko je družina najela kmetijo.	6
Z vsemi bratranci in sosedi je bilo kakih 20 otrok, ki so kar naprej kakšno ušpičili.	1
Domov je prišla vsa premočena, a vedno z istim izgovorom:	1, 8
Ne gondola.	4
- Jaz tudi. Lačna sem.	6
Papiga!	1
Josephine.	7
Sestavljanje končano.	5
Ni kljuke!	1
Se lahko pogovoriva?	4, 6
Ne vem, kaj se dogaja in kaj si preživela, da si takšna.	3, 6
Najhujše bi bilo olajšanje.	1, 6
Tarča vidna čez 10 sekund.	2, 4
- Nimam še podatkov.	6
Vesel sem, da te spet vidim.	5
Pogrešam čase, ko sem te ves dan imel samo zase.	6
Mislil sem nate.	5, 8
Da bi ti pokazal, da te ljubim.	5, 8
Kakšna dobrodošlica.	5, 7
-Seveda. Šampanjec!	5
-Urejeno.	5, 8
Pri svoji ljubici je.	8
Ne zanima nas on.	3
Torej vemo, kje jih dobimo.	2
Kako si me prestrašila!	4, 7
Kako tako dobro dišiš kljub delu v bolnici?	5, 7
Ženske zvijače.	2
Marie-Helene, pozdravljeni.	7
Od nekoga, ki je bil zoprn, še preden sem vzela slike.	1
Viski.	5
- Spremenili so jo.	1, 6
To je moja naloga.	1
Odjebi tvojega čistilca!	1
Prav, nehaj.	1
Victor, najprej se morava pogovoriti.	2
Čistim tvoj drek.	1, 3
Sranje! Sploh ni mrtev!	7
Pojdi na ambasado.	1
Tukaj so ključi!	7
Nikogar ne boš klicala.	1
Se vidiva čez eno uro.	2
Ne prenesem več.	3, 4
Prosim te, greva.	4
Kdo je to?	4
Pripravljeni so.	8
Kratka vožnja in prideva nazaj.	2
- Prosim, nehaj.	4, 6
To delo je preveč zate.	3
Ne smejo se postarati.	6
Vse vem, Marie.	1, 3
V tvoji bolnišnici ni nikoli bilo Marie Clement.	1, 2
Vem tudi za straže, zasledovanja, posnetke.	4, 7
- Ker ljubim samo tebe.	5
Moj Marco.	8
Si najčudovitejši človek, kar sem jih kdaj srečala.	5
Se ti ne zdi, da je odplačala svoje?	6, 8
Poskusil bom. Vendar je v nevarnosti.	4
-Ja.	2, 7
Ja.	5, 8
-Daj mi ključe.	7
Razburjen si.	4
Lahko umaknete avtomobile?	3
-Sploh ne veš, kam greš.	5, 7
Režija Dobrodošli.	2, 5
Tu se vsem uresničijo sanje.	2, 5, 8
Od prej.	4
Lepo, a ne zdaj.	2, 5
Ti je res všeč? -Spala sem, pa si ga vzela.	7
-Jaz sem stara.	8
Ker sem lačna.Jest grem.	5
Ves denar bi nama vzeli. Prav imaš.	1, 4
Iščceš prijateljico? Ne.	2
Lahko.	1
Neverjetno. Samo štiri cilindre ima.	2
-Greva.	2
Na noč? -Na uro.	7
Ogrni se. -Zakaj?	2
-Najboljši je.	5
-Vedno vse načrtuješ?	1, 2
Vedno.	2
-Pomagala bom.	3, 4, 8
-Kam?	2, 5
Kaj gleda?	2
Lahko sezujem škornje? -Ja.	2
Moja bivša žena je v mojem bivšem stanovanju... z mojim bivšim psom.	3, 6
Takoj pridem. Šampanjec seje prijel.	2
Glede avta...	6
Takoj bom šla.	1, 2, 5
Vse sem naročil. Nisem vedel, kaj boš.	2
-Predobro.	4
-Poslovna deformacija?	4
-Posloven predlog imam.	2, 5
-Nič nimamo za vas.	6, 7
-Zakaj pa?	2
Torej ste njegova...	2
Verjetno ima prav.	3
Tako doberje.	5
Zelo elegantna je.	2, 8
Še enkratjo pokličite. -G.	4, 6
-Potem nehaj klicati.	1, 3
-Od vaše nečakinje.	5
Hvala. -Bom.	5, 8
Razen s tabo.	2, 4, 8
-Seveda.	2, 3, 8
1 4 let in pol nisem govoril z njim.	2
Oasmljena sem bila.	6
Pokažite.	7
Ona. Oprostite.	6
-Res? Težak nasprotnik.	7
Odkrij od koga.	2
Rekel si, da to hočeš.	1
Moja mama je bila učiteljica glasbe. Poročila seje z mojim očetom, ki je bil zelo bogat.	5, 8
Potem seje ločil zaradi druge.	1
Zelo sem sejezil nanj.	1
-Z njimi preživljam čas.	2, 5
-Dobro.	7
-Čudovito.	2, 5, 8
-In zdaj sta prijatelja?	2, 7
Neumnoje bilo.	6, 7
Ostani do konca tedna.	2, 5
Jasnoje.	5, 8
Sem, g.	2
-Kako pa? Ne bo ti več treba na cesto.	2
V torek bi morala priti.	1, 6, 7
Res is dobra.	5
-Ja. Vprašal meje, če se bova še videla.	7
-Prosim te. Ga ljubiš?	5, 7
Posluša vas. Premislil sem o ponudbi.	3
-V redu je. Bi kavo?	5
Težko mi gre zjezika, a ponosen sem na vas.	7
Zelo sem jezen.	4
Znorel bom. Morda bi bil srečen, če bi te nategnil.	5, 7
-Pusti me!	3
-Poberi se.	1, 3, 7
Moški veste, kakoje treba udariti žensko. Oko mi bo razneslo.	3, 6
-Dobra.	5
A zdaj je vse drugače. Vse si spremenil.	6
-Pulover bom oblekla.	7
Od tega seje težko ločiti.	6, 7
- Imam nekaj sendvičev v nahrbtniku.	5
Ne izgubljajmo časa.	5, 8
Samo še malo.	2
Tišina, prosim. Prisluhnite vsi.	2
Mlad deček rabi našo pomoč.	2
Dobro, hmm,	1, 7
Ti in Bernard sta zaprošena, da sprejmeta... Nevarno nalogo v Avstraliji.	4, 6, 7
Ne sedaj, Francois !	1, 2, 3
- Da., toda--	2
Točno vem, kaj mi hočeš povedati.	2, 6
Nikoli nisem mislil tako na to--	7
Ukrepati morava nocoj !	2, 7
Takoj morata odleteti.	2, 4
Dragi, v redu boš.	2, 8
Bernard, to ni čas za igranje v snegu.	1, 6
Glej, Bernard !	4
- Pridi dol, sinko !	2, 8
Zgrabi to, fant, zgrabi !	5
Oprostite, da vas motimo.	8
Ne morem verjeti.	7
"- Prišla sta na pravo mesto. Dobrodošla k...  Letalski družbi ""Albatros""!"	2, 5, 7, 8
"Imam tone čudovitih destinacij, eksotičnih daljnih krajev... posebej pripravljenih za ""romantičen pobeg za konec tedna,"""	2, 5
Ko že govorim o tem, kaj vama lahko dam ?	2
Sredi junija bi bilo zelo lepo.	6
Hecata me, kajne ?	7
Misliš, majhen tip fanta?	1
Na pomoč, na pomoč, na pomoč !	4
Le še 5 minut.	4, 6
Oh, fant!	4
- Pa gremo spet.	2, 5
Negativno 1 -3. Obrnite se !	1
Wilbur--	4
Ne morem pustiti, da me ti kontrolorji pošiljajo sem in tja!	1
- Jaz, kolega, pa ti pravim še enkrat, da grem dol!	2
Sparky, podaljšati morava stezo!	2
- Prihajamo !	2, 5
Ne poskušaj mi razlagati, da je steza prekratka.	1
Dobrodošla v Australiji.	5
- Oh, kako prijazno.	8
Dovolite mi, da vam nesem kovček.	2, 7
- To ti je prava bolečina !	1, 4
Wilbur, ne skrbi.	2, 8
Horuk !	4
Pripravljen sem celo zaplesati mambo.	5, 8
Vsi pridejo cvileči in odidejo režeči.	2
Prepustite to meni.	1, 5, 8
- Sprostiti ?	1
Saj sanjam !	5, 7
- Ogenj! Oh, av!	4, 6
Torej, katero pot bosta ubrala ?	2
Ko prečkata drago Krvavih črvov, sta že odnesla celo kožo. Tako je, do prelaza Mrtvega dinga.	2, 4
Zemljevid je neuporaben tu v divjini.	1
Tole bo nevaren izlet.	2, 4
Ne še ! Dobro, fant,	2
Počakaj, počakaj.	1
Pa poglejmo, če ti lahko osvežimo tvoj stari, zarjaveli spomin.	2, 4
Ne skrbi za Jakca.	8
Gospodična Bianca, Jaz..jaz bi bil zelo počaščen... če bi me ti--	8
In glej, da ne boš povzročal kakšnih težav !	1, 2
Zdaj pa, lezi!	1
Takrat, bil sem le jaz... in 300 podivjanih, po miškah lačnih dingov.	2
Nikoli !	2
- Hmm, iz puščave ?	2
- Oh, ne !	5
Prosim, prosim, ne pustite mu, da stori to.	1, 6
Ja, izmislil sem si !	5
Le ključe moramo dobiti !	2
Oh, in to je vse ?	2
Tu so !	5
Še malo naprej.	2, 5
- Naj ga nekdo utiša !	1
Zahvalili se mi boste, ko boste prosti.	2
Čisto je zarjavelo.	1
Niti sanjati ne morem, da ga uporabim.	3, 4
Odiranje česa?	1, 4
Deluje!	5, 7
Moj hrbet!	6
Oblasti pozivajo prebivalce -- k skrajni previdnosti.	2, 4
Dobiti moram proteine.	2
Če ga dam v orjaško mravljišče, se mu bo mogoče razvezal jezik	1
S kom misliš, da imaš opravka, ti, bedasta žival?	1, 3
Moje umske možnosti so dvakrat večje od tvojih, ti, grahek možganov!	1, 3
To je to!	1
To je fantova šibka točka!	3
Potem vzameš nazaj, in potem... Vdam se!	1, 3, 6
Nikoli mi ne bo uspelo.	4, 6
Poglej, Krebs !	5, 7
- Frank, Frank, prost si!	2, 7
-Johana bo slišala!	2
Poglej me! Svoboden sem!	5
Počasi. Osvobodil te bom.	8
- Tole bo trajalo.	1, 2, 3
- Škatla, seveda!	7
Daj nam ključe! Ju-huu!	2
Spusti me noter! Ne, ne, ne !	7
Presenečenje !	5
Če te ne bi poznal, bi mislil, da ti tu ni všeč!	1, 8
To je že bolje.	7
Dajmo, fant.	2
Ne !	1, 3, 4
Kaj si misliš?	1
Škoda za tista orlova jajca, kaj, Johana ?	4, 8
Torej, ljubke gospe, ste mogoče videle.. dve majhni miški tod okoli?	5
Ni časa za razlage.	3
V veliki nevarnosti si.	4
Cody, počakaj !	4
Cody, prosim.	1
Gremo na vožnjo.	2
Na pomoč ! Drsim!	4
Tu je, Johana. Samo poglej jo.	4, 7
Ja-ja ! Torej, kaj z temi ogromnimi jajci?	2, 5
Prosim ! Koga pa briga, Johana?	1
Ja ! V redu, fantje. Padla je na finto.	5
Nikoli mi ne naredi več tega!	1, 4
Hej ! To je strašno.	4, 7
Nekaj moramo storiti.	1, 4, 7
Kaj ?	8
Razumeš! NIkoli se ne bom usedel na tista jajca.	1, 3
Hej ! Nehajte mencati tam spodaj.	1
Nikoli se ne preda.	2, 8
Dajmo zdaj!	2, 5
Si pripravljen fant?	2
Čas za papico! To ne izgleda dobro, Gospodična B.	2
- Nobenega izhoda ne vidim od tu.	4, 8
Veš, da je bila divja svinja v kamionu? Kaj veš?	2, 7
Kaj veš?	1
Oh, moj bog!	7
Johana, ti bedasti močerad!	1, 3
Na pomoč ! V redu je.	2, 5
Na pomoč !	4, 8
Hvala, mali prijatelj.	5
Vsekakor si junak dneva. Gospodična Bianca, preden se zopet kaj zgodi..	4
Ne grem se več. To je smešno.	1, 3
Tvoj, ne moj.	1
Imaš posvetilo.	4
Velja. - Ne vem, človek.  - Česa ne veš?	6
Kaj ti je danes?	8
Razen morda prijateljstva.	7
Mislil bom nate.	5
Je vse v redu? Da.	2, 4
Gospod Mendez pričakuje točnost.	1, 6
Vidite, čemu se klanjam?	1
Dajmo! Si lahko misliš, kako to pomaga mojemu tajmingu?	1
Čakam tukaj, kot neumen šolarček. Kje si bil?	1
O, sranje človek, ti si igralec. Kako lahko poveš nekaj takega?	2, 7
Kaviar, ni dvoma.	5, 8
Čudovita je. In?	8
No, domnevam, da ti dolgujem. Ne, ne.	2
Izenačena sva. - Kako to misliŠ?	4
- Dopadle so se ti puške? - Zelo.	1
Znam.	6
Zaradi teh volitev je vse narobe.	8
Veš, mislil sem, če bi šla na lov zjutraj.	2
No, potem jutri.	1
Nočem še enega otroka.	2
Imam, kar ste mi dali, toda ne morem spremljati pojasnil. Ti si to delal, Cesar?	5, 7
Kaj za hudiča je smešno?	8
Samo so mladi. Da, vredni $20000.	1, 6
Oprosti J. Moram iti. Ali to pomeni, da ni večerje nocoj?	4, 8
Seveda je. J., se nam boš pridružil?  - Ni mi treba.	1, 3
Vidimo se v hiši, čao.	1, 7
In veš kaj? Ponudili so nam posel.	2, 7
Karkoli želiš. 100 rac, 100 prepelic.	1, 8
Nekaj takega. Veš, da je največja stvar, ki sem jo kdajkoli ubil, bil jaguar.	5
Lorkina poezija. Moram jo imeti v angleščini.	8
On in moj oče sta poslovala.	1
Sem ti pravkar razvnela um?	2, 5
No, postaja pozno.	1
Misliš, da mi pridigaš... v lastni hiši.	4
Prosim te. Prosim, vsedi se.	7
Prav bo prišla.	7
Ne, vem narediti limonado.	1
Malo je čudno tukaj. Ti je udobno tukaj?	5, 8
Spoznala sem nekoga, ki se mi zelo dopade.	1
- Hvala ti.	1, 3
Včasih nama je bilo tako lepo.	1, 3, 4, 6
Ti to prinaša težave?	1
Verjetno bom moral zadrogirati trdoglavca pred izročitvijo.	2
- Dovolj mi je tega sranja.	1, 7
Poglej, ti samo... ponovi to ime komurkoli, ki te morda vznemirja.	1
Med drugim, etiquette zahteva, da ga jaz ubijem.	1
Hočem svojo mačko in to čimprej!	3, 5
Desetkrat sem rekla danes,naj zapira vrata, da ne bi odšla. In kaj naredi ona?  Odpre vrata in mačka je pobegnila.	1, 3
Da, živa je.	2, 7, 8
Obstaja možnost, da nekateri vedo, da sem tukaj.	5
Edina uteha je, verjetno to, da je življenje prebolelo več.	8
- Tako si te želim...	1, 6
Hotela si oditi, in zato bom ostal še nekaj časa.	4, 8
za trenutek sem pomislila, da boš rekel, da si peder.	7
Vedela sem, da nisi kavboj.	4
Ona je v redu. Kaj veš?  Ne bo se ti dopadlo.	2
Sedaj me poslušaj.	6
Lahko mu dam karto za zakulisje.	4
Nič! Kje je?	1
Slabo je.	4, 8
Zelo bolana je.	6
Ne morem več čakati.	8
Večina mladih zanesenjakov hoče v Kraje ali Umore.	5
Rad bi pomagal ljudem.	2
-Ne.	3, 6
David, je vse v redu?	4
Živčen sem zaradi jutrišnjega izpita.	2, 4
Zakaj si to delaš?	1, 3, 7
-Greva, stari.	2
Zdajle mi na pamet ne pade niti eden.	7
-Morales zamuja dve minuti.	1
-Gremo.	3
-Zamujaš, buzi!	1, 5
Gremo.	2
Ste šli zgodaj po božičnih nakupih?	5
ln jaz sem zobna miška.	3
Se vidiva, klinc!	1, 3
-Me veseli.	5
-To je bil tvoj novi partner.	6, 7
-Zafrkavaš me.	1
Spusti ga nazaj noter. Takoj.	1
Ne zamerite Pulovskemu.	1
Drekač, a se boste navadili.	7, 8
-Temu torej služi to.	7
Vas od nekod poznam?	3
Brez dvoma je to pivo nemško.	2, 8
-Samo človek, ki se ne spozna na pivo.	3
V čemu je finta?	1
Priskrbel ti bom denar do naslednjega petka.	1
-Še nikoli nisem niti bil tam.	6
Rad bi vedel, kdo je pojedel te reči.	3, 7
Veste, jaz naj bi bil vaš partner.	1
Pojebek, ki je pobarval ta avto.	3
Pobu bi bilo treba odbiti rit.	1, 3
Kaj, za vraga, se dogaja?	5, 8
-Dosti je vaje.	5
Dober poba.	8
Stojijo.	1
Ta reč ni tukaj zaradi lepšega.	1
Če samo pomisliš, da bi se delal pametnega, ti bom razsul možgane po mojem partnerju.	1, 2, 3
-Nared?	2
Vse je tukaj.	7
Kurba pokvarjena!	1, 3
Človek mora držati besedo.	2, 6, 8
Kje si jo dobil?	2
Če si tako dober v popravljanju, mi morda lahko priskrbiš ogenj.	8
Povišali so ga.	7
-Razumeš?	1
Prej v mojih najhujših sanjah.	1
Boljše od tvojih.	1, 3
Obdrži.	1
Zakaj, za vraga, pa ne?	1
G. Ackerman?	7
Poročila bi se, imela bi hišo in otroke.	6
Vlak, last moje vlade, stoji v Jurjatinu. Ima vagon zame in za moje pomočnike.	8
Niti slučajno ne bom šel z vami.	1
Strelnikov je mrtev. -Kaj?	7
Ali razumete, kako to zadeva Lariso?	1
Ne. Norec ste.	1, 3
-Moj bog! Ne povejte tega Lari.	4
Dobro vem, kaj mislite o meni.	3
Koliko? -Vsi.  -Žal ni dovolj prostora.	4, 7
-Je že v redu, vzel bom naše sani.	2, 5
Hitro!	1, 2, 4
-Ti tepec.	1, 2, 7
-Ne bo zapustil Rusije.	1
Nečesa se morate spomniti. -Ne!  Naj vam povem, kako sem spoznal vašo mater?	2, 5
Dovolil mi je, da sem mu kupil obleko in mu priskrbel delo v njegovi nekdanji bolnišnici.	7
Torej je nikoli več ni videl?	6
Stene njegovega srca so bile kot papir. Toda skrival je to.  Veliko stvari je skrival.	1, 6
Bil sem osupel nad njegovim ugledom.	2, 4, 5, 7
Potrebujem vašo pomoč. V Moskvo je prišla iskat otroka.  Pomagal sem ji po svojih močeh.	5
S kom? -Z očetom.  -Ne z očetom, s Komarovskim.	1
Izpustil je mojo roko! In bila sem izgubljena!	4, 6
V redu je, David.	5, 6, 8
Obljubite, da boste razmislili o tem?	1, 5, 6, 7
Tonja!	5, 7
Znate igrati na balalajko?	2
Kdo vas je naučil?	8
Tole bom prekinil.	1, 2
Ljubim te.	5
Pravkar sem rekla, da te ljubim.	1
–Da, gospa?	2, 8
Pridi noter.	2, 8
Buden sem, Leary.	5
Ah, vi.	7
Zame jajca s slanino.	2
Če si slučajno pozabil: Ob 8.30h na položajih.	3
Še ena praska, pa si pri vojni mornarici opravil.	1, 2, 3
Razpadam kot ta naša križarka s slamnatim dnom.	6
Za ladjo moram skrbeti.	5, 8
Prosil bom za premestitev.	2
Morda je bila to zadnja priložnost.	6
Oprosti, Rock.	6
Je kaj zanimivega?	2
–Samo tri imam skupaj.	5
Pravkar sem dešifriral depešo od straže.	5
Še več zabave in iger?	1
Imenitno, hvala.	5
Piloti so zgodaj vstali za manevre.	2
Zakaj ne letijo nad Diamond Headom?	7
To mi ni všeč, Paul.	3
To ni vaja.	1
–Kaj?	1
Japonci.	4
Vsi na bojne položaje.	2
–Da, gospod.	8
–K vragu z njim.	1
Tako hitro po pristanišču?	7
Vkrcati se želiva.	5
Ustavite!	1, 4
Če kdo kaj vidi, bom poskrbel, da ne bo ničesar več videl.	1, 2, 8
Obveščajte me o nadaljnih poročilih.	2
Bojnih ladij vendar.	2
–12 ladij, slepih kot noč.	7
–Nimamo izbire. Počakajmo.	6
Pridobili bi čas, da priplujejo naše letalonosilke bližje.	2
–Hvala, admiral Broderick.	5
"Sem slišal ""poročnik fregate""?"	1, 2, 4, 8
Nam lahko pošljete nekaj črpalk?	2
Lahko, gospod.	8
Dvomim, da bo preiskovalno sodišče to razumelo.	6, 7
Čez pol leta bodo korajžni kapitani postajali admirali.	1
Gotovo je pomota. Bil je bister ...	6, 7
–Prstana. Torbica.	7
Moj edinec je bil. Zelo ga imam rada.	5, 6, 8
Vi nimate sina!	1
Si že dolgo tukaj?	2
Žal imamo le pivo.	6
Zakoni. –Prav, pa pivo.	4
Boš poskrbel, da mi pripravijo kovčke in jih pošljejo v prostore za samske častnike?	2, 8
Vam lahko pomagam?	2
To je vaše.	8
Ušiv.	3
Rentgenske slike bodo kmalu tu.	2, 8
Ob takem zvoku se je lepo zbuditi.	5
Njena skrivnost je, da zasluži pol milijona čukov na leto in še vedno dobiva preživnino od mene, ki sem na tesnem.	1, 3, 6
V zadovoljstvo mi je, da so vsi njeni filmi zanič, odkar sem jih nehal pisati.	1, 3
Poglej ga, no.	5
Naj proslaviva?	2, 5
V hiši na Moanalui imajo majčkeno zabavo.	2
Ne. Nobenih zabav zame.	1, 6
Kdaj vi obveščevalci sploh počnete tisto, kar bi morali?	1
Ne, hvala.	1
Kdo nas gosti?	2
Glavno je, da se sprostiš, dečko.	5
Pozdravljeni. –Ti jo lahko ukradem?	5
Uživate, kapitan Torrey? –Ja.	1
Saj ni zares smešno. Nič niste podobni svojemu sinu.	7
–Upam že.	4
Ne zvenite pomirjujoče.	6
Potrudila sem se, da nisem videti kot sestra.	2, 7
Pod lažno zastavo plujem, gdč. Haynes.	3, 6
Jaz moram samo ven. Si deliva taksi?	2, 8
Hvala, gdč. Haynes.	8
Maggie mi je ime. Če bi želeli manj formalnosti.	8
Moja enota bo kmalu izplula.	6
Podporočnik Torrey, gospod.	4, 7
–Zelo dobro, gospod.	8
Ne.	1, 3
Vi tega ne odobravate?	6, 7
Kaj počnete vi?	2
Zase pričakujem, da bom bližje dogajanju. Morda celo v boju.	2
In Brodericku.	8
Nekaj drobtinic za Neala Owynna?	2
–Je pomembno?	2
Ne morem ti povedati.	4, 8
–Od njega sem izvedel.	2, 5
Ne, pa ne bi.	7
Ženska se mora premakniti, da ni prepozno.	2
Ta moški mi je všeč.	2, 5
Dober dan, podporočnik.	2
Veseli bomo, če bo tudi ona prišla poleg. Ali on.	5
–Zelo velikodušno od vas.	5, 7
Si pa napet kot elastika.	3, 4
–Prosim te!	4
Si rekla v pehoti?	2
Ni bil bogve kaj.	3
–Odpirač je zlomljen.	6
Mogoče sem želela, da bi bil kot očka.	7
Zelo priročen nož imaš.	4
Kaj pa odiraš?	2
–Pri poroki.	5
Nič več ne boš povedal?	1, 3
Meni konjak. –Gdč.	5
Samo podporočnik sem bil.	6
Večinoma sem se preveč skušal dokazati.	6
Prišel sem iz vojne in dobil sina.	5, 7
Cunliffi so imeli z menoj velike načrte.	2
Kar lep prizor je bil.	2
Tako je tudi bilo.	4, 8
Hudo si jo ljubil.	5, 6, 8
In čedna si v soju sveč.	5
–Raje ne.	1
–Kaj je narobe?	2, 4
To mi ni všeč. Prav nič.  Od kdaj?	4
Me imaš za bedaka? –Kaj?	1, 7
Ne spadam za pisalno mizo. Nisem iz tega testa.  Počutim se kot riba na suhem.	3, 6
Hvala, fanta.	5, 8
Vrhovni poveljnik jo želi dobiti nedotaknjeno.	2, 8
S kateregakoli od otokov bi potem izpeljal napad na Levu–Vano.	4
Maggie.	5
–Zdravo, mornar.	5, 7, 8
Po telefonu nisi zgovoren, pa sem te pričakala v zasedi.	2
Lepo je.	5
Povedali vam bodo, ko odrinete.	1
Naj pustiva stvari, kot so?	3
Ja, Rock?	5
K bolničarki Maggie Haynes bi rad.	2
Ahoj.	2, 5
Je to admiralov harem?	3
–S pozdravi kapitana Torreyja.	5
Rekel vam bom Maggie. To mi je naročil Rock.	1, 3, 8
Vam vaše delo ne ugaja?	7
Tako je kot na bencinski črpalki. Gledam avtomobile, ki drvijo mimo.	3, 6
Pa pa, poveljnik.	4, 6
Stvari ne morem olepšati, ga. McConnel.	4
Uradni telegram boste dobili šele čez dan ali dva.	2
Vest sem prebral v jutranjem poročilu.	6
Kapitan, so Maca zapravili?	6
"Že od prvega dne smo v hudi godlji."""	4
Saj ne bi. Razen če je bil razočaran in jezen.	6
Peljite me domov.	2, 6
Gospoda, zdaj pa preidimo k bistvu tega večera.	2
Če bi vas povabil v pisarno, bi prihranil čas in alkohol, ampak potrebujemo malo slovesnosti.	2, 5
Čestitke, admiral Torrey. –Hvala, gospod.	5, 8
Gospoda, na admirala Rockwella Torreyja.	2
Naj uspeh pluje pod tvojo zastavo. –Na zdravje.	2, 5
–Lahko noč.	8
Čestitam, Rock.	1
Kontraadmiral.	4, 7, 8
Menda ste to uganili že pred meseci.	2
In admiral Broderick?	2
Naredim lahko samo to, da vas zadolžim za taktiko.	8
Ubiti ga ne smeš.	6
Nosi jih na svojem ovratniku.	1
Vrnil se bom, punčka.	2, 8
–Da, gospod. Odgovorni za pomole in skladišča?	7
Ali pač? Nisem pričakoval povabila k admiralu.	7
Me je admiral poklical zaradi moje brade?	2
Predlagal si mi, naj izberem predstavnika za Gavabutu.	7
Veste, da nisem izurjen za boj.	4
Pozdravljam vas v deželi, kjer se cedita med in mleko.	2
Polkovnik, so vaši možje pripravljeni na desant?	2
Mirno.	1, 2
Tuthill, vodja operacij.	4, 8
Lantz, zveze. Nadaljujte.	2, 8
–Lepo, da ste z nami.	5
No, poročnik, kako ste?	2, 5
Želi vam zagotoviti vso podporo.	8
Egan, razgrni tisti najin zemljevid.	2
Malce zamude bo.	1
–Seveda jih, gospod.	5
Se z bataljonom ponoči prebijemo čez?	2
Jaz bi jih moral voditi.	7
–Pa imate zadolžitev!	2, 8
Kdaj?	2, 5
Da, gospod.	8
Še nekaj. Admiral Broderick nam pusti samo 10 letal.	4
In če vam en R4D odpove?	6
G. Canfil, v lopovskem brlogu ste.	1, 3
Hvala, da si me rešil iz tiste luknje.	5, 8
Čuj.	3
–Sestra!	4, 7
Smem vprašati, kaj nameravate?	4
Bodo že še poučeni, kapitan.	2
Poročnik. Morda veste, od kod ima Broderick podrobnosti?	1
Žal ne morem sprejeti vaše ocene kapitana Owynna.	6
Žal te ne morem sprejeti kot Torreyjevega sina.	3, 6, 7
Kje je admiral? Z njimi je.	1
–Točno. Vendar nismo v zaostanku.  Prehitevamo.	5
–Zakaj so se umaknili?	7
Tega ne morete.	1
–Kako to misliš?	1, 3
Ničesar? Mislim, da ti je kokosov oreh padel na usta.	7
Hočeš nazaj k torpednim čolnom?	2
Reci mu.	8
Pravočasno si prišel.	2
–Čestitke.	5
Vi ste najboljši častnik, kar bi jih imeli na samotnem otoku.	3
–Res mislimo. Brez heca.	2, 5, 7, 8
–Ni bilo vredno.	1
Že deset dni čakam na tvojo počasno ladjo.	1
Ne takoj! Ne bi bilo pravično.	4
Videvala se boš z Eddingtonom, čeprav si spet z Jerejem?	7
–Eddingtonu bom povedala za zaroko.	2
Zakaj ga ne maraš?	1, 3, 6
Hecno. Ne bojiš se, kaj?	2, 7, 8
Prosil jo je za roko.	5, 8
Samo prinesi jih in mi obrni hrbet.	1
Vidiš? Lahko bi bila tudi v krompirjevem žaklju.	1
Prelepa si.	5
Zaročena sem.	2, 5
Daj mi oblačila, prosim.	1
Pusti me.	1
Dobra stara Swayback.	8
–Saj je prava dama.	7, 8
Lepo, da ti je vrhovni poveljnik poslal tvojo staro križarko.	2, 5, 8
Bojna ladja bi me bolj potolažila.	2, 8
Razložil vam bo načrt operacije.	2
–Sedite.	1
Komaj sem se vrnil na podmornico.	1, 7
V treh tednih moramo napasti.	4
–Ampak to še ni najhujše.	4
Bi Halseyjeve križarke opravile izvidništvo za nas?	2
Ne bo šlo.	3
–Poskusimo lahko.	2
Pošlji sporočilo v Pearl.	8
Uporabi solze in kri, Egan.	1, 2
Dragi, si to ti?	2
–Živjo, ljubica.	5, 8
–Gotov je bilo zabavno.	2, 3, 5, 8
Ne povedo, zakaj.	4
Nekaj se bo kmalu zgodilo na Gavabutuju.	2, 4
Je zdaj bolje?	2
Mogoče te tokrat ne dobim nazaj.	6
Mac ...	7
Jutri se vidimo.	2, 8
–Kmalu se bo.	2
Zdaj.	2
–Razumem.	8
Mirno na krovu.	2
Poskušaj se obvladati.	1
Moralo bi biti nekaj ...	7
Srečno, Jere.	6
Čaka nas pet sončnih dni.	2
–Je kaj narobe?	2
Pojdi ponj.	3
–Saj že grem.	2
Letalo si mu dal in nisi javil odgovornemu?	1
–Že več ur ga lovim.	1
Prav, takoj pridem.	2
Rover, tukaj John Paul.	2
Potrdite.	1
Zveza je slaba.	4
Izgubili smo vas.	4, 6
Ne morem mu slediti. Oddaljuje se.	6
Jasno vas slišimo.	8
Nekaj sem zagledal.	2, 5
Ostanite z mano.	4, 6
Ponavljam, 12 rušilcev.	4
Hvala, Rock.	5
Toda moramo si od bliže ogledati to velikanko.	7
Če se vam ta srček približa, se pazite.	1, 2
To je silna vojaška moč.	4
Ujema se z njihovo željo, da na vse kriplje ubranijo otok.	2, 8
Eskadra pluje proti nam.	4
Prav hitro že ne.	2
Z nekaj pospeški lahko v 48 urah pripravimo amfibijski napad.	2
Mogoče. Ampak Paulu ni šlo za odlikovanje.	6
Kako je?	2, 7
Mogoče malo hrupnejša.	3
Tako se bojim, da mi kosti šklepetajo kot kocke na igralniški mizi.	4
Zdaj bi moral sedeti v Hollywoodu za pisalnim strojem in si to izmišljevati za film.	7
Pripravljeni pri torpedu.	1
Prvega!	5
Zadeli smo jih.	2, 5, 7
Še enkrat smo jih!	1
Dva rušilca sta zadela ob mine.	6
–Smo jih že oklestili.	1
Poročilo o izgubah?	6
V centrali te hočejo.	2, 7
Iz rok nam uhaja.	7
Strel iz vseh topov ob obratu.	2, 4
Vsi so mrtvi.	6
Prevzel bom most in dajal povelja.	2, 5
Sestra.	4
Bom raje jaz govorila.	2, 5
Ampak okreval boš.	5, 8
Mrtev je.	6
Hvala, da si popazil name.	5, 8
Saj so nas porazili.	3, 7
Vas je težko ubiti, admiral.	1
Zakorakali boste v Tokio skupaj z nami.	1
In to s krova ladje, ki poveljuje bojnim silam.	8
Čas pa hitro beži.	4
-Jebita se.	4
-Kako to misliš?	1, 3, 6
Pozdravljeni. Kaj vam lahko prinesem?	2
Izvolite.	5
Ne ozirajte se na njih.	1, 5
Torej, ste na počitnicah ali...?	5, 7
Ker sem tako rekoč sam tukaj, si to lahko privoščim.	6, 8
Od dneva, ko si začel.	2
Tale je na naš račun.	7
Na počitnicah je, ampak ima nekakšne težave z avtomobilom?	5, 6, 7
Poglej, prijatelj, povedal sem ti, da me ne poznaš.	1
Vsi vi!	7
Je bil to telefon?	7
Prihajam k tebi.	2
Hej, kaj se dogaja?	1, 7
Poglej si tole.	2
-Fanta.	1
Sedita.	1
-Sedita!	1, 3, 4
Oh, kje so moje manire?	8
Morda pa bi res moral biti bolj pazljiv.	4
Kot vse drugo v mojem življenju, se tudi to začne z mojo družino.	5, 8
Kraj, ki bi mu pripadali.	2, 5, 8
Včasih se zdi, kot da je to edino, kar nas še povezuje.	6, 7
Po tem, ko sta umrla starša, smo bolj ali manj ostali vsak zase.	1, 6, 8
Francis! Plačaj možaku, prav?	1
Ali pa te bom prisiljen ustreliti.	3
Sranje.	4
Rad te imam.	5, 8
-Tudi jaz tebe.	4, 6
Za 20, ti in jaz. -Velja.	2, 4, 7
Rekel sem takoj, ti rit!	1
Kaj za vraga si storil, človek?	1, 7
Kaj za vraga?	1, 7
Ne, prosim, ne!	7
Takšne vrste pošasti smo.	6
Moraš se umiriti, če ne ga boš prebudil.	6, 7, 8
Vidite, nismo takšni, kakor mislite, da smo.	6, 7
Del mene upa, da se celo ne bo izvlekel.	4
-Da nisi nikoli več rekel kaj takega.	1, 3
To se ne bi smelo zgoditi.	2, 4
-Rekel sem del mene.	1
Oh, saj res. V pubu sem ostal nezavesten po udarcu s puško.	1, 7
Torej ste vi Mandersonovi.	7
Ga ne bo nihče pogrešal?	1, 4, 6, 7
Vse so videli.	4
Saj sploh ne obstajamo.	4
-Nekaj je zagotovo. Niste edini.	2, 5, 8
In tukaj skrbimo za svojo vrsto.	8
Potem bomo poskrbeli še za Davida in tvojega mlajšega brata.	1
Vse bo še v redu, sinko.	8
Prišli ste domov.	7
Spominjam me na to, kako je bilo, ko smo bili še vsi skupaj.	6
Si storil to, o čemer sva se pogovarjala?	2, 8
Če teh fantov ne bi imel tako rad, mislim, da bi jih lahko sam ubil.	3
Ti bučko poredni.	1
Kaj počneš tukaj?	7
Lahko si srečna.	2, 5
Varno je, zaupaj mi.	8
Ti ljudje si še bolj želijo izginiti kot ti. Ne bodo naju nadlegovali.	8
Si že kdaj sploh plesal s kom?	2
Ali to pomeni, da ti nisem več všeč?	6
Ni se ti več potrebno zadrževati, Francis.	2, 5
Kaj pa naj bi drugače imeli od mene?	6
Da preživim, moram ubijati ljudi.	6
Samo poglej naju.	3
Ti se počutiš prekletega, ker si se s tem rodil, jaz pa nekoristna, ker sem se rodila brez tega.	6
Oh, skoraj bi me dobil.	5, 7
Zelo lepo.	1, 5
Bilo je zelo prijetno.	7
Tvoje usluge nam niso več potrebne.	2
Oče! Oče!  Oče!	2, 5, 7
Ne bodi naiven otrok.	3
Ne, on je drugačen. Prosim te, oče, zaradi mene.	4, 6
To sem lahko zavohal že tistega dne, ko si se rodila.	2
Prešlo bo, moja prelepa hči.	8
Rada imam svojo družino.	5, 8
Pojdi v posteljo.	1, 5
Nimam več veliko časa.	4, 6
Kaj nameravajo z nami?	4
Moram pobegniti od tod ali pa bo moja družina umrla.	4
Poskrbel bom zate in za tvojega brata.	2
Seveda, vstopite.	2
Kje so zdaj tiste prijazne duše, ki naj nam bi pomagale?	2, 6
Takoj morava na pot.	4, 6
Oh, oprostita. Ustrašila sta me.	7
Lepša si, kot sem si predstavljala.	5
Ti kurba! -Kakšna ognjevitost?	1
Ujemi me, če moreš.	1
-Ne, hvala. Ne, hvala.	1
Vzreja vampirjev ne deluje več.	4
Obstaja dobra možnost, da bo zanosila.	2
Bog živi kraljico!	5, 8
In vse tisto sranje.	1
Zdaj boš umrla.	1, 3
Dovolj vaju že imam.	1, 3
Ona je tista.	5, 8
To mi je zdaj jasno.	2
Ne trošimo časa po nepotrebnem.	1, 2, 8
Zunaj bom, če me bosta potrebovala.	8
Daj, zbudi se.	4
Pohitiva in pokopljiva že tega pankrta. Strašno me boli glava.	1, 3, 4
-Oh, za božjo voljo.	1
Morala bi poslušati svojega brata. -Prosim, ne ranite ga.	1, 7
Pusti jo pri miru.	1
Ali pa bo kaj?	2
To mi je bilo všeč.	5
-Francis!	1
Še vedno čutim njeno aromo.	6
Zelo všeč mi je bila.	2
Riley! Družina sva.  Pomagaj mi!	7
Riley, poslušaj me, ubil bi te. Prosim.	4
Ja, tako je. Tako je.  Ljubim te, Ri-Ri!	5, 8
Pomagajte, prosim.	4, 6
Vem, da v tej bitki ne moremo zmagati, zato vas prosim, da mu prizanesite.	4
Bolje si se odrezal, kot sem mislil, da se boš.	8
To ga daje na mesto znotraj ene ure od prvega umora.	4
Ali s čim?	1
Prav, to sploh ni pomagalo.	6, 7
Ne, ne, ne... ne, spomnil bi se kaj takega.	6
-Namigujeta, da sem jaz ubil te ženske?	4
-Ne, ne, ne! Hočem vedeti, kaj hudiča se dogaja z menoj.	1, 4
Se tudi on strinja?	7, 8
Čez par ur te bova zamenjala.	2, 6
Nisem prepričan, če so meje, tistega, česar ona ne bo naredila.	4
Ne skrbi, načelnik.	2, 8
Kričanje... nekaj takega nikoli ne pozabiš.	1, 3, 4, 6
O, mojbog, ne... oh ne... Ne, ne, ne!	4, 6
Notri je!	2, 4
Načelnik, prenehati moraš s tem!	6, 8
Prosim te... prosim te, poslušaj me...	4
Zabava se!	2
Ne pokvari tega!	1
Da me ne bi ugriznil.	4
Še eno žensko ima!	1
Ubil jo bo!	4
Kaj se dogaja? Kaj delate?	7
Nick? Kako sem prišel sem?	4
Kaj mi dajete?	2
Mogoče tudi je najboljše, da se vsega spomnim.	4
-Juliett?	5
Hvalabogu...	5, 7
Ničesar se ne spomnim.	7
Deluje.	5, 7
Še malce.	6
Me poskušate ubiti?	1
-Vseeno je načelnik!	1
Če me ustrelite, oba umreva.	2, 4
Tega pa ne želimo, kajne?	1
Davi jo! -Povejte mi, kaj ste mu dali!	1, 3, 5, 7
-Ne, počakaj! Kaj, če Jack ni odšel?	2, 5
Upam, da tole boli.	2, 6
Ne zbudi se.	4, 6
Da?	2
Menda ja ne krvavim že spet?	4, 7
Mislim, da smo te pozdravili.	2, 5
Hej... ne morem verjeti, da si prišla! Trubel?	5, 7
Kje je moja mamica?	2, 4
Prosim?	2, 5
-Naslednjič ju poglej, ko boš na sodišču.	2
On ugovarja, ona sprejme. In to vsakič.	7
Veš, če sva poštena do alkohola, sem znal narediti marsikatero neumnost, ko sem bil trezen.	6, 7
Nisem želel, da moja hči ali kdorkoli iz FBI-ja naredi slona iz muhe.	4, 6
Najbrž se mi je zavrtelo od piva, ki sem ga spil ob večerji, zmešanega z proti bolečinskimi tabletami, ki jih jemljem odkar si me ustrelil v rit.	1
Če si moj prijatelj, boš tudi ti to naredil.	2, 8
Dolžan sem ti.	8
Ravno smo se začeli vkrcavati na ladjo, ko se je zgodilo.	1, 4
-Kakšna priložnost je to?	2, 7
-Žrtve? Šest poškodovanih, dva sta v ambulanti, še dva v kritičnem stanju prepeljana v norfolško bolnico Memorial.	4
Ne morem prebrati njenega imena.	1
-Hvalabogu, da sta v redu.	5, 7
Vemo, kaj se je zgodilo?	2
-Bomba?	4
-Nič ne priznam.	6, 7
Ne vi, ne agent Gibbs. Jaz.	6
Ne morem verjeti, da se že spet moram braniti zaradi dejanj nekega zločinca.	1, 4, 7
Gibbs, moje sožalje ob vaši izgubi.	6
Tudi jaz sem doživel veliko izgub, vendar sva v tem primeru skupaj.	1, 2, 5, 6
Veliko ljudi je delalo na tem, da Sergeja ustvarijo takega kot je.	5
Prosim vas, povejte mi, kaj lahko naredim, da vam pomagam.	2
Samo umaknite se mi s poti.	1
O, mojbog, saj je še otrok.	3, 4
Vse dokler ni prišel strahopetec z bombo.	1
-Pobrali smo ostale delce granate.	4, 8
Takoj. Takoj!	2
-Pogovori s pričami?	7
Dajte, gremo.	2
Kaj želiš povedati?	1
Emily, zakaj še vedno uporabljaš mamin mobitel?	1
Morava se dobiti in to čimprej.	2, 4, 5
Ni potrebno.	6, 7
-Kapitanka brucovske ekipe.	8
Prerekanje imam tako ali tako v krvi.	6
Poskušam mu pomagati, vendar me noče poslušati, jaz pa moram pravtako preživljati vse te žaljivke.	6
Potem mu pa ne smemo dovoliti, da že spet pobegne.	1
Je uporabil granato?	7
Ob kosilu!	5
Preden sem izvedel za eksplozijo.	1, 4, 6
Ne moremo ga pokrivati, Gibbs.	1, 6
Fornella bom umaknil s poti.	4, 8
Zapustil boš ekipo?	1, 6, 7
Mogoče sva oba z Fornellom. -In misliš, da ti bom to dovolil?	7
Nikoli si ne bi mislil, da bom dočakal ta dan.	7
Bog pomagaj!	7
Kaj me ti to zajebavaš?	1
"Jaz sem rekel: ""Greva""."	2
Kaj, hudiča, delava tukaj?	1, 4, 7
Če se že želiš ubiti... mene to sploh ne moti.	1, 6
Kar izvoli.	2
Še nobenega glasu od Gibbsa?	2, 4
-Se mi posmehuješ?	1
-Razen, če ni imel načrta.	2
-In nama nisi mislil povedati?	6, 7
-Ne, ne želim! In ne želim, da kdorkoli pride sem, ko jima poveš, ko boš odložil.	3
Za začetek mi lahko poveste kaj novega glede primera.	1
Je kaj takega, kar nam želiš povedati?	1, 2
-Prav, zmagal si.	1, 3
Misliš, da je pametno, da mi daješ sekiro?	1
In ga poglejte sedaj.	1
In ne briga naju, da sva jo izgubila, če lahko to rečem.	2, 8
Posadka je bila prijazna.	5, 8
Ne morem verjeti, da je Katie mrtva.	6, 7
Najbolj srečna KS tretjega razreda, katero je kdajkoli kdo poznal.	5
Kdo bi naredil kaj takega?	1, 2, 7
-Jaz tudi.	2, 5, 8
Tisti, katerega sta s Tonyjem preskočila?	6, 7
-Nisva ga preskočila, delala sva.	6, 7
Ampak to je pomagalo, da sta se zbližala.	5, 7
-Kaj si ti, moja mama?	1, 4
Ni ti potrebno spremljati, koliko popijem.	1
-Vendar ti ni potrebno. In ne potrebujem tega.	1
-Končal si? S čim?	1
Ali mogoče misliš na sramotenje značke?	4
-Ne, dokler si v takem stanju.	1
Ne igraj Freuda, Gibbs. Nisi kvalificiran za to.	1, 3
Veš, kaj te sprašujem.	1
Tudi jaz se obsojam. Jaz sem tisti, zaradi katerega je umrla.	6
In zaradi tebe, zaradi Diane in zaradi opijanja, ter vsega ostalega.	1
Sedaj pa res potrebujem požirek.	2
Komaj začeli smo, direktor, a je veliko vsega, kar moramo pregledati v njih.	2
Našega prijatelja Antona.	3
To pove še več.	5
To je Amerika. Govori po angleško.	1, 3
Prepričan bodi, da sva popolnoma sama.	8
Ko si me nazadnje poskušal prepričati, sem na polotoku Kola izgubil kar nekaj zvestih ljudi.	1, 3, 6
-Ubij Gibbsa. Tvoje maščevanje se je preveč okrepilo.	6, 7
Zakaj si se sedaj premislil?	2, 7
Povej mi. Prepričaj me.	8
Počasi jo začni vleči k sebi.	2
-Vem, saj znam.	2, 8
Lepotica! -Poglej si to!	5, 7
Dovolj velika je za oba.	8
Lahko razumem, da je imel težave že od rojstva.	6, 7
Naj mu sporočim to?	2, 7
To ni bil ravno slab stolček.	6
Diane bi vedno podstavila škatlico vžigalic pod eno od nog, da bi me spomnila, da sem ga napačno izmeril, vendar ga pa tudi nikoli ni želela vržti stran.	1, 5
-Nisem povsem prepričan v to.	4
Ampak po načinu, kako je ta eksplodirala je zahtevalo določeno vrsto detonatorjev.	4
Tip z avdio-video opremo.	3
-Naravno je, da se malce ustraši.	8
In odšel ven.	1
Zato upam, da nisem izgubil svojega mobitela.	4
No ja, ali lahko pozabiva na tisto sinoči?	4
Vem, da lahko rešiva majhne spore.	2, 8
Jethro mi je pravkar poslal sporočilo, da se dobim z njim, ampak me pa pokliči, ko končaš, prav?	2
Umrla je z mislijo, da je med nama končano.	4, 6, 8
To so bile zadnje besede, ki jih je slišala od mene.	6
Tega pa sebi nikakor ne morem oprostiti.	6
Ona je edina možnost, ki ti je preostala.	6
-Prav. Preden je včeraj bomba eksplodirala, se spomniš, ali si videl tega človeka?	2, 6
Kaj je to? Moj sin potrebuje počitek.	1, 7
Boulos, žal nam je, vendar vam moramo postaviti še nekaj vprašanj.	4
Menda ja ne Sergeja?	7
-Vem, da sem.	8
Cenim to, Gibbs.	5
Sergej ni moj prijatelj.	1, 3
V to državo sem prišel iskat ameriške sanje.	4
To delam že več let, vse dokler Sergej prejšnji teden ni prišel v mojo trgovino.	4, 8
-Prenosen, daljnosežen, zelo drag.	2, 7, 8
Poznam te... ubijalski kurbin sin!	1, 3
Kot, da ti bom povedal!	3
Vrneva uro nazaj?	1
To je med... nama, nikogar drugega.	1
-Meni se zdi, da imaš par možnosti.	2, 5
Mišnjev je še vedno mrtev.	6
-Potem sva prišli ravno prav.	5
Kaj praviš na sushi?	7
Karkoli potrebuješ, samo povej.	5, 8
Neke podrobnosti, ki si mi jih pozabil povedati.	2
Priznam, da sem bil nervozen.	4
Na začetku je bil dokaj sumljičav, vendar ste imel prav. Ko sem mu rekel, da je bila smrt Nelly Benin lažirana, je prijel... kot bi vi rekli: trnek, vabo in plovec.	2, 5
Kaj je bilo? Čisto blizu je bilo.	1
Nekaj takega se je zgodilo, kar se ni že 30 let.	4, 6, 7
Odhiteti moram. Res?	3
Ja!	1, 5
Kaj za...	7
Kako pa si ti prišla sem?	2, 7
No, ni francoska, toda...	4, 8
Poglej to sranje.	3
Poskusi to pesem.	2
Nekako sem pričakoval norišnico.	5, 7
Carson?	2
Roki dvignite v zrak.	1, 6, 8
-Rekla sem...	1
Potrebujem te.	8
Bila je vezana s človeškim mesom in napisana s krvjo.	7
Kakorkoli že, morda bi potreboval nekaj pomoči pri prevajanju.	4, 6
Nič težjega ni.	2
Zate vse, piškotek.	5, 8
Blizu smo.	2, 5
Zopet prihaja tvoj čas.	2
Pazi, idiot!	1, 7
Zdaj pa nesi te žarnice nazaj ven in ne razbij jih. -V redu, g.	8
Ne, ne moreš oditi, ker si najboljše, kar je tukaj.	6
Povej mi, kaj je, morda lahko pomagam.	2
Saj sem.	7
Bil sem od tam.	7
Zelo je privlačna, vem.	2, 5, 8
-Posloviti bi se moral.	6
Kar je dobro, ker me v resnici nikoli ne bi mogla imeti.	5
Svoje gene ti je prenesla na ravno prava mesta.	5
Kaj pa vem. Ne vem.	6, 7
Williams!	2
Kdo je tam?	2
Dol z mene!	1
Lil' Lori te sovraži!	1
-Živjo. Kaj, hudiča, je bilo to?	1, 3, 7
Sila narave, ki bi povzročila, da vse stvari postanejo hudobne?	4
Povem ti nekaj, kar še nikomur nisem.	2
Ker sem zamočil in bral iz te knjige, za en ušiv hip, me je zlo našlo.	4
Zato odhajam.	2
Se vidiva, kolega.	5, 8
Poslušaj me.	1
Karkoli sem bil, je bilo davno.	6
-Si v redu? -Jaz...	2
Jezus.	1
Mojbog, noter prihaja. O bog.	4
-Oče? Da...?	2, 4
Kaj počneva tu?	2, 4
Ta idiot? Se hecaš?	1, 3
Dejansko sem tik pred izvlekom proteze.	5
Kaj hudiča?	7
Ni več bežanja.	1, 5
Ash!	7
Mamica bi te morala naučiti potrkati.	1
Kuzla!	1
Čakamo...	2
Pablo!	1
Ne, proč od nje prekleta stara prasica!	1, 3
Šef, zbudi se!	2
Upam, da si vzela svoj Geritol... Čas je namreč za ples!	2, 5
Kako se počutiš? -Odlično.	5
-Z angleškim naglasom. Kakšne so možnosti, da najdemo takšnega.	7
Zgrabite jo!	1
Trubel, beži!	4
O, mojbog...	7
Ne! Juliett!	6
Preveč vsega se dogaja.	1, 6
Si v redu? Kdaj si jo nazadnje videl?	6
V čem je težava?	6
-Kaj?	1, 4
-Kaj hudiča...	7
-Nick!	1
To je Chavezova! -Nick!  Kaj se je zgodilo?	4
Juliett me je sinoči želela ubiti. Uspelo bi ji, če je Trubel ne bi ubila.	4
-Da, s samostrelom.	7
-Rekel si, da je šla v helikopter?	7
Hank, mrtva je!	4, 6
-Prav, Nick.	3
-Kdo?	7
-Ne vem, a je bilo profesionalno.	8
Kraljeva družina?	4, 8
-Kaj hudiča?	7
Kako so vedeli, da je Trubel tukaj?	3, 4
Prav, kaj boš pa ti?	4
Razumeš, da gre za FBI agentko?	4
Misliva, da smo našli Jacka Razparača. Kdaj?	2
Dobro opravljeno.	5
Hank, morava govoriti o klicu, ki smo ga pravkar sprejeli.	4
Ne sedaj, ampak tole moraš slišati.	1
-Kako je bila tam, če je odšla s helikopterjem?	4, 7
Je Nick ubil Juliett?	4, 7
Juliett ni odšla s helikopterjem kraljeve družine, temveč je odšla k Nicku, da ga ubije?	2, 7
-Da bi vse prikrila.	7
Imamo možna videnja dva dni nazaj v Dallasu.	2
Če je bil Nick drogiran, mu verjameš na besedo?	2, 4, 6, 7
-Mogoče ni najboljši čas za omenjati, ampak ravno smo dobili klic.	4, 6, 8
Patrola je na poti.	2, 8
-Tvegano je preiskovati FBI agenta.	1
Če bosta to naredila, nikar tukaj.	1, 4
Hočem, da mi poveste kje je Theresa Rubel. Theresa Rubel...kaj ni to tista mlada ženska, ki je živela v vaši hiši?	1, 2
Sinoči si jo ugrabila iz moje hiše.	1
Želite povedati, da je ugrabljena? -Kje je?	7
Ti si odnesla Juliettino truplo!	3
Kam si ju odnesla?	7
-Odpeljite ga iz zgradbe!	3
Če se bo upiral, ga aretirajta.	2
Domnevam, da je to dobra novica.	5, 8
Jih je še več?	6, 7
Videl sem, kako gredo ti tipi proti Nickovi hiši, preden smo šli ven.	1, 4
-Končno.	2, 5
-Pozabi jo za trenutek in pridi sem!	2, 8
Sinoči so bili ubiti trije tvoji sosedje.	6
Prav, prihajam.	2, 5
-Truplo osumljenega, ki ga imamo za posnemovalca Jacka Razparača, je odkrito pozno sinoči.	7
Kdo je ubit?	2, 4, 6
-O čem govoriš?	7
Počakaj! Povedali so mi.	1
Če si ga ne boš, potem te bom suspendiral.	1, 2
Kaj delaš?	7
Nick se tega ne bi izmislil in naju poklical, ter rekel, da to ni res.	1, 8
Prav, zadnje kar veva je, da je vstopila v tisti helikopter...	1, 7
Helikopter je strmoglavil.	4, 6
Kako so se vsi našli na istem mestu, v istem času?	7
Si govoril z Nickom?	2
Je Juliett resnično mrtva?	4, 6
Tega ne morem...	4, 6
Pa še ne javlja se. Najmanj, kar lahko naredimo za Nicka je, da poiščemo vse mogoče o Chavezovi.	6, 8
-So odnesli Juliettino truplo?	7
Je ne more niti pokopati?	4, 6
Juliett ni bila nič kriva.	7
Ni postala Hexenbiest, ker je to želela.	3, 6
Vsi smo bili del tega, kar se ji je zgodilo.	6
Deluje... deluje tako končano.	6
Chavezova ima pri FBI zelo vzoren dosje.	1
Veš kaj?	7
-Chavez je edino ime, ki ga imamo.	1, 6
Igramo se z ognjem.	2, 4
Razumem, da ti ni potrebno odgovoriti, vendar ne pozabi, da sem ti jaz pomagal vstopiti v ta svet, prav?	4, 8
Veliko skupnega sva doživela in ne želim videti, da delaš nekaj... brez mene, če me resnično potrebuješ.	8
Sedaj pa odidi od tukaj!	1
Pojdi stran!	1
Nimam ravno javorjevega sirupa, imam pa veliko malinine marmelade, kar veliko ljudi uporablja.	2, 5
Ni se ti potrebno mučiti s tem, kar si mislila, da bo z Diano.	6, 7
In ne pozabi, ne ješ samo za enega.	5, 8
Nisem mislil pretiravati.	4
Začenja... začenja...	4
To je normalno. To se tudi pričakuje.	5, 8
-Iskati moramo nenormalno.	7
Vem, da si Wessen.	8
Videti je, da se je šolala tam, kjer so bili nastanjeni.	8
Zadnja vrata!	7
Za koga delaš?	1
-Naredil si veliko napako, Burkhardt.	1, 3, 6
Že prej si jo poskušala novačiti.	8
Zagrozila si ji, da mi naj ne pove.	1
Nekdo jo je premaknil.	1
Želela si odkriti, ali je Nick Grimm.	2
No ja, nekdo bo moral začeti verjeti nekomu.	1
-Da, da! Zdaj!	2
Nick, Nick! Začenja se!	4
Mislil sem, da je moj partner pretiraval.	4
Vedno po obroku. Ima popadke?	7
Zato si tudi tukaj.	8
To se mora videti. In slišati, pravzaprav.  Njenih besed nikoli ne pozabiš.	2
Osredotoči se na to. Karkoli se bo zgodilo, te bo otrok potreboval.	4, 8
Neprijetno bo, ampak otrok je najpomembnejši.	8
Koliko še?	3
Samo vdihnite...	8
-Izgubili smo otrokov utrip.	6
Ne ni.	1
Nick te ne bo spustil dokler ne poveš kje je.	1
Ne javljaj se.	4
Poslati moram prstni odtis, da vedo, da sem to jaz.	2, 8
V redu sem.	8
Nič ne moreš narediti.	6
Na zvočniku si.	8
To je tvoja edina priložnost, da dobiš odgovore.	1
Pojdi z menoj. Sam in čez 20 minut greva.	2, 8
Nick, nisem prepričan glede tega.	2
Uporabila je prstni odtis, da se javi na telefon.	1
Greva!	2
Ne bomo nič naredili?	7
Od tukaj greva peš.	2
Želel si izvedeti s kom delam.	2
Zdaj boš izvedel. Koliko jih je?	4
Si prepričana, da so tukaj?	2
Tukaj so.	2
Oni prihajajo sem... V Portland.	4
Izčrpana, vendar v redu.	5, 8
Ne želim ga vzgajati sama.	6, 7
Išči v kleti.	2
Idiot je imel prižgan televizor ...	1, 3
Ne veva, kaj se dogaja.	4
Najbrž se potem še družijo, delajo plakate in pojejo.	3, 7
Me boš učil, kako naj vzgajam hčer?	1
–Ne gre za to. Ne moreš kar oditi.	1, 3
Ampak potem moraš živeti s tem.	3, 6
In smrad dolgo ostane.	3
Lepo stanovanje je.	5
Včasih govorim z njo in jo prosim, da me zbudi.	6, 7
Lepo od tebe, agent Beeman.	5, 8
Hans je dal znak, naj grem.	1, 6
Je dobro?	4
–Tega že ne bo vzela.	7
Dobili se bova, kjer sva dogovorjeni.	2
Kaj počnem tu?	7
–Prijatelj.	4
Nisem se mogel zanesti na to, da je v stanovanju varno.	4
Kaj naj zdaj?	4
Nadzirali bi te in se ne bi izdali s tem, da so poslali Beemana.	4
Obljubim.	2, 5
Česa me obtožuješ?	1
–Si ti podtaknil prisluškovalno napravo?	1, 2
Mogoče je ubila tudi mojega partnerja, Chrisa Amadorja.	1, 3
Iz oči v oči. Prav.	1
Je to Roger, s katerim smo bili v SeaWorldu?	7
–Je res najin bratranec?	7
Je bila res bolna?	7
Paige ...	1, 3, 6
Kako sta?	1
Tvoji mami ni bilo dobro in morala je okrevati.	6
Ni vse laž.	1, 6, 7
Tvoja mama je rekla, da te moram pripeljati, čeprav je bilo pozno.	2
Le v miru bi radi živeli v deželi svojih očetov.	4
Želijo se boriti in umreti kot mučeniki.	3, 6
Truplo in oblačila, polna krvi?	4
Jaz sem tisti, ki komunistom reže vratove.	2
Sprašujem se, ali ima morda prav.	2, 6
Nisi slišal tega?	2
Nisem prepričan, da je prav.	4
–Ne, za Philipa in Elizabeth.	6, 7
Vsi so žalovali.	6
Ob vsem tem pa ... Želijo spet poskusiti isto?	4
Mislijo, da ti to zmoreš.	8
Preden umre. V Rusiji.	2, 4, 5
Vsi v službi vedo, da lažem.	4, 6
Vem, da se trudiš.	8
Delam na tem in se bom že česa domislil.	4
Ljubim te. Ljubim te ...	4
Samo minuto imaš.	1
Dajmo!	2, 4
Kdo je tista punca?	2, 7
Zakaj si jo potem pripeljal?	1, 6, 7
Ne skrbi, nič ne ve.	1, 8
Na pomoč! Ropajo nas!	1, 4, 6
Sleci se.	3
Benti!	1, 3
Na vseh programih je!	4, 8
Na. 300 000 evrov.	8
Se hecaš?	7
Bomo proslavili? –Ja.	2
Naj ti razlagam o sebi?	6
To je deset let stara brazgotina.	2, 5, 8
Kaj praviš?	2
On bi jo rad videl?	7
V čem neki?	2, 7
Čakaj, koliko je tu? –20 000.	7
Ne smem obdarovati sestre?	1, 6, 7
Pride pogosto?	2
–Ne. Mislim, da ni zdrava.	6
Ne vem, kdo še.	2, 4
Ne maraš Leslie?	2
Zaradi prstnih odtisov.	8
Seveda bom delala, kaj pa? Jaz ne bom.	4
Ne bom šel v zapor.	1
V Argentino gremo. Ti, jaz in Bastien.	2, 5
Lepo bomo živeli.	5, 8
Da sem vse pozabila?	1, 2, 6
Kdo sploh si?	7
Zakaj sprašujem?	1
Resno mislim.	1
Ne, s tem se samo slepiš.	1, 6
Vem, da si stroga.	4, 8
Je lep, Leslie? –Ja.	4
Na Phuketu in Pattayi že. To je pa otok.	5
–Nikar.	6, 7
Rad bi vedel.	2
Éric! Hudiča, pridita!	1
Takoj. Greš?	8
Ti je kaj naredil?	2, 3
Kaj točno ti je rekel?	2
Dobro sem ga obrisal.	8
Z njimi smo streljali.	5, 8
Kako se piše? –Ne vem.	1
Policaji so našli tvoj glock pri Gregu.	1, 4
Pridi sem, da uredimo to.	1
Sicer ti poberemo vso familijo. Prav, sorodnik?	2
Poiščimo ga.	2
Pokrij si oči.	2
Oddolžil se vam bom.	1, 8
Dorecimo ceno.	8
Oropajte konvoj z drogo za nas.	1, 2
Take spoštujemo.	8
Naj sam poiščem?	1
Zdaj že morimo?	7
Ropar sem.	1
Nora sta.	7
Ne spreminjaj téme.	1, 7, 8
Sam se izmotaj.	1
Misliš, da sem tvoj podrejeni?	1, 3, 7
–Se hecaš? Slamo ima v glavi.	1, 6
Ne omenjal mi kretena.	1
Zaščitil te bom.	2, 4, 5, 8
Ne delaj mi tega, Yanis.	7
900 ... Razumeš?  Poglej me.	1
–Pa kaj potem?	1
Če ti je mar za naju, ne boš šel.	1, 6, 8
Ne morem ...	2, 7
Prav?	6
Kje je Nasser?	1
Zberi se. Ne hodi tja.  Ne smejo vaju videti.	2, 4
Previdno. Ne poškoduj robe.	1, 3
Vemo, kje živiš.	1, 2
Reci jima, naj gresta.	1, 2
Tišina!	1
Tja zadaj, gremo!	1
Kje je mama? –V Rougementu.	4
Če me ne pelješ tja, ti pobijem družino.	1, 4
Bežite!	1
Beži stran!	1, 2
Umakni se.	1
Umakni se!	1
Pojdi noter!	2
–Noter!	1
–Ne skrbi. Vse bom uredil.	8
Pripelji mi sina.	2
Dober večer.	5
Na 36. postajo mora.	1
Specialci ga bodo prevzeli.	2
Rad bi videl mamo.	2
Oči, rad bi videl mamo.	6
Daj, poglej me!	1
Zakaj si to storila?	6, 7
–Ker nisem kot ti.	1, 7
Nisem hotela tako živeti.	1, 3
Yanis, ne laži več.	1
V tujino grem.	2
Samo z mano pojdi.	2
Ne grem.	3
Moje sožalje.	6
Ga lahko komu zaupaš?	6
Brat je zaprt.	6
–Pojdi z gospo.	8
Prijazna je.	8
Ti me kar pokliči.	2, 5
Amine, me slišiš?	2
Hudiča!	1
Pojdi, pojdi!	4
Avtobus.	7
Življenje je včasih kot slab film.	3, 6
Iskali smo torej nov obraz.	2
Samo enkrat in konec.	2, 5
Dejstvo, da ti nikoli ne piješ, je najboljši razlog za pitje.	1, 2, 5
Prodal mu je dušo za en trenutek resnične sreče.	8
Res misliš, da bi se Kirku to lahko zgodilo?	7
Nek natakar mi je povedal, da je znana po tem.	7, 8
Sedaj bova končno razčistila, Harry.	1, 2
Jaz sem tvoj šef. To produkcijo lahko tudi takoj odpovem in te odpišem.	1
Senorita, vaše noge vidim.	3, 6
Kaj niste delali z Jean Harlow in Carole Lombard?	2, 7
–Ste mislili, da sem tudi jaz mrtev?	1, 7
Tukaj sem vsaj majhna zvezda.	6, 8
Zakaj bi hotela to izgubiti?	7
Edwards. –Na žalost smo zamudili vaš ples.	3, 6
Res nam je žal, ker ste baje zelo nadarjeni.	2, 5
Če obstaja kaj, zaradi česar bi g.	2
Edwards po prevzel vse stroške in če se poskus obnese, boste delali zanj.	8
–Zakaj ne? –Ker je ne maram.	3
–Če to zasluži. –Kasneje o tem.	2
Zgodil se vam je čudež.	5
–Težava s tabo je, da nikoli ne veš, kje se konča scenarij in se začne življenje.	3
Izginila je.	6
Brez tebe, Harry.	6
Oprostite, ne znam špansko.	3, 6
–Izvolite, obdržite jih.	2
Še dobro, da ne razumete moje mame.	1, 3, 6
Vam je brat vzel vse cigarete?	1, 6, 7, 8
Ne maram ga.	1
G. Dawes, res mislite, da bi lahko bila zvezda?	7
Moji ostali čuti niso nič posebnega, tudi zaradi alkohola.	5
Jerry ji je ime. –Moško ime ima.	7
A sama sebi ne morem ubežati.	6
Ko sem bila majhna, nismo imeli denarja za čevlje.	6
–Presenečate me, g. Dawes.	7
–Česa se bojite?	8
Pripravljena sem, g. Dawes.	2
Ni je.	5, 8
Edwardsa, zato vam ne bo na voljo.	2
Kaj so pa oni počeli tu?	2, 3, 6, 7
Dvorana je celo jutro naša.	2, 5, 8
–Ne bo trajalo tako dolgo.	8
–No ...	1
A naredila bo, kot bom rekel.	1, 8
Vrnimo se torej v Hollywood in posnemimo ta film.	2
Ta pogreb je bil prava šala.	3
Zvezdo so pokopali kot neidentificirano truplo.	3, 6
Saj ni čudno.	5, 8
Vsaj ne, kot bi jaz hotel.	1
Bogataši so jo postavili na piedestal.	6
Kirk me sploh ni pogledal,	7
–Ne še. Tukaj zločina ne izkoriščajo za prodajo časopisov. –Vem.	1, 5
Končno se lahko sprostiš, sezuješ čevlje in uživaš v Las Vegasu.	2
Kar zjokal bi se.	1
Harry?	7
Dobro. Harry, nekaj pomembnega se je zgodilo.	6
Kakšen odgovor je pa to, če so na kocki milijoni dolarjev?	7
Spomni se tega, ko boš režiral televizijske reklame.	1
Niti film niti kariera je ne bosta odvrnila, da bi bila z njim.	6, 8
Borila se je, kot bi šlo zanjo.	2
Ko si ga gledal, si vedel, da večinoma sploh ne ve, kje je.	7
Nikakršnih možnosti ni imel, saj je ves čas priznaval, da jo je ubil.	1, 3
Obramba si je opomogla, ko je pričal Marijin brat.	2
Povedal je, da je mati očeta pogosto pretepala in da mu je na noč umora razbila radio in ga udarila.	1, 3, 4, 6
Povedala je o sovražni materi, ki je zaslužila samo sovraštvo.	6
Samoobramba seveda.	4
In tedaj ugotovite, da ve javnost več o javnem mnenju kot vi.	5
Bilo je pred enim letom na Beverly Hillsu v Kaliforniji.	5
Bila je nemirna, napeta in preveč zadržana.	6
Ni mu bilo všeč.	6, 7
Za Oscarja je bil poslan od boga.	5, 8
Ko je bila nazadnje na zabavi, je zbodla kraljično z vretenom.	1, 2
Dobra zabava.	2, 5, 8
–Dobra vprašanja.	2, 5
Kaj je z vami?	1, 3
Kdo je? Če ni Kirk, kdo je potem?	7
Harry? –Utihni.	1
Bi te motilo? –Seveda ne.	1
–Zvezda, ki niti ne kadi.	3
–Najbrž ne.	1, 3
Imam kočijo z močjo 200 konjev.	5
Si kdaj pomislil, da je princ iskal Pepelko, samo da bi ji nataknil čevelj?	1
Sedaj, ko si omenila ...	7
Princa ne moreš najeti.	7
Saj se strinjam s tabo, Harry.	1, 4, 6, 7
Škoda, da moramo dihati tudi podnevi.	3
–Naj si nabavi svoje.	7
–Kaj? –Mednarodna zasedba ti bo všeč.	5
–Imam ga, Harry.	5
–Goljat proti Goljatu.	7
–Lažnivec ste.	1
Ni mi všeč, od kod sem prišel, zato se ne bom vrnil.	1
–Kako, prosim? Jutri grem v Cannes.	1
Maria, reci mu, da ne greš. Ne jutri in ne kadarkoli.	6
–Slišal si me. Rekel si, da je zabave konec.	1
–Povej vsem, naj gredo.	1
–Štiri leta, a zdaj je konec. Štiri leta sem vabil goste, jih zabaval, čistil umazanijo, plačeval natakarjem, policistom, medijem in gostom.	3, 6
–Se vas ne spomnim od nekod?	7
Harry, rekel si, da življenje piše slabe scenarije.	2
Hočeš vedeti, zakaj?	2
Ker sem prestrašena cipa.	4
Nekaterih stvari ne poveš nikomur.	1, 3, 4, 6
Usoda je zgodbo že napisala.	6
Tam je bila, največji simbol poželenja, v izložbi pred celim svetom. Stranke so čakale, da bi jo kupile, a nihče je ni odnesel domov.	4, 7
Res prava druščina. Kot bi vsi običajni ljudje naenkrat izginili z obličja zemlje in svet napolnili metulji v človeški podobi.	7
Vsi so ves čas srečni.	5
Lulu je vodila zasedbo. Nikoli ni prosila za denar, a zmeraj je pomagala bogatašem.	3
Hector Eubanks je bil strela v našem kokonu.	5, 8
Niti takrat, ko sem jo zadnjič videl.	6
Dolgo besedo napišete zgoraj, pod njo pa krajše, ki jih lahko tvorite iz nje.	2, 8
Za začetek, tatica.	3
Opeharila si me za milijone frankov.	1
Moj šampanjec ni dobro ohlajen.	3
Ugledna rodbina so.	6
Univerzalno zdravilo.	8
Zakaj sem izbral pot, ki je vodila na parado vulgarnosti med Nico in Cannesom?	1
Še bolj čudno pa je, da sem se ta dan odpeljal, vedoč, da se bova ponovno srečala.	8
Ne vem, kaj si, a ženska nisi.	3
Kaj pa počnete?	2
–Saj ne veste, kaj mislim.	1
Ne, moral sem pač iti.	6
Prvič takrat, ko sva se videla med Cigani, in drugič v kazinu. In spet zdaj, ko sem vam ponudil roko.	5, 8
–Tudi moj mož je umrl v vojni.	6
Občudujem ga.	2, 8
–Vem.	2
–Skoraj strašljivo je, kako zelo te ljubi.	3, 7
Torej se ne strinjaš?	1
Morda zato ne morem imeti otrok.	4
Nekoč bodo videli njen portret in najinega in pomislili, kakšna škoda, da niso ničesar zapustili.	2, 5
Si sploh pomislil nanjo?	1, 3
Ali na kogarkoli drugega kot le nase in na svojo obsedenost s črkami, ki tvorijo dvojni priimek?	1
To je veliko časa.	6
Ni dni in noči, samo dnevi, ki potemnijo, ko sonce zaide.	6
Morda sem postal res obseden z našim imenom, preteklostjo in dejstvom, da nimamo prihodnosti.	1, 4, 6
Še vedel nisem.	3
Prav imaš, nimam pravice.	6
Nevesta v dežju.	5
Dobro izgledaš.	5, 8
Kot bi vse življenje živela v temi in naenkrat so se prižgale luči.	5
Ne. Še nikoli nisem bila tako prepričana vase in v vse drugo.	8
Da je čeden in visok, prijazen in ponosen?	3
Pravi režiser. Saj.	1
–Smejal se boš.	6, 7
–Sedaj si pa že neumen.	1, 3
Ti je to prav?	2
–Drugačen je od drugih.	5, 8
Takrat me najbrž ni tako skrbelo, kot si sedaj mislim.	6
Ne boste ostali na večerji, g.	2
Dawes?	2, 5
Oddal jo bom.	8
Za violino pa ne vem.	2, 4
Tako je prav.	5
Bolj se zabavajo.	6
Čustveno je otrok.	1
Vse življenje je sanjala o princu in to ste vi.	2, 4, 7
–Mislite, da jaz to hočem?	1
Samo še enkrat sem jo videl.	6
Dobro je bilo. –Ves čas te ni bilo?	7
Nisem bila ves čas zdoma.	6
In kako je čakati nanj na poročno noč, z ljubeznijo v srcu.	2
Zato nisem mogla ljubiti nikogar drugega.	5, 6, 8
Ne moreš verjeti, da to niso le sanje.	2
A zmeraj pride čas, ko se je treba zbuditi. Tudi za naju.	2
Ti si moja popolna žena.	5, 8
Nobene druge nočem.	2, 5, 8
Vse drugo pa je natipkano na tem kosu papirja.	8
Sedaj razumeš, zakaj mi moraš verjeti, da te ljubim?	5
Kakšna škoda.	6
Osrečila ga bom.	2, 5
Zakaj si mi povedala? –Ker sem morala.	1
Harry, kaj bi osrečilo Vincenza?	2
Zato bi bil manj žalosten.	5
Trpeč nevrotičen moški je.	1
Vincenza poznam bolje kot ti.	1
Za vse nas bi bilo veliko lažje, če Kirk ne bi iskal novega obraza.	1
Govorite špansko?	2
Vedno bom mislila na to.	6
Pohitite, vlak ne more čakati.	1
-Ne bo zapustil Rusije. Pa naj ostane.	1
Toda skrival je to. Veliko stvari je skrival.	1, 6
Stranka jih ni odobravala.	1
-Z očetom. -Ne z očetom, s Komarovskim.	1
Boste premislili o tem?	8
Kdo vas je naučil? -Nihče je ni naučil.	8
-Ne! Naj vam povem, kako sem spoznal vašo mater?	2, 5
Če bi imela otroka, bi hotel fantka ali punčko?	6
-Ne, danes ne.	6
Ima vagon zame in za moje pomočnike. Potovali bi udobno in varno.  Niti slučajno ne bom šel z vami.	8
Torej je odločeno.	1
-Nikar ne hlinite obžalovanja. Bil je morilski nevrotik in nič ga ni škoda.	7
Mislim, da Laro poznam vsaj tako dobro kot vi.	4
A če ne pridete z mano, tudi ona ne bo šla.	3
Tovariš, mora biti prostor. -Je že v redu, vzel bom naše sani.	4, 7
Na njem so pomembni ljudje.	2, 5
Kar pojdite, ujel vas bom.	1
Si res mislil, da bo šel s tabo?	1, 2, 7
Ti si pa prišla z mano, kajne?	1
-Če je bila moja mati.	2, 5
Dovolil mi je, da sem mu kupil obleko in mu priskrbel delo v njegovi nekdanji bolnišnici. Pospremil sem ga na njegov prvi delovni dan.	7
Veliko stvari je skrival.	1, 6
V Moskvo je prišla iskat otroka. Pomagal sem ji po svojih močeh.	5
-Ne z očetom, s Komarovskim.	1
Strelnikov je mrtev.	7
Ni skrival identitete.	3
Možje, ki so danes prišli z mano kot spremstvo, bodo jutri prišli ponjo in po otroka kot strelski vod.	3
-Žal ni dovolj prostora. Tovariš, mora biti prostor.	2, 5
Norec je.	1
Nečesa mi niste povedali, Tonja. Kako ste se izgubili?	2, 5
Kazalo je, da ga to ne moti. Zdel se mi je srečnejši od mene.	7
Pospremil sem ga na njegov prvi delovni dan.	6
Moral je vedeti, kako bolan je.	1, 6
Njeno ime sem poznal iz Larinih pesmi, ki sem jih našel med bratovimi rokopisi.	5
Ulica je gorela. Povsod eksplozije in hiše so se rušile.	4, 6
Zdaj pa ne vem.	8
Upal sem, da bi morda jaz lahko koristil vam.	5, 6, 8
Nečesa se morate spomniti. -Ne!	2, 5
Njegova dela je bilo nemogoče dobiti.	1
S kom? -Z očetom.	1
Umetnica? Kdo vas je naučil?	8
-Da, gospa?	2, 8
Ce si slucajno pozabil: ob 8.30h na položajih.	3
-Samo tri imam skupaj.	5
Še vec zabave in iger?	1
lmenitno, hvala.	5
To mi ni všec, Paul.	3
-Da, gospod.	8
-K vragu z njim.	1
Tako hitro po pristanišcu?	7
Ce kdo kaj vidi, bom poskrbel, da ne bo nicesar vec videl.	1, 2, 8
Obvešcajte me o nadaljnih porocilih.	2
-1 2 ladij, slepih kot noc.	7
-Nimamo izbire. Pocakajmo.	6
Pridobili bi cas, da priplujejo naše letalonosilke bližje.	2
-Hvala, admiral Broderick.	5
"Sem slišal ""porocnik fregate""?"	1, 2, 4, 8
Nam lahko pošljete nekaj crpalk?	2
Dvomim, da bo preiskovalno sodišce to razumelo.	6, 7
Cez pol leta bodo korajžni kapitani postajali admirali.	1
Gotovo je pomota. Bil je bister...	6, 7
-Prstana. Torbica.	7
Zakoni. -Prav, pa pivo.	4
Boš poskrbel, da mi pripravijo kovcke in jih pošljejo v prostore za samske castnike?	2, 8
Njena skrivnost je, da zasluži pol milijona cukov na leto in še vedno dobiva preživnino od mene, ki sem na tesnem.	1, 3, 6
V zadovoljstvo mi je, da so vsi njeni filmi zanic, odkar sem jih nehal pisati.	1, 3
V hiši na Moanalui imajo majckeno zabavo.	2
Kdaj vi obvešcevalci sploh pocnete tisto, kar bi morali?	1
Glavno je, da se sprostiš, decko.	5
Pozdravljeni. -Ti jo lahko ukradem?	5
Uživate, kapitan Torrey? -Ja.	1
Saj ni zares smešno. Nic niste podobni svojemu sinu.	7
-Upam že.	4
Ne zvenite pomirjujoce.	6
Pod lažno zastavo plujem, gdc. Haynes.	3, 6
Hvala, gdc. Haynes.	8
Maggie mi je ime. Ce bi želeli manj formalnosti.	8
Podporocnik Torrey, gospod.	4, 7
-Zelo dobro, gospod.	8
Kaj pocnete vi?	2
Zase pricakujem, da bom bližje dogajanju. Morda celo v boju.	2
ln Brodericku.	8
-Je pomembno?	2
-Od njega sem izvedel.	2, 5
Ta moški mi je všec.	2, 5
Dober dan, podporocnik.	2
Veseli bomo, ce bo tudi ona prišla poleg. Ali on.	5
-Zelo velikodušno od vas.	5, 7
-Odpirac je zlomljen.	6
Mogoce sem želela, da bi bil kot ocka.	7
Zelo prirocen nož imaš.	4
Nic vec ne boš povedal?	1, 3
Meni konjak. -Gdc.	5
Samo podporocnik sem bil.	6
Vecinoma sem se prevec skušal dokazati.	6
Cunliffi so imeli z menoj velike nacrte.	2
ln cedna si v soju svec.	5
-Raje ne.	1
-Kaj je narobe?	2, 4
To mi ni všec. Prav nic.  Od kdaj?	4
Me imaš za bedaka? -Kaj?	1, 7
Ne spadam za pisalno mizo. Nisem iz tega testa.  Pocutim se kot riba na suhem.	3, 6
S kateregakoli od otokov bi potem izpeljal napad na Levu-Vano.	4
-Zdravo, mornar.	5, 7, 8
Po telefonu nisi zgovoren, pa sem te pricakala v zasedi.	2
K bolnicarki Maggie Haynes bi rad.	2
-S pozdravi kapitana Torreyja.	5
Rekel vam bom Maggie. To mi je narocil Rock.	1, 3, 8
Otok bi se potopil.	1, 4
Tako je kot na bencinski crpalki. Gledam avtomobile, ki drvijo mimo.	3, 6
Uradni telegram boste dobili šele cez dan ali dva.	2
Vest sem prebral v jutranjem porocilu.	6
Saj ne bi. Razen ce je bil razocaran in jezen.	6
Gospoda, zdaj pa preidimo k bistvu tega vecera.	2
Ce bi vas povabil v pisarno, bi prihranil cas in alkohol, ampak potrebujemo malo slovesnosti.	2, 5
Cestitke, admiral Torrey. -Hvala, gospod.	5, 8
Naj uspeh pluje pod tvojo zastavo. -Na zdravje.	2, 5
ln admiral Broderick?	2
Vrnil se bom, puncka.	2, 8
-Da, gospod. Odgovorni za pomole in skladišca?	7
Ali pac? Nisem pricakoval povabila k admiralu.	7
Sem, gospod. -Lepo, da ste z nami.	5
No, porocnik, kako ste?	2, 5
-Seveda jih, gospod.	5
Se z bataljonom ponoci prebijemo cez?	2
-Pa imate zadolžitev!	2, 8
Še nekaj. Admiral Broderick nam pusti samo 1 0 letal.	4
ln ce vam en R4D odpove?	6
-Je že v redu. Cuj.	3
-Sestra!	4, 7
Bodo že še pouceni, kapitan.	2
Porocnik. Morda veste, od kod ima Broderick podrobnosti?	1
-Tocno. Vendar nismo v zaostanku.  Prehitevamo.	5
-Zakaj so se umaknili?	7
Nicesar? Mislim, da ti je kokosov oreh padel na usta.	7
Hoceš nazaj k torpednim colnom?	2
Pravocasno si prišel.	2
-Cestitke.	5
Vi ste najboljši castnik, kar bi jih imeli na samotnem otoku.	3
-Res mislimo. Brez heca.	2, 5, 7, 8
-Ni bilo vredno.	1
Že deset dni cakam na tvojo pocasno ladjo.	1
Ne takoj! Ne bi bilo pravicno.	4
Videvala se boš z Eddingtonom, ceprav si spet z Jerejem?	7
-Eddingtonu bom povedala za zaroko.	2
Zakaj ne zmotijo frekvence?	2
Daj mi oblacila, prosim.	1
-Saj je prava dama.	7, 8
Razložil vam bo nacrt operacije.	2
-Sedite.	1
-Ampak to še ni najhujše.	4
-Poskusimo lahko.	2
Pošlji sporocilo v Pearl.	8
-Živjo, ljubica.	5, 8
-Gotov je bilo zabavno.	2, 3, 5, 8
Mogoce te tokrat ne dobim nazaj.	6
Mac...	7
Pohiti.	1, 4, 7
-Kmalu se bo.	2
Moralo bi biti nekaj...	7
Srecno, Jere.	6
Caka nas pet soncnih dni.	2
-Je kaj narobe?	2
-Saj že grem.	2
-Že vec ur ga lovim.	1
Ponavljam, 1 2 rušilcev.	4
Ce se vam ta srcek približa, se pazite.	1, 2
To je silna vojaška moc.	4
Mogoce. Ampak Paulu ni šlo za odlikovanje.	6
Mogoce malo hrupnejša.	3
-Smo jih že oklestili.	1
Porocilo o izgubah?	6
V centrali te hocejo.	2, 7
lz rok nam uhaja.	7
ln to s krova ladje, ki poveljuje bojnim silam.	8
Torej, ste na počitnicah ali ...?	5, 7
Oh, saj res. V pubu sem ostal nezavesten po udarcu z puško.	1, 7
Kaj za ...	7
No, ni francoska, toda ...	4, 8
-Rekla sem ...	1
-Si v redu? -Jaz ...	2
-Oče? Da ...?	2, 4
Čakamo ...	2
Upam, da si vzela svoj Geritol ... Čas je namreč za ples!	2, 5
